algorithm,attack_type,dataset,seed,n_nodes,n_attackers,noise_mult,clip_bound,sampling_rate,split_mode,dirichlet_alpha,start_round,round,epsilon,accuracy,test_loss,f1_score,mean_update_norm_honest,mean_update_norm_attacker,best_alpha,precision,recall,eps_n_honest,eps_n_attacker,sigma_n_honest,sigma_n_attacker,noise_norm_honest,noise_norm_attacker,n_dp_norm_honest,n_dp_norm_attacker,krum_score_honest,krum_score_attacker,trust_honest,trust_attacker,nsr_honest,nsr_attacker,sigma_dp_honest,sigma_dp_attacker,eps_avg,eps_std,avg_trust,avg_sigma_dp_precap,avg_n_dp_norm_postcap,avg_nsr
noise-game,scale,fashion_mnist,42,500,0,1.1,1.0,0.05,iid,1.0,99999,0,1.9060445256894678,0.4569641880989075,1.972892572402954,0.0,0.5643462240695953,0.0,1000.0,0.0,0.0,0.06099342482206297,0.0,1.0,0.0,225.73837089538574,0.0,225.73837089538574,0.0,3.9553289264440536,0.0,1.0,0.0,955.1733451340266,0.0,1.0,0.0,0.06099342482206297,0.3354638365213463,1.0,1.0,7.223627868652343,30.565547044288852
noise-game,scale,fashion_mnist,42,500,0,1.1,1.0,0.05,iid,1.0,99999,1,1.9378840224915777,0.5710861849784851,1.706453774690628,0.0,0.5933926776051521,0.0,1000.0,0.0,0.0,0.1459564725443,0.0,1.0018501493992427,0.0,225.89354451497397,0.0,225.89354451497397,0.0,5.000458051760991,0.0,0.9901029045383135,0.0,1112.2875701678531,0.0,1.0018501493992427,0.0,0.1459564725443,0.5089329281466344,0.9901029045383135,1.0018501493992427,10.84289013671875,53.38980336805695
noise-game,scale,fashion_mnist,42,500,0,1.1,1.0,0.05,iid,1.0,99999,2,2.0176431020075927,0.6212599838972092,1.4822189631462097,0.0,0.5910481832645558,0.0,1000.0,0.0,0.0,0.24769458753344856,0.0,0.986001749973458,0.0,222.47795500578704,0.0,222.47795500578704,0.0,5.553180173591331,0.0,0.9980953379913613,0.0,1183.6808180340452,0.0,0.986001749973458,0.0,0.24769458753344856,0.646545843679322,0.9980953379913613,0.986001749973458,12.0138095703125,63.91876417383844
noise-game,scale,fashion_mnist,42,500,0,1.1,1.0,0.05,iid,1.0,99999,3,2.0792638247643356,0.6504721840620041,1.306147017478943,0.0,0.5861894573484149,0.0,1000.0,0.0,0.0,0.35126376282777455,0.0,0.9785529538479653,0.0,220.8312530517578,0.0,220.8312530517578,0.0,6.178842093263354,0.0,0.9976776838302612,0.0,1334.537611275736,0.0,0.9785529538479653,0.0,0.35126376282777455,0.7498648024461151,0.9976776838302612,0.9785529538479653,12.366550170898437,74.7341062314412
noise-game,scale,fashion_mnist,42,500,0,1.1,1.0,0.05,iid,1.0,99999,4,2.1345694464730713,0.6732275829315185,1.1764477849006654,0.0,0.5648634594220382,0.0,1000.0,0.0,0.0,0.45227996121530384,0.0,0.9695968079281927,0.0,218.57008655254657,0.0,218.57008655254657,0.0,4.973121175399194,0.0,0.9988743227261764,0.0,1528.2732370723866,0.0,0.9695968079281927,0.0,0.45227996121530384,0.827790298231523,0.9988743227261764,0.9695968079281927,11.365644500732422,79.4702083277641
noise-game,scale,fashion_mnist,42,500,0,1.1,1.0,0.05,iid,1.0,99999,5,2.1775577375518402,0.6901669821739197,1.0823639149665834,0.0,0.7021508246660233,0.0,1000.0,0.0,0.0,0.5108707726740811,0.0,0.9811065841508524,0.0,221.4157455444336,0.0,221.4157455444336,0.0,5.735599681735039,0.0,0.9788536965847016,0.0,1807.3966436525213,0.0,0.9811065841508524,0.0,0.5108707726740811,0.8668326370910233,0.9788536965847016,0.9811065841508524,8.856629821777343,72.29586574610087
noise-game,scale,fashion_mnist,42,500,0,1.1,1.0,0.05,iid,1.0,99999,6,2.1775577375518402,0.7020625820159913,1.0119729270935058,0.0,0.6455705653537404,0.0,1000.0,0.0,0.0,0.5824836595341915,0.0,0.9813547614052958,0.0,221.38589546897194,0.0,221.38589546897194,0.0,4.889797763390974,0.0,0.9703913818706166,0.0,2070.7636259668498,0.0,0.9813547614052958,0.0,0.5824836595341915,0.9076654980505561,0.9703913818706166,0.9813547614052958,9.740979400634766,91.11359954254137
noise-game,scale,fashion_mnist,42,500,0,1.1,1.0,0.05,iid,1.0,99999,7,2.295531054098689,0.7103291813135147,0.9580450534820557,0.0,0.632103091683881,0.0,1000.0,0.0,0.0,0.6776869243718192,0.0,0.9711646203492601,0.0,218.832384306809,0.0,218.832384306809,0.0,6.591854358541554,0.0,0.9728985469916771,0.0,2313.6032672443916,0.0,0.9711646203492601,0.0,0.6776869243718192,0.9538472933629821,0.9728985469916771,0.9711646203492601,12.692278289794922,134.18898950017467
noise-game,scale,fashion_mnist,42,500,0,1.1,1.0,0.05,iid,1.0,99999,8,2.3248695475584813,0.7168471825122833,0.9151088719367981,0.0,0.7080500886358064,0.0,1000.0,0.0,0.0,0.7499583319679913,0.0,1.004871394556803,0.0,226.6035445640827,0.0,226.6035445640827,0.0,8.089949673619763,0.0,0.9287142445301187,0.0,2630.4923616085025,0.0,1.004871394556803,0.0,0.7499583319679913,0.9846650910593209,0.9287142445301187,1.004871394556803,13.143005584716796,152.5685569732932
noise-game,scale,fashion_mnist,42,500,0,1.1,1.0,0.05,iid,1.0,99999,9,2.4025478686274617,0.7227697815895081,0.8799271005392074,0.0,0.687507324748569,0.0,1000.0,0.0,0.0,0.818178790092553,0.0,1.0152123549880143,0.0,229.14311670373988,0.0,229.14311670373988,0.0,6.070409668816461,0.0,0.908996617352521,0.0,2893.192198152268,0.0,1.0152123549880143,0.0,0.818178790092553,1.0086806487803042,0.908996617352521,1.0152123549880143,12.373728302001954,156.23237870022248
noise-game,scale,fashion_mnist,42,500,0,1.1,1.0,0.05,iid,1.0,99999,10,2.4025478686274617,0.7274733814001083,0.8508247346878052,0.0,0.7372363267406341,0.0,1000.0,0.0,0.0,0.9065187280302014,0.0,0.986346761192069,0.0,222.47345955141128,0.0,222.47345955141128,0.0,8.663158570566486,0.0,0.9315033093575509,0.0,3039.9564873586314,0.0,0.986346761192069,0.0,0.9065187280302014,1.0343214281851,0.9315033093575509,0.986346761192069,13.7933544921875,188.4773022162351
noise-game,scale,fashion_mnist,42,500,0,1.1,1.0,0.05,iid,1.0,99999,11,2.4025478686274617,0.7320319821834564,0.8258392132520675,0.0,0.789431776603063,0.0,1000.0,0.0,0.0,0.978890512665413,0.0,0.9934300287979055,0.0,224.07739919026693,0.0,224.07739919026693,0.0,9.224073537190755,0.0,0.915186208486557,0.0,3258.862620307697,0.0,0.9934300287979055,0.0,0.978890512665413,1.052230391439521,0.915186208486557,0.9934300287979055,13.444643951416015,195.53175721846182
noise-game,scale,fashion_mnist,42,500,0,1.1,1.0,0.05,iid,1.0,99999,12,2.4081845454057658,0.7360657809972763,0.8045908411741257,0.0,0.7811004489660263,0.0,1000.0,0.0,0.0,1.047828592147373,0.0,1.011357339074535,0.0,228.13009440104167,0.0,228.13009440104167,0.0,10.241475407282511,0.0,0.8867392420768738,0.0,3517.1294932140395,0.0,1.011357339074535,0.0,1.047828592147373,1.065880051026544,0.8867392420768738,1.011357339074535,13.6878056640625,211.0277695928424
noise-game,scale,fashion_mnist,42,500,0,1.1,1.0,0.05,iid,1.0,99999,13,2.4081845454057658,0.7399951804876328,0.7858411176204682,0.0,0.7660071408307111,0.0,1000.0,0.0,0.0,1.0975275129366395,0.0,1.031733717249777,0.0,232.85870813440394,0.0,232.85870813440394,0.0,7.490206594820376,0.0,0.8551877979879026,0.0,3759.737171513232,0.0,1.031733717249777,0.0,1.0975275129366395,1.0734284791396187,0.8551877979879026,1.031733717249777,12.574370239257812,203.02580726171453
noise-game,scale,fashion_mnist,42,500,0,1.1,1.0,0.05,iid,1.0,99999,14,2.4081845454057658,0.7433705810308456,0.7695308446884155,0.0,0.7720391286744012,0.0,1000.0,0.0,0.0,1.15210450358065,0.0,0.9544930904112936,0.0,215.4171659681532,0.0,215.4171659681532,0.0,4.787590861320496,0.0,0.9323872029781342,0.0,3719.7245396565468,0.0,0.9544930904112936,0.0,1.15210450358065,1.0788443268549037,0.9323872029781342,0.9544930904112936,7.755017974853516,133.91008342763567
noise-game,scale,fashion_mnist,42,500,0,1.1,1.0,0.05,iid,1.0,99999,15,2.428210224755968,0.746078981757164,0.7555846638679504,0.0,0.8390619262405064,0.0,1000.0,0.0,0.0,1.1977171166895881,0.0,1.0076595141215796,0.0,227.29287719726562,0.0,227.29287719726562,0.0,7.205713655637658,0.0,0.8638670703639155,0.0,4058.2913816155215,0.0,1.0076595141215796,0.0,1.1977171166895881,1.0822150068649663,0.8638670703639155,1.0076595141215796,10.455472351074219,186.681403554314
noise-game,scale,fashion_mnist,42,500,0,1.1,1.0,0.05,iid,1.0,99999,16,2.4517629332260946,0.7489197814464569,0.742919524550438,0.0,0.9851004406809807,0.0,1000.0,0.0,0.0,1.2264283416223134,0.0,1.0015004537470305,0.0,225.7511666615804,0.0,225.7511666615804,0.0,11.786300857861837,0.0,0.8617416520913442,0.0,4188.627406504108,0.0,1.0015004537470305,0.0,1.2264283416223134,1.0862104551366056,0.8617416520913442,1.0015004537470305,10.836055999755859,201.0541155121972
noise-game,scale,fashion_mnist,42,500,0,1.1,1.0,0.05,iid,1.0,99999,17,2.478290074703557,0.7517225816249847,0.7310722409486771,0.0,0.765665972774679,0.0,1000.0,0.0,0.0,1.2775599492527485,0.0,0.9893955076251948,0.0,223.09701052579013,0.0,223.09701052579013,0.0,5.862533628940582,0.0,0.8664674813097174,0.0,4271.239758741376,0.0,0.9893955076251948,0.0,1.2775599492527485,1.0870725440548714,0.8664674813097174,0.9893955076251948,9.816268463134765,187.9345493846205
noise-game,scale,fashion_mnist,42,500,0,1.1,1.0,0.05,iid,1.0,99999,18,2.5079486589668023,0.7540277820825577,0.7212024527788162,0.0,0.855461589668108,0.0,1000.0,0.0,0.0,1.3197593951550175,0.0,1.0051915204898645,0.0,226.63969222359034,0.0,226.63969222359034,0.0,7.972658343937086,0.0,0.8391202869622604,0.0,4558.252263723429,0.0,1.0051915204898645,0.0,1.3197593951550175,1.0871552076951174,0.8391202869622604,1.0051915204898645,10.425425842285156,209.67960413127778
noise-game,scale,fashion_mnist,42,500,0,1.1,1.0,0.05,iid,1.0,99999,19,2.540847004632836,0.7562843800783158,0.7115962172746658,0.0,0.829867807301608,0.0,1000.0,0.0,0.0,1.3716986967900964,0.0,0.9792144115148086,0.0,220.8548029119318,0.0,220.8548029119318,0.0,7.6059252999045635,0.0,0.8600375191731886,0.0,4564.720156938004,0.0,0.9792144115148086,0.0,1.3716986967900964,1.0846190964043192,0.8600375191731886,0.9792144115148086,9.717611328125,200.84768690527218
noise-game,scale,fashion_mnist,42,500,0,1.1,1.0,0.05,iid,1.0,99999,20,2.583007623166657,0.7583843804597855,0.7032167482376098,0.0,0.7119106916444642,0.0,1000.0,0.0,0.0,1.4305775303349042,0.0,0.9811919699196928,0.0,221.26669420514787,0.0,221.26669420514787,0.0,6.678879840033395,0.0,0.848560556769371,0.0,4681.440311945001,0.0,0.9811919699196928,0.0,1.4305775303349042,1.0804052382808265,0.848560556769371,0.9811919699196928,12.39093487548828,262.16065746892
noise-game,scale,fashion_mnist,42,500,0,1.1,1.0,0.05,iid,1.0,99999,21,2.61651991113298,0.7603281798362732,0.6954502457380295,0.0,0.7552209865479242,0.0,1000.0,0.0,0.0,1.4636914541285568,0.0,1.0244906142821153,0.0,231.10824875604538,0.0,231.10824875604538,0.0,5.135788486117408,0.0,0.7880925451006208,0.0,5057.90848143153,0.0,1.0244906142821153,0.0,1.4636914541285568,1.0775833234857004,0.7880925451006208,1.0244906142821153,9.706546447753906,212.4321562201243
noise-game,scale,fashion_mnist,42,500,0,1.1,1.0,0.05,iid,1.0,99999,22,2.65923430233491,0.7621955817937851,0.6881203227043152,0.0,0.9340436517127922,0.0,1000.0,0.0,0.0,1.4985814605397008,0.0,1.0261642742156831,0.0,231.34480013166154,0.0,231.34480013166154,0.0,9.559684719358172,0.0,0.7763626649975777,0.0,5083.41018090879,0.0,1.0261642742156831,0.0,1.4985814605397008,1.0752427567136167,0.7763626649975777,1.0261642742156831,12.955308807373047,284.6709701308922
noise-game,scale,fashion_mnist,42,500,0,1.1,1.0,0.05,iid,1.0,99999,23,2.705078380872678,0.7638923819065094,0.681723879814148,0.0,0.845611416158222,0.0,1000.0,0.0,0.0,1.5493689815174847,0.0,0.9605574652887752,0.0,216.55543663388207,0.0,216.55543663388207,0.0,5.98427034559704,0.0,0.8453947277296157,0.0,4971.823132627381,0.0,0.9605574652887752,0.0,1.5493689815174847,1.0688637529045464,0.8453947277296157,0.9605574652887752,9.095328338623046,208.81657157035
noise-game,scale,fashion_mnist,42,500,0,1.1,1.0,0.05,iid,1.0,99999,24,2.7539126969650387,0.7656321797370911,0.6754289693832397,0.0,0.849048750847578,0.0,1000.0,0.0,0.0,1.5844467670738085,0.0,0.9949060906865856,0.0,224.74352264404297,0.0,224.74352264404297,0.0,4.728235292434692,0.0,0.7945016227662564,0.0,5297.258810550232,0.0,0.9949060906865856,0.0,1.5844467670738085,1.0643724944353756,0.7945016227662564,0.9949060906865856,8.98974090576172,211.89035242200927
noise-game,scale,fashion_mnist,42,500,0,1.1,1.0,0.05,iid,1.0,99999,25,2.805573360266809,0.7670195809602738,0.670046935915947,0.0,0.6761012924344916,0.0,1000.0,0.0,0.0,1.6359735904500994,0.0,0.933554809756405,0.0,210.49536614668997,0.0,210.49536614668997,0.0,4.175906206432142,0.0,0.8597535804698342,0.0,4893.23291473721,0.0,0.933554809756405,0.0,1.6359735904500994,1.0552753835339734,0.8597535804698342,0.933554809756405,7.998823913574219,185.942850760014
noise-game,scale,fashion_mnist,42,500,0,1.1,1.0,0.05,iid,1.0,99999,26,2.8598836781838877,0.7683413808345795,0.66465929043293,0.0,0.7618545944040472,0.0,1000.0,0.0,0.0,1.6714754178619897,0.0,1.0329941809840206,0.0,233.35828746448863,0.0,233.35828746448863,0.0,4.997790033167059,0.0,0.7281639603051272,0.0,5562.44626379489,0.0,1.0329941809840206,0.0,1.6714754178619897,1.0486089300781063,0.7281639603051272,1.0329941809840206,10.2677646484375,244.74763560697514
noise-game,scale,fashion_mnist,42,500,0,1.1,1.0,0.05,iid,1.0,99999,27,2.9166645221071055,0.7698179794549942,0.6597962906360626,0.0,0.842586719072782,0.0,1000.0,0.0,0.0,1.7149311685767663,0.0,0.9828126990226649,0.0,221.76917736346905,0.0,221.76917736346905,0.0,10.456383608854734,0.0,0.7802288211308993,0.0,5581.068361498915,0.0,0.9828126990226649,0.0,1.7149311685767663,1.0408811512493403,0.7802288211308993,0.9828126990226649,11.53199722290039,290.2155547979436
noise-game,scale,fashion_mnist,42,500,0,1.1,1.0,0.05,iid,1.0,99999,28,2.975742680111634,0.7711825801134109,0.6551381256580353,0.0,0.7417876201647299,0.0,1000.0,0.0,0.0,1.75862067802813,0.0,0.9847053328918468,0.0,222.21466629593462,0.0,222.21466629593462,0.0,6.735652093534116,0.0,0.7680636953424524,0.0,5648.373342448937,0.0,0.9847053328918468,0.0,1.75862067802813,1.0321999499833434,0.7680636953424524,0.9847053328918468,11.999591979980469,305.01216049224263
noise-game,scale,fashion_mnist,42,500,0,1.1,1.0,0.05,iid,1.0,99999,29,3.109295150109345,0.7723535811901092,0.6507441411018372,0.0,0.7252802948156992,0.0,1000.0,0.0,0.0,1.7862200091630307,0.0,0.9770347301279271,0.0,220.21710132417223,0.0,220.21710132417223,0.0,4.692311400458927,0.0,0.7678422260852087,0.0,5570.821134922249,0.0,0.9770347301279271,0.0,1.7862200091630307,1.0289418129383046,0.7678422260852087,0.9770347301279271,9.249118255615235,233.9744876667345
noise-game,scale,fashion_mnist,42,500,0,1.1,1.0,0.05,iid,1.0,99999,30,3.109295150109345,0.7735061798095703,0.6467461448907852,0.0,0.8909994526766241,0.0,1000.0,0.0,0.0,1.8294949229570756,0.0,0.9920397559633474,0.0,223.88422060012817,0.0,223.88422060012817,0.0,10.413794487714767,0.0,0.7388703031465411,0.0,5794.351731392182,0.0,0.9920397559633474,0.0,1.8294949229570756,1.0229181809844492,0.7388703031465411,0.9920397559633474,14.328590118408203,370.83851080909966
noise-game,scale,fashion_mnist,42,500,0,1.1,1.0,0.05,iid,1.0,99999,31,3.1652297784304424,0.7746173796653748,0.6429365321397781,0.0,1.0121430969900556,0.0,1000.0,0.0,0.0,1.8455713854658649,0.0,0.9778489211608146,0.0,220.60281372070312,0.0,220.60281372070312,0.0,8.79840318361918,0.0,0.7469257877932655,0.0,5737.306119847779,0.0,0.9778489211608146,0.0,1.8455713854658649,1.0214493925017516,0.7469257877932655,0.9778489211608146,7.941701293945313,206.54302031452005
noise-game,scale,fashion_mnist,42,500,0,1.1,1.0,0.05,iid,1.0,99999,32,3.2320514254157566,0.7755083810091019,0.6395777634382248,0.0,0.9153864737600088,0.0,1000.0,0.0,0.0,1.8961234622432093,0.0,0.9475363957642934,0.0,213.70293172200522,0.0,213.70293172200522,0.0,8.605908726652464,0.0,0.7760172759493192,0.0,5780.5888969818325,0.0,0.9475363957642934,0.0,1.8961234622432093,1.0124923033712208,0.7760172759493192,0.9475363957642934,10.25774072265625,277.46826705512797
noise-game,scale,fashion_mnist,42,500,0,1.1,1.0,0.05,iid,1.0,99999,33,3.2870351876750656,0.7766411821842194,0.6361451790332794,0.0,0.9349076843261719,0.0,1000.0,0.0,0.0,1.9323494637024874,0.0,0.9664176379820515,0.0,217.90882202148438,0.0,217.90882202148438,0.0,8.663629474639892,0.0,0.7416003441810608,0.0,5681.734248181521,0.0,0.9664176379820515,0.0,1.9323494637024874,1.005773764339427,0.7416003441810608,0.9664176379820515,10.89544110107422,284.0867124090761
noise-game,scale,fashion_mnist,42,500,0,1.1,1.0,0.05,iid,1.0,99999,34,3.309881583599814,0.7774995800256729,0.633062779545784,0.0,0.9315442674254116,0.0,1000.0,0.0,0.0,1.9778835289107701,0.0,0.9868197596429895,0.0,222.60343370939555,0.0,222.60343370939555,0.0,14.891545546682257,0.0,0.7047132108556596,0.0,6096.826494451956,0.0,0.9868197596429895,0.0,1.9778835289107701,0.9963475517777358,0.7047132108556596,0.9868197596429895,16.917860961914062,463.35881357834865
noise-game,scale,fashion_mnist,42,500,0,1.1,1.0,0.05,iid,1.0,99999,35,3.335308650633853,0.7782887806892395,0.6301192165613174,0.0,0.9570400259074043,0.0,1000.0,0.0,0.0,2.001370318013089,0.0,0.978521186411051,0.0,220.80325317382812,0.0,220.80325317382812,0.0,6.01873919543098,0.0,0.70528944625574,0.0,5816.9105498955905,0.0,0.978521186411051,0.0,2.001370318013089,0.9912390401826298,0.70528944625574,0.978521186411051,7.507310607910156,197.77495869645008
noise-game,scale,fashion_mnist,42,500,0,1.1,1.0,0.05,iid,1.0,99999,36,3.3634836398847234,0.7788955795764924,0.627453337430954,0.0,0.7908219695091248,0.0,1000.0,0.0,0.0,2.046005891748128,0.0,0.9595281428136274,0.0,216.49780919001654,0.0,216.49780919001654,0.0,8.663605955930857,0.0,0.7202223310103784,0.0,6056.975161166873,0.0,0.9595281428136274,0.0,2.046005891748128,0.9791725947721591,0.7202223310103784,0.9595281428136274,11.25788607788086,314.9627083806773
noise-game,scale,fashion_mnist,42,500,0,1.1,1.0,0.05,iid,1.0,99999,37,3.3945518422428416,0.7798937801122665,0.6249223115444184,0.0,0.9144005864858628,0.0,1000.0,0.0,0.0,2.0846607870101117,0.0,0.929506545451642,0.0,209.73197250366212,0.0,209.73197250366212,0.0,7.489874005317688,0.0,0.7503061890602112,0.0,5989.265477469408,0.0,0.929506545451642,0.0,2.0846607870101117,0.9682112584630871,0.7503061890602112,0.929506545451642,8.389278900146484,239.57061909877635
noise-game,scale,fashion_mnist,42,500,0,1.1,1.0,0.05,iid,1.0,99999,38,3.4286304979433204,0.7805435814857483,0.6224497706890106,0.0,0.9464846019809311,0.0,1000.0,0.0,0.0,2.1050914714599904,0.0,1.012843351480234,0.0,228.75587257179055,0.0,228.75587257179055,0.0,14.608795836165145,0.0,0.6273247470726838,0.0,6408.745334969681,0.0,1.012843351480234,0.0,2.1050914714599904,0.9658860796468145,0.6273247470726838,1.012843351480234,16.9279345703125,474.24715478775636
noise-game,scale,fashion_mnist,42,500,0,1.1,1.0,0.05,iid,1.0,99999,39,3.4658038977209533,0.7813247804641723,0.6198345377445221,0.0,0.7471044381027636,0.0,1000.0,0.0,0.0,2.1293278572593506,0.0,1.0140961820555747,0.0,228.9060867972996,0.0,228.9060867972996,0.0,5.326470691224803,0.0,0.6145877417014993,0.0,6497.918939439118,0.0,1.0140961820555747,0.0,2.1293278572593506,0.958907666039083,0.6145877417014993,1.0140961820555747,10.529679992675781,298.90427121419947
noise-game,scale,fashion_mnist,42,500,0,1.1,1.0,0.05,iid,1.0,99999,40,3.5061202247651524,0.7819761792421341,0.6178440440893174,0.0,0.9905325482288997,0.0,1000.0,0.0,0.0,2.1580340720394724,0.0,0.9561124960255606,0.0,215.74993438720702,0.0,215.74993438720702,0.0,12.382599361737569,0.0,0.6833109358946482,0.0,6333.575576226616,0.0,0.9561124960255606,0.0,2.1580340720394724,0.9531356353884348,0.6833109358946482,0.9561124960255606,12.944996063232422,380.014534573597
noise-game,scale,fashion_mnist,42,500,0,1.1,1.0,0.05,iid,1.0,99999,41,3.549590509425555,0.7827211810350418,0.6156396909952163,0.0,1.0071691371299125,0.0,1000.0,0.0,0.0,2.195655958129175,0.0,0.9636710808110776,0.0,217.59881715516786,0.0,217.59881715516786,0.0,17.18771653561979,0.0,0.662242432703843,0.0,6091.511965613739,0.0,0.9636710808110776,0.0,2.195655958129175,0.9448035660373867,0.662242432703843,0.9636710808110776,16.10231246948242,450.77188545541674
noise-game,scale,fashion_mnist,42,500,0,1.1,1.0,0.05,iid,1.0,99999,42,3.596189817008292,0.7831239814758301,0.6138456166982651,0.0,0.652670989865842,0.0,1000.0,0.0,0.0,2.229673156560526,0.0,0.9902565785640872,0.0,223.2424827243971,0.0,223.2424827243971,0.0,3.848189654557601,0.0,0.6142953250395216,0.0,6208.149288288721,0.0,0.9902565785640872,0.0,2.229673156560526,0.9335329786621152,0.6142953250395216,0.9902565785640872,10.269154205322266,285.57486726128116
noise-game,scale,fashion_mnist,42,500,0,1.1,1.0,0.05,iid,1.0,99999,43,3.6458605126423596,0.7839417793750763,0.611726245045662,0.0,0.9722483620561403,0.0,1000.0,0.0,0.0,2.266956018561386,0.0,0.9283959019800616,0.0,209.6005517367659,0.0,209.6005517367659,0.0,11.593804655403927,0.0,0.6904245753740442,0.0,5915.159147478818,0.0,0.9283959019800616,0.0,2.266956018561386,0.923393777301778,0.6904245753740442,0.9283959019800616,12.156832000732422,343.0792305537716
noise-game,scale,fashion_mnist,42,500,0,1.1,1.0,0.05,iid,1.0,99999,44,3.6985172032984486,0.7843599808216095,0.6100607516765595,0.0,0.9016204042868181,0.0,1000.0,0.0,0.0,2.3169277537399733,0.0,0.9337330375396842,0.0,210.58737829959753,0.0,210.58737829959753,0.0,12.380453109741211,0.0,0.6723170350446845,0.0,6140.735448082378,0.0,0.9337330375396842,0.0,2.3169277537399733,0.9035804371684495,0.6723170350446845,0.9337330375396842,13.898766967773437,405.28853957343694
noise-game,scale,fashion_mnist,42,500,0,1.1,1.0,0.05,iid,1.0,99999,45,3.7081924919016807,0.7848813811540604,0.608404366850853,0.0,0.8803564221770676,0.0,1000.0,0.0,0.0,2.320430243235385,0.0,1.0263329634825806,0.0,231.56612820095486,0.0,231.56612820095486,0.0,9.32007446112456,0.0,0.5289267743075335,0.0,6685.591761179596,0.0,1.0263329634825806,0.0,2.320430243235385,0.9042324471358094,0.5289267743075335,1.0263329634825806,12.504570922851563,361.0219551036982
noise-game,scale,fashion_mnist,42,500,0,1.1,1.0,0.05,iid,1.0,99999,46,3.8123450255896953,0.785650179862976,0.6065087649822235,0.0,1.009432758155622,0.0,1000.0,0.0,0.0,2.3362687652394025,0.0,0.9481655202495191,0.0,213.91209331311677,0.0,213.91209331311677,0.0,7.480045632312172,0.0,0.6300505964379561,0.0,6451.937064417104,0.0,0.9481655202495191,0.0,2.3362687652394025,0.903836051354319,0.6300505964379561,0.9481655202495191,8.128659545898438,245.17360844784994
noise-game,scale,fashion_mnist,42,500,0,1.1,1.0,0.05,iid,1.0,99999,47,3.873262932880725,0.7859277803897857,0.6052770087718964,0.0,1.1501751379533247,0.0,1000.0,0.0,0.0,2.3806599607302625,0.0,0.9037277973170827,0.0,203.9530214251894,0.0,203.9530214251894,0.0,18.643401810617156,0.0,0.683768239888278,0.0,6244.333976501106,0.0,0.9037277973170827,0.0,2.3806599607302625,0.8938742526384253,0.683768239888278,0.9037277973170827,13.4608994140625,412.12604244907294
noise-game,scale,fashion_mnist,42,500,0,1.1,1.0,0.05,iid,1.0,99999,48,3.873262932880725,0.786512981057167,0.6037603163719177,0.0,1.1227248296141625,0.0,1000.0,0.0,0.0,2.389300687075673,0.0,0.9293712324440666,0.0,209.79796676635743,0.0,209.79796676635743,0.0,9.753712725639343,0.0,0.635547861456871,0.0,6541.477390123524,0.0,0.9293712324440666,0.0,2.389300687075673,0.8968063524974841,0.635547861456871,0.9293712324440666,8.391918670654297,261.65909560494094
noise-game,scale,fashion_mnist,42,500,0,1.1,1.0,0.05,iid,1.0,99999,49,4.002442722571478,0.7868485796451569,0.6024984428882599,0.0,1.1880814880132675,0.0,1000.0,0.0,0.0,2.4035993512337974,0.0,0.9153358064562103,0.0,206.4547417380593,0.0,206.4547417380593,0.0,12.647816809740933,0.0,0.6453600214286284,0.0,6373.869947796223,0.0,0.9153358064562103,0.0,2.4035993512337974,0.8961464930919192,0.6453600214286284,0.9153358064562103,9.084008636474609,280.4502777030338
noise-game,scale,fashion_mnist,42,500,0,1.1,1.0,0.05,iid,1.0,99999,50,4.070447429980684,0.78717877972126,0.6013192900419235,0.0,1.0809818255901336,0.0,1000.0,0.0,0.0,2.4409769249875435,0.0,0.894329360884462,0.0,201.71509460449218,0.0,201.71509460449218,0.0,11.610011005401612,0.0,0.6658173716068267,0.0,6306.9923380186665,0.0,0.894329360884462,0.0,2.4409769249875435,0.8903341364307561,0.6658173716068267,0.894329360884462,10.08575473022461,315.3496169009333
noise-game,scale,fashion_mnist,42,500,0,1.1,1.0,0.05,iid,1.0,99999,51,4.140570287900334,0.7876197806596756,0.6000762783288955,0.0,1.1778208748860792,0.0,1000.0,0.0,0.0,2.4676799507522746,0.0,0.898551363939956,0.0,202.41328985040838,0.0,202.41328985040838,0.0,11.45978086644953,0.0,0.6487520242279227,0.0,6165.563911381519,0.0,0.898551363939956,0.0,2.4676799507522746,0.885337483311404,0.6487520242279227,0.898551363939956,8.90618475341797,271.28481210078684
noise-game,scale,fashion_mnist,42,500,0,1.1,1.0,0.05,iid,1.0,99999,52,4.212705617951665,0.7879667799472809,0.599122907280922,0.0,1.083852150610515,0.0,1000.0,0.0,0.0,2.499415901065044,0.0,0.8957376971649955,0.0,202.1612316313244,0.0,202.1612316313244,0.0,9.944732461656843,0.0,0.6421638826529185,0.0,6171.406830412748,0.0,0.8957376971649955,0.0,2.499415901065044,0.8767452778026329,0.6421638826529185,0.8957376971649955,8.490771728515625,259.19908687733545
noise-game,scale,fashion_mnist,42,500,0,1.1,1.0,0.05,iid,1.0,99999,53,4.286759633999154,0.7884105803966522,0.5978229676485062,0.0,0.8151317618109963,0.0,1000.0,0.0,0.0,2.5151207910883753,0.0,0.928307011860231,0.0,209.43450997092506,0.0,209.43450997092506,0.0,6.645191030068831,0.0,0.5814897079359401,0.0,6593.789176917786,0.0,0.928307011860231,0.0,2.5151207910883753,0.8748457342906757,0.5814897079359401,0.928307011860231,9.215118438720703,290.12672378438265
noise-game,scale,fashion_mnist,42,500,0,1.1,1.0,0.05,iid,1.0,99999,54,4.286759633999154,0.7887133800983429,0.5969945403337479,0.0,1.1242450047284365,0.0,1000.0,0.0,0.0,2.5257167530148927,0.0,0.9309354710702555,0.0,209.9727087020874,0.0,209.9727087020874,0.0,17.886077910661697,0.0,0.5660474039614201,0.0,6348.530981670691,0.0,0.9309354710702555,0.0,2.5257167530148927,0.8761597842857588,0.5660474039614201,0.9309354710702555,13.438253356933593,406.30598282692426
noise-game,scale,fashion_mnist,42,500,0,1.1,1.0,0.05,iid,1.0,99999,55,4.286759633999154,0.7887581790685654,0.5962573972940445,0.0,1.0441323010360493,0.0,1000.0,0.0,0.0,2.532922790537801,0.0,0.9262502128326355,0.0,208.96371011173025,0.0,208.96371011173025,0.0,7.864893429419574,0.0,0.5618046083871056,0.0,6867.166011301653,0.0,0.9262502128326355,0.0,2.532922790537801,0.8760036351244482,0.5618046083871056,0.9262502128326355,7.1047661437988285,233.48364438425622
noise-game,scale,fashion_mnist,42,500,0,1.1,1.0,0.05,iid,1.0,99999,56,4.519677752526062,0.789592381477356,0.5944542316198349,0.0,0.7736763038805553,0.0,1000.0,0.0,0.0,2.546044970478304,0.0,0.9081739496687644,0.0,204.9685341971261,0.0,204.9685341971261,0.0,3.278193405696324,0.0,0.5785454820309367,0.0,6637.202489215919,0.0,0.9081739496687644,0.0,2.546044970478304,0.8735472220146367,0.5785454820309367,0.9081739496687644,5.739118957519532,185.84166969804576
noise-game,scale,fashion_mnist,42,500,0,1.1,1.0,0.05,iid,1.0,99999,57,4.667268779941936,0.7896851798295975,0.5940207771062851,0.0,0.8243397303989956,0.0,1000.0,0.0,0.0,2.6097830213966624,0.0,0.8362556778612183,0.0,188.81208147321428,0.0,188.81208147321428,0.0,8.275542965957097,0.0,0.6805973159415382,0.0,5978.989315278928,0.0,0.8362556778612183,0.0,2.6097830213966624,0.8597342845682137,0.6805973159415382,0.8362556778612183,10.5734765625,334.82340165562
noise-game,scale,fashion_mnist,42,500,0,1.1,1.0,0.05,iid,1.0,99999,58,4.683362926011152,0.7901297805309295,0.5931114101409912,0.0,1.017956976313144,0.0,1000.0,0.0,0.0,2.6485334217045473,0.0,0.8706641607507837,0.0,196.38478326797485,0.0,196.38478326797485,0.0,14.330282986164093,0.0,0.6152757192030549,0.0,6425.031725742889,0.0,0.8706641607507837,0.0,2.6485334217045473,0.8581655356008238,0.6152757192030549,0.8706641607507837,12.56862612915039,411.20203044754487
noise-game,scale,fashion_mnist,42,500,0,1.1,1.0,0.05,iid,1.0,99999,59,4.767613229501504,0.7903477795124054,0.5922380330562591,0.0,0.771018747402274,0.0,1000.0,0.0,0.0,2.6728229762539395,0.0,0.9590577399042034,0.0,216.38744188391644,0.0,216.38744188391644,0.0,4.369752230851547,0.0,0.4624411405428596,0.0,6897.0804754952005,0.0,0.9590577399042034,0.0,2.6728229762539395,0.8522320256579565,0.4624411405428596,0.9590577399042034,9.953822326660156,317.2657018727792
noise-game,scale,fashion_mnist,42,500,0,1.1,1.0,0.05,iid,1.0,99999,60,4.767613229501504,0.7905273804664612,0.5919487317800521,0.0,0.8446843451044211,0.0,1000.0,0.0,0.0,2.679541609785758,0.0,0.9699840885021663,0.0,219.14686711629233,0.0,219.14686711629233,0.0,7.576691349347432,0.0,0.4324335440372427,0.0,6697.676214729739,0.0,0.9699840885021663,0.0,2.679541609785758,0.8520048472171926,0.4324335440372427,0.9699840885021663,10.519049621582031,321.4884583070275
noise-game,scale,fashion_mnist,42,500,0,1.1,1.0,0.05,iid,1.0,99999,61,4.940822386719835,0.7905513800382614,0.591605231642723,0.0,1.0680535561763322,0.0,1000.0,0.0,0.0,2.71370249728661,0.0,0.8577215058746442,0.0,193.3733896108774,0.0,193.3733896108774,0.0,12.914248338112465,0.0,0.6027246209291311,0.0,6283.269465499896,0.0,0.8577215058746442,0.0,2.71370249728661,0.8481513451750777,0.6027246209291311,0.8577215058746442,10.055416259765625,326.7300122059946
noise-game,scale,fashion_mnist,42,500,0,1.1,1.0,0.05,iid,1.0,99999,62,5.134347740004625,0.7911009798049927,0.5905215677022934,0.0,1.019988911656233,0.0,1000.0,0.0,0.0,2.750356601418978,0.0,0.8476030428967667,0.0,191.14095775897687,0.0,191.14095775897687,0.0,11.66144372866704,0.0,0.6081175139317145,0.0,6201.764696548233,0.0,0.8476030428967667,0.0,2.750356601418978,0.849040674191238,0.6081175139317145,0.8476030428967667,9.939329803466796,322.4917642205082
noise-game,scale,fashion_mnist,42,500,0,1.1,1.0,0.05,iid,1.0,99999,63,5.144289648780002,0.7912827790975571,0.5899946817159653,0.0,1.04779420979321,0.0,1000.0,0.0,0.0,2.7667193711324973,0.0,0.8972133379589935,0.0,202.32652807235718,0.0,202.32652807235718,0.0,15.015827625989914,0.0,0.5148164166603237,0.0,6576.438746280479,0.0,0.8972133379589935,0.0,2.7667193711324973,0.853128147748178,0.5148164166603237,0.8972133379589935,12.94889779663086,420.89207976195064
noise-game,scale,fashion_mnist,42,500,0,1.1,1.0,0.05,iid,1.0,99999,64,5.194253122102357,0.7915441809892655,0.5895792580842972,0.0,1.1356395429798536,0.0,1000.0,0.0,0.0,2.790106978138283,0.0,0.886212778193129,0.0,199.92533929007394,0.0,199.92533929007394,0.0,16.711060558046615,0.0,0.521298723295331,0.0,6293.446678354433,0.0,0.886212778193129,0.0,2.790106978138283,0.8509986338500684,0.521298723295331,0.886212778193129,11.195819000244141,352.43301398784826
noise-game,scale,fashion_mnist,42,500,0,1.1,1.0,0.05,iid,1.0,99999,65,5.194253122102357,0.7917975807189941,0.5888902752399444,0.0,1.0174968907466302,0.0,1000.0,0.0,0.0,2.80376102476221,0.0,0.859088047483128,0.0,193.81526125394382,0.0,193.81526125394382,0.0,11.196661875798153,0.0,0.5549901506075492,0.0,6344.016528697399,0.0,0.859088047483128,0.0,2.80376102476221,0.8570979887071867,0.5549901506075492,0.859088047483128,10.078393585205077,329.88885949226477
noise-game,scale,fashion_mnist,42,500,0,1.1,1.0,0.05,iid,1.0,99999,66,5.194253122102357,0.792101180434227,0.5884304949045182,0.0,1.1202696716785432,0.0,1000.0,0.0,0.0,2.8352370004174823,0.0,0.8065416845022736,0.0,181.8600653076172,0.0,181.8600653076172,0.0,11.953106498718261,0.0,0.6331864988803864,0.0,6255.0864635195285,0.0,0.8065416845022736,0.0,2.8352370004174823,0.8668611462079221,0.6331864988803864,0.8065416845022736,9.09300326538086,312.7543231759764
noise-game,scale,fashion_mnist,42,500,0,1.1,1.0,0.05,iid,1.0,99999,67,5.194253122102357,0.7920761785507202,0.5883784503936768,0.0,0.9416189142342272,0.0,1000.0,0.0,0.0,2.879598520358529,0.0,0.8448861177910273,0.0,190.65634628822065,0.0,190.65634628822065,0.0,10.926050926076956,0.0,0.5586351672637051,0.0,6400.381143310984,0.0,0.8448861177910273,0.0,2.879598520358529,0.8605852125236705,0.5586351672637051,0.8448861177910273,11.058068084716798,371.22210631203706
noise-game,scale,fashion_mnist,42,500,0,1.1,1.0,0.05,iid,1.0,99999,68,5.194253122102357,0.7923025792837143,0.5879995409250259,0.0,1.1754230817451197,0.0,1000.0,0.0,0.0,2.9171270044406157,0.0,0.835581045217113,0.0,188.33504979750688,0.0,188.33504979750688,0.0,19.843180572285373,0.0,0.5613939446561477,0.0,6404.693455820325,0.0,0.835581045217113,0.0,2.9171270044406157,0.8642946691408789,0.5613939446561477,0.835581045217113,12.80678338623047,435.51915499578206
noise-game,scale,fashion_mnist,42,500,0,1.1,1.0,0.05,iid,1.0,99999,69,5.21185077405197,0.7925169796943664,0.5875323679447174,0.0,0.9544761972992044,0.0,1000.0,0.0,0.0,2.94975714113526,0.0,0.7955843398594279,0.0,179.35108947753906,0.0,179.35108947753906,0.0,5.7430393570347835,0.0,0.6227568717379319,0.0,6184.015074229318,0.0,0.7955843398594279,0.0,2.94975714113526,0.8591390534021653,0.6227568717379319,0.7955843398594279,6.815341400146484,234.99257282071414
noise-game,scale,fashion_mnist,42,500,0,1.1,1.0,0.05,iid,1.0,99999,70,5.21185077405197,0.7928425799608231,0.5868679277896881,0.0,1.1703671216964722,0.0,1000.0,0.0,0.0,2.962845250449996,0.0,0.8343900637957824,0.0,188.3695526123047,0.0,188.3695526123047,0.0,8.898965581258137,0.0,0.5392562607924144,0.0,6163.622506856065,0.0,0.8343900637957824,0.0,2.962845250449996,0.8582118160932596,0.5392562607924144,0.8343900637957824,5.65108657836914,184.908675205682
noise-game,scale,fashion_mnist,42,500,0,1.1,1.0,0.05,iid,1.0,99999,71,5.21185077405197,0.7929975814819336,0.5867668828964233,0.0,1.0699033696543088,0.0,1000.0,0.0,0.0,2.978127559238779,0.0,0.8075625312267326,0.0,182.36899705366656,0.0,182.36899705366656,0.0,10.15425449067896,0.0,0.5748669024218213,0.0,6151.378926290456,0.0,0.8075625312267326,0.0,2.978127559238779,0.8719680024526563,0.5748669024218213,0.8075625312267326,8.024235870361329,270.66067275678006
noise-game,scale,fashion_mnist,42,500,0,1.1,1.0,0.05,iid,1.0,99999,72,5.21185077405197,0.793085578918457,0.5866780683994294,0.0,1.2443998599052428,0.0,1000.0,0.0,0.0,3.017499048811609,0.0,0.7781766935227314,0.0,175.33649658203126,0.0,175.33649658203126,0.0,14.870098915100098,0.0,0.6184049344062805,0.0,5981.56350052062,0.0,0.7781766935227314,0.0,3.017499048811609,0.8748144768568701,0.6184049344062805,0.7781766935227314,8.766824829101562,299.0781750260311
noise-game,scale,fashion_mnist,42,500,0,1.1,1.0,0.05,iid,1.0,99999,73,5.273421252404131,0.7932249788045883,0.5866406853199005,0.0,1.0741282470989972,0.0,1000.0,0.0,0.0,3.0464690406533435,0.0,0.8311374431834645,0.0,187.30710172653198,0.0,187.30710172653198,0.0,15.288961589336395,0.0,0.5096069201827049,0.0,6174.3342303724985,0.0,0.8311374431834645,0.0,3.0464690406533435,0.881053809710101,0.5096069201827049,0.8311374431834645,11.987654510498047,395.1573907438399
noise-game,scale,fashion_mnist,42,500,0,1.1,1.0,0.05,iid,1.0,99999,74,5.273421252404131,0.793365580201149,0.5863631842136383,0.0,1.1059432340164979,0.0,1000.0,0.0,0.0,3.0828306886312524,0.0,0.7859363307810266,0.0,177.3872216542562,0.0,177.3872216542562,0.0,13.012477060159048,0.0,0.582882072776556,0.0,5982.013494597755,0.0,0.7859363307810266,0.0,3.0828306886312524,0.8813317932934849,0.582882072776556,0.7859363307810266,8.514586639404296,287.13664774069224
noise-game,scale,fashion_mnist,42,500,0,1.1,1.0,0.05,iid,1.0,99999,75,5.273421252404131,0.7932641816139221,0.5865117948055267,0.0,1.2999170628877788,0.0,1000.0,0.0,0.0,3.106155606704196,0.0,0.7952080595779297,0.0,179.20250701904297,0.0,179.20250701904297,0.0,17.85753451860868,0.0,0.5510364444209979,0.0,6141.3647059869645,0.0,0.7952080595779297,0.0,3.106155606704196,0.8897981293403322,0.5510364444209979,0.7952080595779297,9.318530364990234,319.3509647113221
noise-game,scale,fashion_mnist,42,500,0,1.1,1.0,0.05,iid,1.0,99999,76,5.273421252404131,0.7936471786499023,0.5863091796636581,0.0,1.346838279849007,0.0,1000.0,0.0,0.0,3.1488208285901838,0.0,0.7462736982913223,0.0,168.40298607235863,0.0,168.40298607235863,0.0,16.10359986623128,0.0,0.6390379993688493,0.0,5654.12379270514,0.0,0.7462736982913223,0.0,3.1488208285901838,0.8907446063785541,0.6390379993688493,0.7462736982913223,7.072925415039062,237.4731992936159
noise-game,scale,fashion_mnist,42,500,0,1.1,1.0,0.05,iid,1.0,99999,77,5.27883066572876,0.7936141786575317,0.5862899339199066,0.0,1.3191203388075035,0.0,1000.0,0.0,0.0,3.1737159297511752,0.0,0.7957265958375919,0.0,179.6597728729248,0.0,179.6597728729248,0.0,20.102067748705547,0.0,0.5267064934596419,0.0,6262.983475896058,0.0,0.7957265958375919,0.0,3.1737159297511752,0.9000859731425457,0.5267064934596419,0.7957265958375919,8.623669097900391,300.6232068430108
noise-game,scale,fashion_mnist,42,500,0,1.1,1.0,0.05,iid,1.0,99999,78,5.27883066572876,0.793869780421257,0.5861317775249482,0.0,1.180429042954194,0.0,1000.0,0.0,0.0,3.1929910590389365,0.0,0.7774733040753378,0.0,175.36752319335938,0.0,175.36752319335938,0.0,9.23993948886269,0.0,0.5489404279934732,0.0,6176.378165929229,0.0,0.7774733040753378,0.0,3.1929910590389365,0.9081176066948377,0.5489404279934732,0.7774733040753378,6.663965881347656,234.70237030531072
noise-game,scale,fashion_mnist,42,500,0,1.1,1.0,0.05,iid,1.0,99999,79,5.27883066572876,0.7940211799144745,0.5861125189065933,0.0,1.116048353639516,0.0,1000.0,0.0,0.0,3.2270249414630054,0.0,0.7801473700205378,0.0,175.722956570712,0.0,175.722956570712,0.0,16.023339715870943,0.0,0.5381296100941572,0.0,6142.922373540984,0.0,0.7801473700205378,0.0,3.2270249414630054,0.9057467779357512,0.5381296100941572,0.7801473700205378,7.731810089111328,270.28858443580333
noise-game,scale,fashion_mnist,42,500,0,1.1,1.0,0.05,iid,1.0,99999,80,5.27883066572876,0.7939099786281586,0.586288241147995,0.0,1.0763414829437221,0.0,1000.0,0.0,0.0,3.248728206149137,0.0,0.810244307870633,0.0,182.717650277274,0.0,182.717650277274,0.0,13.16318929195404,0.0,0.46338716255767004,0.0,6164.965582193713,0.0,0.810244307870633,0.0,3.248728206149137,0.9098498709921651,0.46338716255767004,0.810244307870633,10.232188415527343,345.23807260284786
noise-game,scale,fashion_mnist,42,500,0,1.1,1.0,0.05,iid,1.0,99999,81,5.279028540684322,0.794081779718399,0.586231140255928,0.0,1.2119347941875458,0.0,1000.0,0.0,0.0,3.2800078980963874,0.0,0.7647742519822665,0.0,172.4501159667969,0.0,172.4501159667969,0.0,14.717012519836425,0.0,0.5379706799983979,0.0,5876.551023289926,0.0,0.7647742519822665,0.0,3.2800078980963874,0.919938138868435,0.5379706799983979,0.7647742519822665,8.622505798339844,293.82755116449636
noise-game,scale,fashion_mnist,42,500,0,1.1,1.0,0.05,iid,1.0,99999,82,5.279028540684322,0.7943223804235459,0.5858013958930969,0.0,1.2485033842650326,0.0,1000.0,0.0,0.0,3.3118932867241138,0.0,0.6869889825964005,0.0,155.15546347878197,0.0,155.15546347878197,0.0,5.602265563878146,0.0,0.690368961204182,0.0,5853.381044108283,0.0,0.6869889825964005,0.0,3.3118932867241138,0.9235599998656723,0.690368961204182,0.6869889825964005,3.413420196533203,128.77438297038222
noise-game,scale,fashion_mnist,42,500,0,1.1,1.0,0.05,iid,1.0,99999,83,5.279028540684322,0.7942387791872024,0.5864855420589447,0.0,1.217309007793665,0.0,1000.0,0.0,0.0,3.3432426192983113,0.0,0.7701426685696304,0.0,173.58078536987304,0.0,173.58078536987304,0.0,13.824808144569397,0.0,0.5122603267431259,0.0,6159.354064849687,0.0,0.7701426685696304,0.0,3.3432426192983113,0.9167609224040772,0.5122603267431259,0.7701426685696304,6.943231414794922,246.37416259398745
noise-game,scale,fashion_mnist,42,500,0,1.1,1.0,0.05,iid,1.0,99999,84,5.5314622258011825,0.7943937796354293,0.586091366648674,0.0,0.9944609845406376,0.0,1000.0,0.0,0.0,3.3784705150041274,0.0,0.7759181248335894,0.0,175.02080488204956,0.0,175.02080488204956,0.0,15.25850996375084,0.0,0.4806499760597944,0.0,6227.987545258975,0.0,0.7759181248335894,0.0,3.3784705150041274,0.9363277320076333,0.4806499760597944,0.7759181248335894,11.201331512451173,398.5912028965744
noise-game,scale,fashion_mnist,42,500,0,1.1,1.0,0.05,iid,1.0,99999,85,5.5314622258011825,0.7945623803138733,0.5861335554122925,0.0,1.1416540430350737,0.0,1000.0,0.0,0.0,3.4031162103782844,0.0,0.763512975564278,0.0,172.17981650612572,0.0,172.17981650612572,0.0,12.027679096568715,0.0,0.4929187392646616,0.0,6037.756392414739,0.0,0.763512975564278,0.0,3.4031162103782844,0.9385127764310156,0.4929187392646616,0.763512975564278,7.575911926269531,265.66128126624847
noise-game,scale,fashion_mnist,42,500,0,1.1,1.0,0.05,iid,1.0,99999,86,5.5314622258011825,0.7945591809749604,0.5864812531471253,0.0,1.2212378525215646,0.0,1000.0,0.0,0.0,3.419960356711796,0.0,0.7644838805311218,0.0,172.37826538085938,0.0,172.37826538085938,0.0,14.284428720888885,0.0,0.4788818929506385,0.0,6071.881272680045,0.0,0.7644838805311218,0.0,3.419960356711796,0.9461203011419089,0.4788818929506385,0.7644838805311218,7.929400207519532,279.30653854328216
noise-game,scale,fashion_mnist,42,500,0,1.1,1.0,0.05,iid,1.0,99999,87,5.5314622258011825,0.7947831794023513,0.5863936195373535,0.0,0.7475318382494152,0.0,1000.0,0.0,0.0,3.434659212578337,0.0,0.8274456346255612,0.0,186.6554708480835,0.0,186.6554708480835,0.0,3.0465832464396954,0.0,0.3403808841248974,0.0,6192.401615047989,0.0,0.8274456346255612,0.0,3.434659212578337,0.9442917344980911,0.3403808841248974,0.8274456346255612,5.972975067138671,198.15685168153567
noise-game,scale,fashion_mnist,42,500,0,1.1,1.0,0.05,iid,1.0,99999,88,5.5314622258011825,0.7946783800125122,0.5865773522853851,0.0,1.3527169362835896,0.0,1000.0,0.0,0.0,3.481507552024201,0.0,0.7330873206222387,0.0,165.29746882120767,0.0,165.29746882120767,0.0,18.910507599512737,0.0,0.5278025882629057,0.0,5827.594137644598,0.0,0.7330873206222387,0.0,3.481507552024201,0.9517823171555366,0.5278025882629057,0.7330873206222387,7.934278503417969,279.7245186069407
noise-game,scale,fashion_mnist,42,500,0,1.1,1.0,0.05,iid,1.0,99999,89,5.5314622258011825,0.7948649797439575,0.58663660800457,0.0,1.0489176511764526,0.0,1000.0,0.0,0.0,3.5063784763131083,0.0,0.7560854278779959,0.0,170.37529754638672,0.0,170.37529754638672,0.0,8.634160134527418,0.0,0.46244824098216164,0.0,6023.231617954873,0.0,0.7560854278779959,0.0,3.5063784763131083,0.9574532470849482,0.46244824098216164,0.7560854278779959,6.1335107116699215,216.83633824637545
noise-game,scale,fashion_mnist,42,500,0,1.1,1.0,0.05,iid,1.0,99999,90,5.5314622258011825,0.7947425788640976,0.5871450718641281,0.0,1.1413391738345748,0.0,1000.0,0.0,0.0,3.5656804267549225,0.0,0.756000699563806,0.0,170.536875273052,0.0,170.536875273052,0.0,22.764784235703317,0.0,0.4537702430235712,0.0,6138.2769793873,0.0,0.756000699563806,0.0,3.5656804267549225,0.9603734467895169,0.4537702430235712,0.756000699563806,12.960802520751953,466.50905043343477
noise-game,scale,fashion_mnist,42,500,0,1.1,1.0,0.05,iid,1.0,99999,91,5.5314622258011825,0.7949697817564011,0.5869561904668807,0.0,1.0686493801034016,0.0,1000.0,0.0,0.0,3.596057089826154,0.0,0.7511204435559423,0.0,169.5036043913468,0.0,169.5036043913468,0.0,10.698780101278555,0.0,0.44634293910601863,0.0,6440.976945144228,0.0,0.7511204435559423,0.0,3.596057089826154,0.9629715169472578,0.44634293910601863,0.7511204435559423,7.797165802001953,296.2849394766345
noise-game,scale,fashion_mnist,42,500,0,1.1,1.0,0.05,iid,1.0,99999,92,5.5314622258011825,0.7948483805656433,0.587466598033905,0.0,1.121101029838125,0.0,1000.0,0.0,0.0,3.6273605762841594,0.0,0.7491034541378297,0.0,169.044802347819,0.0,169.044802347819,0.0,12.338963190714518,0.0,0.4361952127267917,0.0,5897.006772669669,0.0,0.7491034541378297,0.0,3.6273605762841594,0.9702245396659978,0.4361952127267917,0.7491034541378297,8.114150512695312,283.0563250881441
noise-game,scale,fashion_mnist,42,500,0,1.1,1.0,0.05,iid,1.0,99999,93,5.8063029764282055,0.7949169797897339,0.5880032377243042,0.0,1.1361558503256395,0.0,1000.0,0.0,0.0,3.6609537619660797,0.0,0.7312164229776675,0.0,164.86388690655048,0.0,164.86388690655048,0.0,15.081285128226646,0.0,0.46644863271369386,0.0,5799.628634286086,0.0,0.7312164229776675,0.0,3.6609537619660797,0.9873434848905157,0.46644863271369386,0.7312164229776675,8.572922119140625,301.5806889828765
noise-game,scale,fashion_mnist,42,500,0,1.1,1.0,0.05,iid,1.0,99999,94,5.82258113979155,0.7951179790496826,0.5879282269477845,0.0,0.9644158985465765,0.0,1000.0,0.0,0.0,3.6953332042935103,0.0,0.7397885236621986,0.0,166.6567413330078,0.0,166.6567413330078,0.0,5.427255320549011,0.0,0.4464585330337286,0.0,6188.485129439946,0.0,0.7397885236621986,0.0,3.6953332042935103,0.9855332919069106,0.4464585330337286,0.7397885236621986,6.666269653320312,247.53940517759784
noise-game,scale,fashion_mnist,42,500,0,1.1,1.0,0.05,iid,1.0,99999,95,5.82258113979155,0.7949301805496216,0.5886592098474502,0.0,1.1947351591340427,0.0,1000.0,0.0,0.0,3.738538358385061,0.0,0.7051380750834062,0.0,159.08366446659483,0.0,159.08366446659483,0.0,16.324592688987995,0.0,0.49867533661168195,0.0,5720.074044916004,0.0,0.7051380750834062,0.0,3.738538358385061,0.9993730013855625,0.49867533661168195,0.7051380750834062,9.2268525390625,331.7642946051282
noise-game,scale,fashion_mnist,42,500,0,1.1,1.0,0.05,iid,1.0,99999,96,5.82259364420021,0.7950559791326522,0.5890332256555557,0.0,0.9465054756828717,0.0,1000.0,0.0,0.0,3.789633002922361,0.0,0.734069769558102,0.0,165.56663556780134,0.0,165.56663556780134,0.0,15.872974722726005,0.0,0.4221050383789199,0.0,5856.284056756585,0.0,0.734069769558102,0.0,3.789633002922361,1.007017115995908,0.4221050383789199,0.734069769558102,11.589664489746093,409.93988397296107
noise-game,scale,fashion_mnist,42,500,0,1.1,1.0,0.05,iid,1.0,99999,97,5.82259364420021,0.7951997803449631,0.5886781384944916,0.0,1.0653864523129803,0.0,1000.0,0.0,0.0,3.8359939615483953,0.0,0.7071698384747857,0.0,159.57344000680106,0.0,159.57344000680106,0.0,12.291567240442548,0.0,0.46802898522998604,0.0,5806.825897731352,0.0,0.7071698384747857,0.0,3.8359939615483953,1.0167636744488353,0.46802898522998604,0.7071698384747857,8.936112640380859,325.1822502729556
noise-game,scale,fashion_mnist,42,500,0,1.1,1.0,0.05,iid,1.0,99999,98,5.827696743593947,0.7952437785863876,0.5892587190866471,0.0,1.154195874929428,0.0,1000.0,0.0,0.0,3.858103766754719,0.0,0.716890562091411,0.0,161.8831067766462,0.0,161.8831067766462,0.0,8.017044118472509,0.0,0.4350599753005164,0.0,5880.848559785705,0.0,0.716890562091411,0.0,3.858103766754719,1.019884221443918,0.4350599753005164,0.716890562091411,4.532726989746093,164.66375967399975
noise-game,scale,fashion_mnist,42,500,0,1.1,1.0,0.05,iid,1.0,99999,99,5.827696743593947,0.795245380282402,0.5895797611474991,0.0,1.175304286505865,0.0,1000.0,0.0,0.0,3.897651042384725,0.0,0.7022740964075161,0.0,158.33909606933594,0.0,158.33909606933594,0.0,14.305793015853219,0.0,0.4612226416559323,0.0,5790.3028984693165,0.0,0.7022740964075161,0.0,3.897651042384725,1.0297140978706218,0.4612226416559323,0.7022740964075161,7.283598419189453,266.35393332958864
noise-game,scale,fashion_mnist,42,500,0,1.1,1.0,0.05,iid,1.0,99999,100,5.827696743593947,0.7953715810775757,0.5896386866569518,0.0,1.278555682171946,0.0,1000.0,0.0,0.0,3.938822259469872,0.0,0.6969217626316658,0.0,157.2004984980044,0.0,157.2004984980044,0.0,14.626102530437967,0.0,0.4676506469107192,0.0,5828.857386843136,0.0,0.6969217626316658,0.0,3.938822259469872,1.0371232974773668,0.4676506469107192,0.6969217626316658,7.231222930908203,268.1274397947842
noise-game,scale,fashion_mnist,42,500,0,1.1,1.0,0.05,iid,1.0,99999,101,5.827696743593947,0.7952567790746689,0.590484552025795,0.0,1.1749480937918027,0.0,1000.0,0.0,0.0,4.004780902604578,0.0,0.6791018230612368,0.0,153.28521118164062,0.0,153.28521118164062,0.0,18.66002934773763,0.0,0.5008709610129396,0.0,5967.208152654571,0.0,0.6791018230612368,0.0,4.004780902604578,1.0357220811557861,0.5008709610129396,0.6791018230612368,9.197112670898438,358.0324891592744
noise-game,scale,fashion_mnist,42,500,0,1.1,1.0,0.05,iid,1.0,99999,102,5.827696743593947,0.7953045802116394,0.5907278132438659,0.0,1.277066085073683,0.0,1000.0,0.0,0.0,4.051535061048822,0.0,0.6786304628733454,0.0,153.0653646963614,0.0,153.0653646963614,0.0,18.748588155817103,0.0,0.484131407406595,0.0,5749.068081334074,0.0,0.6786304628733454,0.0,4.051535061048822,1.0372478059710712,0.484131407406595,0.6786304628733454,8.265529693603515,310.44967639204
noise-game,scale,fashion_mnist,42,500,0,1.1,1.0,0.05,iid,1.0,99999,103,5.827696743593947,0.7952787787914276,0.5914168957471847,0.0,1.0912300609052181,0.0,1000.0,0.0,0.0,4.1067759632998895,0.0,0.6698412097306979,0.0,151.04118837629045,0.0,151.04118837629045,0.0,13.288366266659327,0.0,0.4985901146594967,0.0,5843.787927543932,0.0,0.6698412097306979,0.0,4.1067759632998895,1.0272521761235986,0.4985901146594967,0.6698412097306979,8.458306549072265,327.2521239424602
noise-game,scale,fashion_mnist,42,500,0,1.1,1.0,0.05,iid,1.0,99999,104,5.827696743593947,0.7953549805879593,0.5917167737483978,0.0,1.1723665008942286,0.0,1000.0,0.0,0.0,4.156113339847744,0.0,0.703264858747134,0.0,158.53549397786458,0.0,158.53549397786458,0.0,20.18677937189738,0.0,0.39663126077502964,0.0,5890.815593975669,0.0,0.703264858747134,0.0,4.156113339847744,1.0269786605831421,0.39663126077502964,0.703264858747134,9.512129638671874,353.4489356385401
noise-game,scale,fashion_mnist,42,500,0,1.1,1.0,0.05,iid,1.0,99999,105,5.827696743593947,0.7951815792322159,0.5923754751682282,0.0,1.2480179175086643,0.0,1000.0,0.0,0.0,4.183408277064458,0.0,0.6860114202446048,0.0,154.5996564782184,0.0,154.5996564782184,0.0,24.590789793626122,0.0,0.43067680104919104,0.0,5837.08054598618,0.0,0.6860114202446048,0.0,4.183408277064458,1.0350384169177769,0.43067680104919104,0.6860114202446048,7.111584197998047,268.50570511536426
noise-game,scale,fashion_mnist,42,500,0,1.1,1.0,0.05,iid,1.0,99999,106,5.827696743593947,0.7951091803312301,0.5931585307121277,0.0,1.235010249960807,0.0,1000.0,0.0,0.0,4.228089710983886,0.0,0.677885918835244,0.0,152.8067100278793,0.0,152.8067100278793,0.0,20.2085115063575,0.0,0.4542705747148683,0.0,5685.965354976021,0.0,0.677885918835244,0.0,4.228089710983886,1.044476428904976,0.4542705747148683,0.677885918835244,9.474016021728515,352.5298520085135
noise-game,scale,fashion_mnist,42,500,0,1.1,1.0,0.05,iid,1.0,99999,107,5.895756479060474,0.7953643802404403,0.5930736039876938,0.0,1.5144633041186766,0.0,1000.0,0.0,0.0,4.263163765350168,0.0,0.6415399095118937,0.0,144.76172083074397,0.0,144.76172083074397,0.0,21.99595377661965,0.0,0.5092282257974148,0.0,5428.490525259141,0.0,0.6415399095118937,0.0,4.263163765350168,1.0493263982142673,0.5092282257974148,0.6415399095118937,6.369515716552734,238.85358311140223
noise-game,scale,fashion_mnist,42,500,0,1.1,1.0,0.05,iid,1.0,99999,108,5.92762690383083,0.795201779961586,0.5940505548715591,0.0,1.20963145468546,0.0,1000.0,0.0,0.0,4.307604712393817,0.0,0.6675787287227023,0.0,150.60992497983187,0.0,150.60992497983187,0.0,13.887364449708357,0.0,0.4313277210230413,0.0,5630.137420046871,0.0,0.6675787287227023,0.0,4.307604712393817,1.0499326319508822,0.4313277210230413,0.6675787287227023,6.928056549072266,258.98632132215613
noise-game,scale,fashion_mnist,42,500,0,1.1,1.0,0.05,iid,1.0,99999,109,6.179231340560144,0.7950883784294128,0.5947828041315079,0.0,1.3004783944864022,0.0,1000.0,0.0,0.0,4.371010643254079,0.0,0.6512868521236198,0.0,146.9145154451069,0.0,146.9145154451069,0.0,26.7205783693414,0.0,0.4818051235848351,0.0,5556.911927162573,0.0,0.6512868521236198,0.0,4.371010643254079,1.0433707712875488,0.4818051235848351,0.6512868521236198,11.165503173828125,422.3253064643556
noise-game,scale,fashion_mnist,42,500,0,1.1,1.0,0.05,iid,1.0,99999,110,6.293139191339852,0.7948763794898986,0.5957240052223206,0.0,1.454998604953289,0.0,1000.0,0.0,0.0,4.438114159989119,0.0,0.6488417260781916,0.0,146.26744556427002,0.0,146.26744556427002,0.0,29.63802593946457,0.0,0.47749595041386783,0.0,5404.737034467977,0.0,0.6488417260781916,0.0,4.438114159989119,1.0387611178858354,0.47749595041386783,0.6488417260781916,9.361116516113281,345.9031702059505
noise-game,scale,fashion_mnist,42,500,0,1.1,1.0,0.05,iid,1.0,99999,111,6.293139191339852,0.7949225791692733,0.5959578757286071,0.0,1.2732515583187343,0.0,1000.0,0.0,0.0,4.484150142854961,0.0,0.6667594362070536,0.0,150.42562072753907,0.0,150.42562072753907,0.0,15.84054817199707,0.0,0.42532030954957006,0.0,5851.448348263477,0.0,0.6667594362070536,0.0,4.484150142854961,1.0376925699648631,0.42532030954957006,0.6667594362070536,7.521281036376953,292.5724174131738
noise-game,scale,fashion_mnist,42,500,0,1.1,1.0,0.05,iid,1.0,99999,112,6.293139191339852,0.7951123795509338,0.5964936472177506,0.0,1.5300007519267855,0.0,1000.0,0.0,0.0,4.516360780518375,0.0,0.616159851579486,0.0,139.0943341936384,0.0,139.0943341936384,0.0,25.67982771283104,0.0,0.5433886860098157,0.0,5310.663243710754,0.0,0.616159851579486,0.0,4.516360780518375,1.0454827625510748,0.5433886860098157,0.616159851579486,5.841962036132813,223.04785623585167
noise-game,scale,fashion_mnist,42,500,0,1.1,1.0,0.05,iid,1.0,99999,113,6.293139191339852,0.7949519802331925,0.5974838446378707,0.0,1.4251441332426937,0.0,1000.0,0.0,0.0,4.575628878278099,0.0,0.6445749888167954,0.0,145.46013109611744,0.0,145.46013109611744,0.0,26.215648217634723,0.0,0.4714044038996552,0.0,5391.8934134236215,0.0,0.6445749888167954,0.0,4.575628878278099,1.035855162094802,0.4714044038996552,0.6445749888167954,9.60036865234375,355.86496528595893
noise-game,scale,fashion_mnist,42,500,0,1.1,1.0,0.05,iid,1.0,99999,114,6.560273605055554,0.7948037790060043,0.5980910086631774,0.0,1.2511548081348682,0.0,1000.0,0.0,0.0,4.614143517463751,0.0,0.6492530942276932,0.0,146.4960332410089,0.0,146.4960332410089,0.0,20.096830433812634,0.0,0.4353735976178071,0.0,5352.147034041262,0.0,0.6492530942276932,0.0,4.614143517463751,1.0351761817384657,0.4353735976178071,0.6492530942276932,8.496769927978516,310.42452797439313
noise-game,scale,fashion_mnist,42,500,0,1.1,1.0,0.05,iid,1.0,99999,115,6.560273605055554,0.794847580075264,0.5986270002126693,0.0,1.4496436331953322,0.0,1000.0,0.0,0.0,4.660954136575772,0.0,0.6180678688956368,0.0,139.44090597970145,0.0,139.44090597970145,0.0,24.945072855268204,0.0,0.5424769259989262,0.0,5430.053070122964,0.0,0.6180678688956368,0.0,4.660954136575772,1.0401176691562193,0.5424769259989262,0.6180678688956368,7.808690734863282,304.08297192688593
noise-game,scale,fashion_mnist,42,500,0,1.1,1.0,0.05,iid,1.0,99999,116,6.560273605055554,0.7948181787729264,0.5994021129608155,0.0,1.3323971349181551,0.0,1000.0,0.0,0.0,4.698773937505443,0.0,0.6372720501245038,0.0,143.8530060739228,0.0,143.8530060739228,0.0,25.15602262092359,0.0,0.4435842095902472,0.0,5249.145832497628,0.0,0.6372720501245038,0.0,4.698773937505443,1.0466160866519254,0.4435842095902472,0.6372720501245038,9.494298400878906,346.44362494484346
noise-game,scale,fashion_mnist,42,500,0,1.1,1.0,0.05,iid,1.0,99999,117,6.560273605055554,0.7947957781553269,0.6002476987838745,0.0,1.4061828528841336,0.0,1000.0,0.0,0.0,4.741656001505351,0.0,0.6258107189296694,0.0,141.30717786153158,0.0,141.30717786153158,0.0,20.372774799664814,0.0,0.47288432717323303,0.0,5610.5756282920365,0.0,0.6258107189296694,0.0,4.741656001505351,1.0358517832044154,0.47288432717323303,0.6258107189296694,6.782744537353516,269.30763015801773
noise-game,scale,fashion_mnist,42,500,0,1.1,1.0,0.05,iid,1.0,99999,118,6.560273605055554,0.7945105800628662,0.6015504989624023,0.0,1.7208597352427821,0.0,1000.0,0.0,0.0,4.775385632559137,0.0,0.6289241269984122,0.0,141.79671404438633,0.0,141.79671404438633,0.0,46.99929286587623,0.0,0.5113422659135634,0.0,5407.215076943995,0.0,0.6289241269984122,0.0,4.775385632559137,1.0423581203417,0.5113422659135634,0.6289241269984122,8.791396270751953,335.2473347705277
noise-game,scale,fashion_mnist,42,500,0,1.1,1.0,0.05,iid,1.0,99999,119,6.663891178921594,0.7944223798513412,0.6017953827381134,0.0,1.1354178848365943,0.0,1000.0,0.0,0.0,4.817261456246432,0.0,0.6336392956782061,0.0,142.76290893554688,0.0,142.76290893554688,0.0,15.19339719414711,0.0,0.416152940907826,0.0,5658.204166869713,0.0,0.6336392956782061,0.0,4.817261456246432,1.0332488764476275,0.416152940907826,0.6336392956782061,6.85261962890625,271.59380000974625
noise-game,scale,fashion_mnist,42,500,0,1.1,1.0,0.05,iid,1.0,99999,120,7.083583699909,0.794449180006981,0.6029146906137467,0.0,1.3671649685129523,0.0,1000.0,0.0,0.0,4.85772865952012,0.0,0.6373868335054691,0.0,143.73237800598145,0.0,143.73237800598145,0.0,26.670414119958878,0.0,0.433355325832963,0.0,5441.445386013345,0.0,0.6373868335054691,0.0,4.85772865952012,1.0315581422555733,0.433355325832963,0.6373868335054691,9.198872192382812,348.2525047048541
noise-game,scale,fashion_mnist,42,500,0,1.1,1.0,0.05,iid,1.0,99999,121,7.083583699909,0.7942955800294876,0.603938004732132,0.0,1.5134266738233895,0.0,1000.0,0.0,0.0,4.898862150844432,0.0,0.625261209007743,0.0,141.14048661856816,0.0,141.14048661856816,0.0,26.543688478140997,0.0,0.4503204494329362,0.0,5137.096959882063,0.0,0.625261209007743,0.0,4.898862150844432,1.0294793193317642,0.4503204494329362,0.625261209007743,8.186148223876954,297.9516236731597
noise-game,scale,fashion_mnist,42,500,0,1.1,1.0,0.05,iid,1.0,99999,122,7.083583699909,0.7944551790952683,0.6043192955255509,0.0,1.473203586904626,0.0,1000.0,0.0,0.0,4.9316946769627785,0.0,0.6213889114279262,0.0,140.03829152960526,0.0,140.03829152960526,0.0,15.354388939706903,0.0,0.4378762719662566,0.0,5419.81156410508,0.0,0.6213889114279262,0.0,4.9316946769627785,1.0189806660555158,0.4378762719662566,0.6213889114279262,5.321455078125,205.952839435993
noise-game,scale,fashion_mnist,42,500,0,1.1,1.0,0.05,iid,1.0,99999,123,7.083583699909,0.794369578719139,0.6050407438278198,0.0,1.441721162375282,0.0,1000.0,0.0,0.0,4.9513150646289175,0.0,0.6274523613951639,0.0,141.53800425809973,0.0,141.53800425809973,0.0,14.766585350036621,0.0,0.4361663877087481,0.0,5497.546987246996,0.0,0.6274523613951639,0.0,4.9513150646289175,1.0184185528304375,0.4361663877087481,0.6274523613951639,4.812292144775391,186.91659756639785
noise-game,scale,fashion_mnist,42,500,0,1.1,1.0,0.05,iid,1.0,99999,124,7.409157097057687,0.7944133788347244,0.6055803859233856,0.0,1.1914910868458126,0.0,1000.0,0.0,0.0,4.986236322111494,0.0,0.6166026560297165,0.0,139.2156060260275,0.0,139.2156060260275,0.0,13.064451217651367,0.0,0.46404268981322,0.0,5684.571472913007,0.0,0.6166026560297165,0.0,4.986236322111494,1.008028760481942,0.46404268981322,0.6166026560297165,6.403917877197266,261.49028775399836
noise-game,scale,fashion_mnist,42,500,0,1.1,1.0,0.05,iid,1.0,99999,125,7.409157097057687,0.7942403802871704,0.6062242231369018,0.0,1.2057601111354652,0.0,1000.0,0.0,0.0,5.030615170026761,0.0,0.6137635665954733,0.0,138.41944094057436,0.0,138.41944094057436,0.0,16.055785956206144,0.0,0.44805760088342206,0.0,5359.332404953353,0.0,0.6137635665954733,0.0,5.030615170026761,0.9800673346737755,0.44805760088342206,0.6137635665954733,7.474649810791016,289.40394986748106
noise-game,scale,fashion_mnist,42,500,0,1.1,1.0,0.05,iid,1.0,99999,126,7.409157097057687,0.7943481806516647,0.6067478328943252,0.0,1.4565639856614565,0.0,1000.0,0.0,0.0,5.051725686654538,0.0,0.6151497316357081,0.0,138.65581873843544,0.0,138.65581873843544,0.0,14.196625558953537,0.0,0.46390229189082194,0.0,5316.0515665227695,0.0,0.6151497316357081,0.0,5.051725686654538,0.9835088008544614,0.46390229189082194,0.6151497316357081,5.268921112060547,202.00995952786522
noise-game,scale,fashion_mnist,42,500,0,1.1,1.0,0.05,iid,1.0,99999,127,7.409157097057687,0.7942863789796829,0.6080107464790344,0.0,1.672678865492344,0.0,1000.0,0.0,0.0,5.084880385494339,0.0,0.6112726226330847,0.0,137.8530169400302,0.0,137.8530169400302,0.0,25.249188509854402,0.0,0.47774823450229387,0.0,5451.574428723089,0.0,0.6112726226330847,0.0,5.084880385494339,0.9737082599561112,0.47774823450229387,0.6112726226330847,6.065532745361328,239.86927486381586
noise-game,scale,fashion_mnist,42,500,0,1.1,1.0,0.05,iid,1.0,99999,128,7.409157097057687,0.7943721795082093,0.6080999190807342,0.0,1.318494176394061,0.0,1000.0,0.0,0.0,5.117234546927936,0.0,0.6208138077618817,0.0,140.17583746659128,0.0,140.17583746659128,0.0,13.51252609805057,0.0,0.4652345964783116,0.0,5592.103765189495,0.0,0.6208138077618817,0.0,5.117234546927936,0.9579169574229545,0.4652345964783116,0.6208138077618817,5.3266818237304685,212.49994307720084
noise-game,scale,fashion_mnist,42,500,0,1.1,1.0,0.05,iid,1.0,99999,129,7.409157097057687,0.794283378958702,0.6090890144109726,0.0,1.1026908531785011,0.0,1000.0,0.0,0.0,5.157142023935663,0.0,0.6162641342109328,0.0,138.91052893436316,0.0,138.91052893436316,0.0,15.874427491968328,0.0,0.40335552162970556,0.0,5770.328564373053,0.0,0.6162641342109328,0.0,5.157142023935663,0.9556206357354827,0.40335552162970556,0.6162641342109328,9.16809490966797,380.8416852486215
noise-game,scale,fashion_mnist,42,500,0,1.1,1.0,0.05,iid,1.0,99999,130,7.409157097057687,0.7941915792226791,0.6097383886575699,0.0,1.4935039246366137,0.0,1000.0,0.0,0.0,5.181347631340592,0.0,0.6328491692923005,0.0,142.90306890578498,0.0,142.90306890578498,0.0,22.060798009236652,0.0,0.4249581896833011,0.0,5610.945408816306,0.0,0.6328491692923005,0.0,5.181347631340592,0.953969928073551,0.4249581896833011,0.6328491692923005,6.001928894042969,235.65970717028486
noise-game,scale,fashion_mnist,42,500,0,1.1,1.0,0.05,iid,1.0,99999,131,7.442346654063412,0.7940777798891068,0.6109821338653565,0.0,1.5557276767517796,0.0,1000.0,0.0,0.0,5.215774247457202,0.0,0.6098333557248178,0.0,137.68790835425966,0.0,137.68790835425966,0.0,19.763544491359166,0.0,0.44517420418560505,0.0,5449.947759863946,0.0,0.6098333557248178,0.0,5.215774247457202,0.9377034890766008,0.44517420418560505,0.6098333557248178,5.782892150878906,228.8978059142857
noise-game,scale,fashion_mnist,42,500,0,1.1,1.0,0.05,iid,1.0,99999,132,7.566779476853798,0.7938509794473648,0.6120134276151658,0.0,1.2759508604390755,0.0,1000.0,0.0,0.0,5.2521049991898305,0.0,0.6086840132823347,0.0,137.2967063056098,0.0,137.2967063056098,0.0,24.829060104158188,0.0,0.40817921484510106,0.0,5481.453243014151,0.0,0.6086840132823347,0.0,5.2521049991898305,0.9384725613549302,0.40817921484510106,0.6086840132823347,9.885362854003906,394.6646334970188
noise-game,scale,fashion_mnist,42,500,0,1.1,1.0,0.05,iid,1.0,99999,133,7.566779476853798,0.7936535794734955,0.6133402429819107,0.0,1.5661381501704454,0.0,1000.0,0.0,0.0,5.292443531774321,0.0,0.6127168661337086,0.0,138.1500894052011,0.0,138.1500894052011,0.0,25.075599599767614,0.0,0.4199314157444018,0.0,5327.1671746621905,0.0,0.6127168661337086,0.0,5.292443531774321,0.9201755706554293,0.4199314157444018,0.6127168661337086,7.460104827880859,287.6670274317583
noise-game,scale,fashion_mnist,42,500,0,1.1,1.0,0.05,iid,1.0,99999,134,7.566779476853798,0.7937587794065476,0.6140391323566436,0.0,1.519652162557063,0.0,1000.0,0.0,0.0,5.32538830325257,0.0,0.6092691752906714,0.0,137.41553596828294,0.0,137.41553596828294,0.0,19.76143040864364,0.0,0.47022495159636374,0.0,5536.400516639406,0.0,0.6092691752906714,0.0,5.32538830325257,0.9071947557150806,0.47022495159636374,0.6092691752906714,6.321114654541016,254.67442376541266
noise-game,scale,fashion_mnist,42,500,0,1.1,1.0,0.05,iid,1.0,99999,135,7.566779476853798,0.793741978764534,0.6146764845848084,0.0,1.1617851156209196,0.0,1000.0,0.0,0.0,5.35049756662957,0.0,0.6110887381191248,0.0,137.9218488420759,0.0,137.9218488420759,0.0,14.27896819795881,0.0,0.3789780142584017,0.0,5546.4319687225225,0.0,0.6110887381191248,0.0,5.35049756662957,0.9148799402187717,0.3789780142584017,0.6110887381191248,7.72362353515625,310.6001902484612
noise-game,scale,fashion_mnist,42,500,0,1.1,1.0,0.05,iid,1.0,99999,136,7.566779476853798,0.7936959797143937,0.6158750846385955,0.0,1.576437195827221,0.0,1000.0,0.0,0.0,5.385123585999916,0.0,0.6148956195789574,0.0,138.5239889210668,0.0,138.5239889210668,0.0,40.06697755024351,0.0,0.46473176314912995,0.0,5579.587842547797,0.0,0.6148956195789574,0.0,5.385123585999916,0.9097617046511595,0.46473176314912995,0.6148956195789574,8.034391357421875,323.6160948677722
noise-game,scale,fashion_mnist,42,500,0,1.1,1.0,0.05,iid,1.0,99999,137,7.691212299644182,0.7932277806997299,0.618426276564598,0.0,1.5866461675013266,0.0,1000.0,0.0,0.0,5.4203901550574,0.0,0.6158493984303681,0.0,138.85357862903226,0.0,138.85357862903226,0.0,31.8958320002402,0.0,0.3859006147230825,0.0,5066.860199996355,0.0,0.6158493984303681,0.0,5.4203901550574,0.9038614477451703,0.3859006147230825,0.6158493984303681,8.608921875,314.14533239977396
noise-game,scale,fashion_mnist,42,500,0,1.1,1.0,0.05,iid,1.0,99999,138,7.691212299644182,0.7933357787132264,0.6188169647455215,0.0,1.6356251495331526,0.0,1000.0,0.0,0.0,5.45065652827435,0.0,0.6102749208684238,0.0,137.59050598144532,0.0,137.59050598144532,0.0,28.244840450286866,0.0,0.4314148318767548,0.0,5452.92095697877,0.0,0.6102749208684238,0.0,5.45065652827435,0.8959911966718992,0.4314148318767548,0.6102749208684238,6.879525299072266,272.6460478489385
noise-game,scale,fashion_mnist,42,500,0,1.1,1.0,0.05,iid,1.0,99999,139,7.691212299644182,0.7932489795684814,0.6194586789608002,0.0,1.1613842019358196,0.0,1000.0,0.0,0.0,5.494613920110196,0.0,0.6144755863998373,0.0,138.6594696044922,0.0,138.6594696044922,0.0,26.070095113805824,0.0,0.3322098719308505,0.0,5236.8204243555665,0.0,0.6144755863998373,0.0,5.494613920110196,0.8831441842675505,0.3322098719308505,0.6144755863998373,10.260800750732422,387.52471140231194
noise-game,scale,fashion_mnist,42,500,0,1.1,1.0,0.05,iid,1.0,99999,140,7.691212299644182,0.793255180478096,0.6205265663862228,0.0,1.4119326076828516,0.0,1000.0,0.0,0.0,5.520027858755682,0.0,0.604362801233268,0.0,136.31893568772537,0.0,136.31893568772537,0.0,22.629576683044434,0.0,0.4447645378800539,0.0,5363.810210000696,0.0,0.604362801233268,0.0,5.520027858755682,0.8837630523496613,0.4447645378800539,0.604362801233268,7.088584655761719,278.9181309200362
noise-game,scale,fashion_mnist,42,500,0,1.1,1.0,0.05,iid,1.0,99999,141,7.691212299644182,0.7929051799774169,0.6224354566335678,0.0,1.8034296798706055,0.0,1000.0,0.0,0.0,5.547458842340181,0.0,0.6030816125995061,0.0,136.1217010498047,0.0,136.1217010498047,0.0,30.104057846069335,0.0,0.49468512527644637,0.0,5586.556504649688,0.0,0.6030816125995061,0.0,5.547458842340181,0.8816534385081591,0.49468512527644637,0.6030816125995061,6.806085052490235,279.3278252324844
noise-game,scale,fashion_mnist,42,500,0,1.1,1.0,0.05,iid,1.0,99999,142,7.691212299644182,0.7929259799718856,0.6231161206960678,0.0,1.2973202727523379,0.0,1000.0,0.0,0.0,5.581491057254762,0.0,0.6090536904109605,0.0,137.3662574074485,0.0,137.3662574074485,0.0,19.078889500011098,0.0,0.38114586540243844,0.0,5247.285503257273,0.0,0.6090536904109605,0.0,5.581491057254762,0.8430897414888048,0.38114586540243844,0.6090536904109605,6.044115325927734,230.88056214332005
noise-game,scale,fashion_mnist,42,500,0,1.1,1.0,0.05,iid,1.0,99999,143,7.691212299644182,0.7930901792049408,0.6236350594758987,0.0,1.4807193353772163,0.0,1000.0,0.0,0.0,5.6017749943522555,0.0,0.6054379769472523,0.0,136.72600173950195,0.0,136.72600173950195,0.0,22.298826694488525,0.0,0.4567232262343168,0.0,5802.723815175232,0.0,0.6054379769472523,0.0,5.6017749943522555,0.8460568002788291,0.4567232262343168,0.6054379769472523,6.562848083496093,278.53074312841113
noise-game,scale,fashion_mnist,42,500,0,1.1,1.0,0.05,iid,1.0,99999,144,7.691212299644182,0.792969980597496,0.6247004790306091,0.0,1.3943099677562714,0.0,1000.0,0.0,0.0,5.631305733671246,0.0,0.6047965004270716,0.0,136.6469554901123,0.0,136.6469554901123,0.0,20.765758355458576,0.0,0.4102526538384457,0.0,5840.214741722973,0.0,0.6047965004270716,0.0,5.631305733671246,0.8265914189382101,0.4102526538384457,0.6047965004270716,6.55905386352539,280.3303076027027
noise-game,scale,fashion_mnist,42,500,0,1.1,1.0,0.05,iid,1.0,99999,145,7.691212299644182,0.7928401802778244,0.6255702593326569,0.0,1.405693112739495,0.0,1000.0,0.0,0.0,5.66072769572693,0.0,0.6027095454051041,0.0,136.0923739842006,0.0,136.0923739842006,0.0,23.625852005822317,0.0,0.41582369272197994,0.0,5725.966924437375,0.0,0.6027095454051041,0.0,5.66072769572693,0.8199719030088815,0.41582369272197994,0.6027095454051041,7.621172943115234,320.65414776849303
noise-game,scale,fashion_mnist,42,500,0,1.1,1.0,0.05,iid,1.0,99999,146,7.691212299644182,0.792945180773735,0.6261369850635529,0.0,1.3412230429442034,0.0,1000.0,0.0,0.0,5.68928995660701,0.0,0.6044562619584409,0.0,136.21958458941916,0.0,136.21958458941916,0.0,18.686503970104717,0.0,0.41185512231743854,0.0,6026.243953004503,0.0,0.6044562619584409,0.0,5.68928995660701,0.8074546852533256,0.41185512231743854,0.6044562619584409,6.266100891113282,277.2072218382071
noise-game,scale,fashion_mnist,42,500,0,1.1,1.0,0.05,iid,1.0,99999,147,7.691212299644182,0.7927733811140061,0.6271370557546616,0.0,1.3186875645603453,0.0,1000.0,0.0,0.0,5.721555892009495,0.0,0.6026318419881485,0.0,136.04109845842635,0.0,136.04109845842635,0.0,26.60746160234724,0.0,0.39284858613141943,0.0,5766.50416026051,0.0,0.6026318419881485,0.0,5.721555892009495,0.8091260467671673,0.39284858613141943,0.6026318419881485,9.522876892089844,403.65529121823573
noise-game,scale,fashion_mnist,42,500,0,1.1,1.0,0.05,iid,1.0,99999,148,7.691212299644182,0.7926881819963455,0.628593051314354,0.0,1.4536368467591025,0.0,1000.0,0.0,0.0,5.742230668846953,0.0,0.6043655842562132,0.0,136.33356614546344,0.0,136.33356614546344,0.0,14.888492800972678,0.0,0.391901249404658,0.0,5369.099685746404,0.0,0.6043655842562132,0.0,5.742230668846953,0.8107196563881256,0.391901249404658,0.6043655842562132,5.99867691040039,236.24038617284185
noise-game,scale,fashion_mnist,42,500,0,1.1,1.0,0.05,iid,1.0,99999,149,7.691212299644182,0.7927281789779663,0.6292813388109207,0.0,1.3021270587508167,0.0,1000.0,0.0,0.0,5.769601183722381,0.0,0.601859315726907,0.0,135.68804822649275,0.0,135.68804822649275,0.0,17.748818840299332,0.0,0.3722999753829624,0.0,5800.281618889857,0.0,0.601859315726907,0.0,5.769601183722381,0.8040184044273958,0.3722999753829624,0.601859315726907,7.598530700683594,324.81577065783193
noise-game,scale,fashion_mnist,42,500,0,1.1,1.0,0.05,iid,1.0,99999,150,7.691212299644182,0.7926299825906754,0.6301003558635712,0.0,1.4581210832846792,0.0,1000.0,0.0,0.0,5.79142873033238,0.0,0.600229072147166,0.0,135.2159552323191,0.0,135.2159552323191,0.0,13.284019219247918,0.0,0.4388795447976966,0.0,5638.8081169534335,0.0,0.600229072147166,0.0,5.79142873033238,0.7967933274445193,0.4388795447976966,0.600229072147166,5.138206298828125,214.27470844423044
noise-game,scale,fashion_mnist,42,500,0,1.1,1.0,0.05,iid,1.0,99999,151,7.691212299644182,0.7925573806762696,0.6311523342132568,0.0,1.4328734104131018,0.0,1000.0,0.0,0.0,5.817583385783533,0.0,0.6026308096841126,0.0,135.91435980027723,0.0,135.91435980027723,0.0,28.732776980246268,0.0,0.40747619098833493,0.0,5881.09184749904,0.0,0.6026308096841126,0.0,5.817583385783533,0.8063098569958406,0.40747619098833493,0.6026308096841126,8.426690307617188,364.6276945449405
noise-game,scale,fashion_mnist,42,500,0,1.1,1.0,0.05,iid,1.0,99999,152,7.691225225911177,0.7922709794044495,0.6331910635232926,0.0,1.8206437408924103,0.0,1000.0,0.0,0.0,5.834478391100362,0.0,0.6002290721471659,0.0,135.5125831604004,0.0,135.5125831604004,0.0,23.285877561569215,0.0,0.4685212731361389,0.0,5786.582397226159,0.0,0.6002290721471659,0.0,5.834478391100362,0.810387972496877,0.4685212731361389,0.6002290721471659,5.420503326416016,231.46329588904632
noise-game,scale,fashion_mnist,42,500,0,1.1,1.0,0.05,iid,1.0,99999,153,7.691225225911177,0.7922291803359985,0.6340114787817002,0.0,1.202770808711648,0.0,1000.0,0.0,0.0,5.858297175337846,0.0,0.6004937914347117,0.0,135.3465092976888,0.0,135.3465092976888,0.0,12.469556252161661,0.0,0.3572975038550794,0.0,5542.638061532288,0.0,0.6004937914347117,0.0,5.858297175337846,0.8048430089039682,0.3572975038550794,0.6004937914347117,6.496632446289063,266.0466269535498
noise-game,scale,fashion_mnist,42,500,0,1.1,1.0,0.05,iid,1.0,99999,154,7.691225225911177,0.7923473796844482,0.6346459556818008,0.0,1.5886692535877227,0.0,1000.0,0.0,0.0,5.880688640330151,0.0,0.6002290721471661,0.0,135.2530908203125,0.0,135.2530908203125,0.0,24.922929573059083,0.0,0.4513437089323997,0.0,6045.18344107892,0.0,0.6002290721471661,0.0,5.880688640330151,0.8083098741164876,0.4513437089323997,0.6002290721471661,6.762654541015625,302.259172053946
noise-game,scale,fashion_mnist,42,500,0,1.1,1.0,0.05,iid,1.0,99999,155,7.691225225911177,0.7921673800945283,0.6358783593177796,0.0,1.5005656103961742,0.0,1000.0,0.0,0.0,5.90305722264356,0.0,0.600229072147166,0.0,135.5028551541842,0.0,135.5028551541842,0.0,24.479252510345898,0.0,0.44838016379911166,0.0,5702.7834544232655,0.0,0.600229072147166,0.0,5.90305722264356,0.8118031997706542,0.44838016379911166,0.600229072147166,7.046148468017578,296.5447396300099
noise-game,scale,fashion_mnist,42,500,0,1.1,1.0,0.05,iid,1.0,99999,156,7.691225225911177,0.7921549801826477,0.6368503814935684,0.0,1.4373196512460709,0.0,1000.0,0.0,0.0,5.926917589908944,0.0,0.6010331886400092,0.0,135.74175707499185,0.0,135.74175707499185,0.0,19.79622213045756,0.0,0.4243258919256429,0.0,5635.6721344112375,0.0,0.6010331886400092,0.0,5.926917589908944,0.8058980381870628,0.4243258919256429,0.6010331886400092,6.5156043395996095,270.5122624517394
noise-game,scale,fashion_mnist,42,500,0,1.1,1.0,0.05,iid,1.0,99999,157,7.691225225911177,0.7919843801259995,0.6379965240955353,0.0,1.4546850400374216,0.0,1000.0,0.0,0.0,5.9584350146104645,0.0,0.6008944144348415,0.0,135.60811166202322,0.0,135.60811166202322,0.0,32.68502339194803,0.0,0.38466207162641425,0.0,5938.644685098323,0.0,0.6008944144348415,0.0,5.9584350146104645,0.8040182510359187,0.38466207162641425,0.6008944144348415,9.221351593017578,403.827838586686
noise-game,scale,fashion_mnist,42,500,0,1.1,1.0,0.05,iid,1.0,99999,158,7.691225225911177,0.7922807803153992,0.6380494358539581,0.0,0.8268027512923531,0.0,1000.0,0.0,0.0,5.976209363804179,0.0,0.6025844534259248,0.0,135.838274748429,0.0,135.838274748429,0.0,9.177758600400841,0.0,0.21872263207383777,0.0,5571.358524850968,0.0,0.6025844534259248,0.0,5.976209363804179,0.8086949926080833,0.21872263207383777,0.6025844534259248,6.248560638427734,256.2824921431445
noise-game,scale,fashion_mnist,42,500,0,1.1,1.0,0.05,iid,1.0,99999,159,7.691225225911177,0.7920661811828613,0.6393328783512116,0.0,1.5434494228525595,0.0,1000.0,0.0,0.0,5.996003873393698,0.0,0.6002290721471659,0.0,135.34806268865412,0.0,135.34806268865412,0.0,20.68284390189431,0.0,0.44420760006389837,0.0,6040.302482084871,0.0,0.6002290721471659,0.0,5.996003873393698,0.807549674125517,0.44420760006389837,0.6002290721471659,5.955314758300781,265.77330921173433
noise-game,scale,fashion_mnist,42,500,0,1.1,1.0,0.05,iid,1.0,99999,160,7.691225225911177,0.7916865791082383,0.6412989940643311,0.0,1.2488239505328238,0.0,1000.0,0.0,0.0,6.022936822516406,0.0,0.6002412142870807,0.0,135.2939255658318,0.0,135.2939255658318,0.0,26.489630867453183,0.0,0.3667061256025644,0.0,5728.611599829284,0.0,0.6002412142870807,0.0,6.022936822516406,0.8135326600119419,0.3667061256025644,0.6002412142870807,9.199986938476563,389.5455887883913
noise-game,scale,fashion_mnist,42,500,0,1.1,1.0,0.05,iid,1.0,99999,161,7.691225225911177,0.7916627793312073,0.6415580388307571,0.0,1.1845722723266352,0.0,1000.0,0.0,0.0,6.0428813400648504,0.0,0.6002290721471659,0.0,135.4290943975034,0.0,135.4290943975034,0.0,14.599882955136506,0.0,0.33187378100726916,0.0,5537.125045692517,0.0,0.6002290721471659,0.0,6.0428813400648504,0.8167388216444909,0.33187378100726916,0.6002290721471659,6.229738342285156,254.70775210185573
noise-game,scale,fashion_mnist,42,500,0,1.1,1.0,0.05,iid,1.0,99999,162,7.691225225911177,0.7913903790712357,0.6435520561933518,0.0,1.6444327005495627,0.0,1000.0,0.0,0.0,6.075160095360861,0.0,0.6006996394210438,0.0,135.41101710001627,0.0,135.41101710001627,0.0,41.268566926320396,0.0,0.4309625780830781,0.0,5954.300723246619,0.0,0.6006996394210438,0.0,6.075160095360861,0.8182259510513297,0.4309625780830781,0.6006996394210438,9.749593231201171,428.7096520737566
noise-game,scale,fashion_mnist,42,500,0,1.1,1.0,0.05,iid,1.0,99999,163,7.691225225911177,0.7913915808200837,0.645220417022705,0.0,1.750158376019934,0.0,1000.0,0.0,0.0,6.093303092770624,0.0,0.6030913325599794,0.0,135.92335908309272,0.0,135.92335908309272,0.0,26.68522200377091,0.0,0.4585012010825069,0.0,5996.910344645323,0.0,0.6030913325599794,0.0,6.093303092770624,0.8220776013452257,0.4585012010825069,0.6030913325599794,6.252474517822265,275.8578758536849
noise-game,scale,fashion_mnist,42,500,0,1.1,1.0,0.05,iid,1.0,99999,164,7.691225225911177,0.7912191796302795,0.6461439572572708,0.0,1.873209534656434,0.0,1000.0,0.0,0.0,6.114964767320618,0.0,0.6002290721471659,0.0,135.49793715704055,0.0,135.49793715704055,0.0,26.861264137994674,0.0,0.44470649354514624,0.0,5624.500882416255,0.0,0.6002290721471659,0.0,6.114964767320618,0.8188624752406881,0.44470649354514624,0.6002290721471659,5.690913360595703,236.22903706148267
noise-game,scale,fashion_mnist,42,500,0,1.1,1.0,0.05,iid,1.0,99999,165,7.691225225911177,0.7912053797245026,0.6475555340051651,0.0,1.76706067721049,0.0,1000.0,0.0,0.0,6.134854897471622,0.0,0.6002290721471661,0.0,135.58001708984375,0.0,135.58001708984375,0.0,32.76622200012207,0.0,0.4145932903823753,0.0,5664.662962735122,0.0,0.6002290721471661,0.0,6.134854897471622,0.8269662116367921,0.4145932903823753,0.6002290721471661,6.5078408203125,271.9038222112859
noise-game,scale,fashion_mnist,42,500,0,1.1,1.0,0.05,iid,1.0,99999,166,7.691225225911177,0.7910809795856476,0.6490257009267807,0.0,1.7152907945215703,0.0,1000.0,0.0,0.0,6.149946345264758,0.0,0.6002290721471659,0.0,135.14449005126954,0.0,135.14449005126954,0.0,23.021449422836305,0.0,0.4414259858429432,0.0,5655.895999910691,0.0,0.6002290721471659,0.0,6.149946345264758,0.8323250289801429,0.4414259858429432,0.6002290721471659,5.405779602050782,226.23583999642764
noise-game,scale,fashion_mnist,42,500,0,1.1,1.0,0.05,iid,1.0,99999,167,7.696589645381254,0.7908805791139603,0.650059574007988,0.0,1.5216782838106155,0.0,1000.0,0.0,0.0,6.174712703750936,0.0,0.600229072147166,0.0,135.4571751185826,0.0,135.4571751185826,0.0,29.646217107772827,0.0,0.4495566854519503,0.0,6397.7976147083555,0.0,0.600229072147166,0.0,6.174712703750936,0.8271391955736093,0.4495566854519503,0.600229072147166,7.585601806640625,358.2766664236679
noise-game,scale,fashion_mnist,42,500,0,1.1,1.0,0.05,iid,1.0,99999,168,7.815645122434567,0.7909069800376892,0.6512168923616409,0.0,1.6319214127681874,0.0,1000.0,0.0,0.0,6.195980717788621,0.0,0.600229072147166,0.0,135.34972579390913,0.0,135.34972579390913,0.0,28.995628745467574,0.0,0.41255187105249475,0.0,6031.248881079116,0.0,0.600229072147166,0.0,6.195980717788621,0.8319816224808214,0.41255187105249475,0.600229072147166,7.308885192871093,325.68743957827223
noise-game,scale,fashion_mnist,42,500,0,1.1,1.0,0.05,iid,1.0,99999,169,7.815645122434567,0.7909465800523758,0.6513019251823425,0.0,0.9483918771147728,0.0,1000.0,0.0,0.0,6.214887106575912,0.0,0.6002290721471661,0.0,135.35759626116072,0.0,135.35759626116072,0.0,4.117012654032026,0.0,0.3353445902466774,0.0,6434.894763115704,0.0,0.6002290721471661,0.0,6.214887106575912,0.805698215646436,0.3353445902466774,0.6002290721471661,3.7900126953125,180.17705336723972
noise-game,scale,fashion_mnist,42,500,0,1.1,1.0,0.05,iid,1.0,99999,170,7.815645122434567,0.7906805819272995,0.6534533586502075,0.0,1.617403467297554,0.0,1000.0,0.0,0.0,6.234852452619978,0.0,0.6002290721471661,0.0,135.41556518554688,0.0,135.41556518554688,0.0,25.600436935424806,0.0,0.3885985365509987,0.0,5931.145436780491,0.0,0.6002290721471661,0.0,6.234852452619978,0.8119905993288449,0.3885985365509987,0.6002290721471661,6.770778259277344,296.5572718390246
noise-game,scale,fashion_mnist,42,500,0,1.1,1.0,0.05,iid,1.0,99999,171,7.815658048701563,0.7905165799856186,0.655263356924057,0.0,1.6270968407906334,0.0,1000.0,0.0,0.0,6.260137913447087,0.0,0.600229072147166,0.0,135.30909308071793,0.0,135.30909308071793,0.0,32.95302266088025,0.0,0.3992944696982359,0.0,5762.926398731442,0.0,0.600229072147166,0.0,6.260137913447087,0.8084235601955503,0.3992944696982359,0.600229072147166,7.847927398681641,334.24973112642357
noise-game,scale,fashion_mnist,42,500,0,1.1,1.0,0.05,iid,1.0,99999,172,7.815658048701563,0.7905941795110702,0.6559010585546493,0.0,1.1795721225164555,0.0,1000.0,0.0,0.0,6.282104487728006,0.0,0.600229072147166,0.0,135.38544605396413,0.0,135.38544605396413,0.0,16.144848258407027,0.0,0.3288388241910272,0.0,5902.178470778542,0.0,0.600229072147166,0.0,6.282104487728006,0.8106097963354327,0.3288388241910272,0.600229072147166,7.310814086914062,318.71763742204126
noise-game,scale,fashion_mnist,42,500,0,1.1,1.0,0.05,iid,1.0,99999,173,7.815658048701563,0.790591779589653,0.656968103647232,0.0,1.6480862750230652,0.0,1000.0,0.0,0.0,6.299674560202678,0.0,0.600229072147166,0.0,135.26187535336143,0.0,135.26187535336143,0.0,23.86800826223273,0.0,0.41273045559462745,0.0,6044.62033387509,0.0,0.600229072147166,0.0,6.299674560202678,0.8087971981828376,0.41273045559462745,0.600229072147166,5.139951263427735,229.69557268725345
noise-game,scale,fashion_mnist,42,500,0,1.1,1.0,0.05,iid,1.0,99999,174,7.821022468171638,0.7902697807550431,0.6590733261108398,0.0,1.708208779245615,0.0,1000.0,0.0,0.0,6.3287265318632375,0.0,0.600229072147166,0.0,135.43872593470982,0.0,135.43872593470982,0.0,43.893085316249305,0.0,0.3984925343522004,0.0,6123.251650195275,0.0,0.600229072147166,0.0,6.3287265318632375,0.8052235641289739,0.3984925343522004,0.600229072147166,9.480710815429687,428.62761551366935
noise-game,scale,fashion_mnist,42,500,0,1.1,1.0,0.05,iid,1.0,99999,175,7.821022468171638,0.7902741786241532,0.6597247009277344,0.0,1.4603677071010073,0.0,1000.0,0.0,0.0,6.353180975990587,0.0,0.6002290721471659,0.0,135.4031962076823,0.0,135.4031962076823,0.0,26.145095539093017,0.0,0.3866165427180628,0.0,5997.905101279914,0.0,0.6002290721471659,0.0,6.353180975990587,0.804803776543355,0.3866165427180628,0.6002290721471659,8.124191772460938,359.8743060767949
noise-game,scale,fashion_mnist,42,500,0,1.1,1.0,0.05,iid,1.0,99999,176,7.821022468171638,0.7899269791841507,0.6617641677856445,0.0,1.783194777627404,0.0,1000.0,0.0,0.0,6.3728840261015165,0.0,0.600229072147166,0.0,135.43920311560998,0.0,135.43920311560998,0.0,30.605007611788235,0.0,0.44834011943581015,0.0,6196.301553859857,0.0,0.600229072147166,0.0,6.3728840261015165,0.8068722076611783,0.44834011943581015,0.600229072147166,7.042838562011719,322.2076808007125
noise-game,scale,fashion_mnist,42,500,0,1.1,1.0,0.05,iid,1.0,99999,177,7.821022468171638,0.789862979888916,0.6628812687397003,0.0,1.67943990478913,0.0,1000.0,0.0,0.0,6.389567583952363,0.0,0.6002290721471661,0.0,135.23240089416504,0.0,135.23240089416504,0.0,30.53913414478302,0.0,0.4256410946448644,0.0,6071.36127371461,0.0,0.6002290721471661,0.0,6.389567583952363,0.8095811678506444,0.4256410946448644,0.6002290721471661,6.4911552429199215,291.4253411383013
noise-game,scale,fashion_mnist,42,500,0,1.1,1.0,0.05,iid,1.0,99999,178,7.945455290962023,0.7896225813627243,0.6646368551254273,0.0,2.144857621192932,0.0,1000.0,0.0,0.0,6.4033973514846,0.0,0.6002290721471659,0.0,135.33463516235352,0.0,135.33463516235352,0.0,41.08203010559082,0.0,0.5122268429026008,0.0,6114.456171554221,0.0,0.6002290721471659,0.0,6.4033973514846,0.8106843550317784,0.5122268429026008,0.6002290721471659,5.4133854064941405,244.5782468621689
noise-game,scale,fashion_mnist,42,500,0,1.1,1.0,0.05,iid,1.0,99999,179,7.945455290962023,0.7897255795001984,0.665670222401619,0.0,1.8019209021613711,0.0,1000.0,0.0,0.0,6.41827858499068,0.0,0.6002290721471659,0.0,135.4554225376674,0.0,135.4554225376674,0.0,24.293987001691544,0.0,0.41569960720482324,0.0,6331.465559719798,0.0,0.6002290721471659,0.0,6.41827858499068,0.8114799317424236,0.41569960720482324,0.6002290721471659,5.689127746582031,265.9215535082315
noise-game,scale,fashion_mnist,42,500,0,1.1,1.0,0.05,iid,1.0,99999,180,7.945455290962023,0.7895585805177688,0.6672079088687897,0.0,1.5655120785231702,0.0,1000.0,0.0,0.0,6.44073684524151,0.0,0.6002290721471661,0.0,135.4692440032959,0.0,135.4692440032959,0.0,33.80207967758179,0.0,0.42075732274679467,0.0,6158.536480039533,0.0,0.6002290721471661,0.0,6.44073684524151,0.8163177433077337,0.42075732274679467,0.6002290721471661,8.670031616210938,394.14633472253007
noise-game,scale,fashion_mnist,42,500,0,1.1,1.0,0.05,iid,1.0,99999,181,7.945455290962023,0.7894455804824829,0.6685163828134537,0.0,1.452205872961453,0.0,1000.0,0.0,0.0,6.455755201540404,0.0,0.6002290721471659,0.0,135.5075153169178,0.0,135.5075153169178,0.0,17.85485213143485,0.0,0.3959674240932578,0.0,6225.128098945484,0.0,0.6002290721471659,0.0,6.455755201540404,0.8173102403390974,0.3959674240932578,0.6002290721471659,5.6913156433105465,261.4553801557103
noise-game,scale,fashion_mnist,42,500,0,1.1,1.0,0.05,iid,1.0,99999,182,7.945455290962023,0.7892939786911011,0.6700522660017013,0.0,1.7946680957271206,0.0,1000.0,0.0,0.0,6.477640616693779,0.0,0.6002290721471659,0.0,135.49607652233493,0.0,135.49607652233493,0.0,44.47109357772335,0.0,0.4315769513768534,0.0,6206.588756806766,0.0,0.6002290721471659,0.0,6.477640616693779,0.8199421370373989,0.4315769513768534,0.6002290721471659,8.400756744384765,384.80850292201944
noise-game,scale,fashion_mnist,42,500,0,1.1,1.0,0.05,iid,1.0,99999,183,7.945455290962023,0.7889503788948059,0.6717314711809158,0.0,1.7089331660951887,0.0,1000.0,0.0,0.0,6.497851299963925,0.0,0.600229072147166,0.0,135.29373713902064,0.0,135.29373713902064,0.0,34.991188866751536,0.0,0.37902029550501276,0.0,5959.874037399393,0.0,0.600229072147166,0.0,6.497851299963925,0.8235020636473315,0.37902029550501276,0.600229072147166,7.576449279785156,333.752946094366
noise-game,scale,fashion_mnist,42,500,0,1.1,1.0,0.05,iid,1.0,99999,184,7.945455290962023,0.7890135816335678,0.6728268817663193,0.0,1.5057212918996812,0.0,1000.0,0.0,0.0,6.512914006436386,0.0,0.6002290721471659,0.0,135.3764450073242,0.0,135.3764450073242,0.0,16.7950501203537,0.0,0.3236797608435154,0.0,6467.962301015247,0.0,0.6002290721471659,0.0,6.512914006436386,0.8240204676278555,0.3236797608435154,0.6002290721471659,5.415057800292969,258.7184920406099
noise-game,scale,fashion_mnist,42,500,0,1.1,1.0,0.05,iid,1.0,99999,185,8.069888113752407,0.7890143790245057,0.6739175041913986,0.0,1.611997660679313,0.0,1000.0,0.0,0.0,6.531526602389673,0.0,0.600229072147166,0.0,135.33283292330228,0.0,135.33283292330228,0.0,27.448296546936035,0.0,0.41156479114523303,0.0,6244.946118262515,0.0,0.600229072147166,0.0,6.531526602389673,0.8305451538624575,0.41156479114523303,0.600229072147166,7.037307312011719,324.73719814965085
