algorithm,attack_type,dataset,seed,n_nodes,n_attackers,noise_mult,clip_bound,sampling_rate,split_mode,dirichlet_alpha,start_round,round,epsilon,accuracy,test_loss,f1_score,mean_update_norm_honest,mean_update_norm_attacker,best_alpha,precision,recall,total_tp_all,total_fp_all,total_fn_all,total_tn_all,V_agg_norm_honest,V_agg_norm_attacker,eps_n_honest,eps_n_attacker,n_rejected_honest,n_rejected_attacker,S_agg_norm_honest,S_agg_norm_attacker,D_threshold_honest,D_threshold_attacker,eps_avg,eps_std,rho_t,trust_toward_honest,trust_toward_attacker
trust-aware,scale,mnist,42,500,300,1.1,2.0,0.05,iid,1.0,50,0,0.2635107699722956,0.3771969885379076,2.0970317673683168,nan,0.17777395993471146,0.17517175450921058,1000.0,nan,nan,0,0,0,50158,1.5403538346290588,0.9191233559449514,0.26351076997229567,0.26351076997229567,0.0,0.0,3.850884437561035,2.297808341185252,0.6541288649229685,0.6456431827023746,0.26351076997229567,5.551115123125783e-17,0.3,0.9999805065475013,0.9963267365791977
trust-aware,scale,mnist,42,500,300,1.1,2.0,0.05,iid,1.0,50,1,0.30216558923805237,0.5466839867830277,1.9001785385608674,nan,0.17931003123521805,0.180221090366443,1000.0,nan,nan,0,0,0,51210,1.6845219433307648,1.0737102963527043,0.3021655892380524,0.30216558923805237,0.0,0.0,4.211304863293965,2.2944645873705545,0.633524136033725,0.6370702969358966,0.3021655892380525,1.1102230246251565e-16,0.315,0.9990637600452746,0.9786439811027151
trust-aware,scale,mnist,42,500,300,1.1,2.0,0.05,iid,1.0,50,2,0.34410266237445,0.6460209819674492,1.6952939838171006,nan,0.18120952116118538,0.18337088967363038,1000.0,nan,nan,0,0,0,51100,1.4256088468763564,1.1307314604520797,0.3441026623744499,0.3441026623744499,0.0,0.0,3.564022011227078,2.3151888434092203,0.609302556410749,0.6251666946290649,0.3441026623744499,5.551115123125783e-17,0.33,0.9986730797161537,0.9615247170427899
trust-aware,scale,mnist,42,500,300,1.1,2.0,0.05,iid,1.0,50,3,0.38986963149288734,0.7035824820399285,1.5039483845233916,nan,0.17717202752828598,0.18360479444265365,1000.0,nan,nan,0,0,0,51242,1.7275002002716064,1.1389653845628103,0.38986963149288734,0.38986963149288734,0.0,0.0,4.28488108089992,2.27613623102506,0.5665594912804383,0.6093033873895509,0.38986963149288734,0.0,0.345,0.9972660674562224,0.9449690497165729
trust-aware,scale,mnist,42,500,300,1.1,2.0,0.05,iid,1.0,50,4,0.44226468151870224,0.7451639825105667,1.325473017692566,nan,0.1674790067805184,0.1801923787097136,1000.0,nan,nan,0,0,0,50968,1.4101928075154622,1.130017983118693,0.4422646815187023,0.44226468151870224,0.0,0.0,3.4619776937696667,2.228197404543559,0.511404582538115,0.5899905014474458,0.44226468151870235,1.1102230246251565e-16,0.36,0.9968949428753366,0.9291492161107963
trust-aware,scale,mnist,42,500,300,1.1,2.0,0.05,iid,1.0,50,5,0.5315777515144099,0.7744884818792344,1.1697081500291824,nan,0.15981600681940714,0.17571987489859264,1000.0,nan,nan,0,0,0,50564,1.7209561467170715,1.0829269667466481,0.53157775151441,0.53157775151441,0.0,0.0,3.975899418195089,2.096747417052587,0.47699493942324017,0.567619067832662,0.53157775151441,1.1102230246251565e-16,0.375,0.9966920225540864,0.9206221126051596
trust-aware,scale,mnist,42,500,300,1.1,2.0,0.05,iid,1.0,50,6,0.558999622203959,0.7956394785642624,1.041045744717121,nan,0.1440611481666565,0.1683173414071401,1000.0,nan,nan,0,0,0,50646,1.4572167226246424,1.0334252480665842,0.5589996222039592,0.558999622203959,0.0,0.0,3.4738680635179793,1.9910530734062195,0.4234187754917093,0.5372567674612131,0.5589996222039593,2.220446049250313e-16,0.39,0.9963792631075951,0.9109985474485414
trust-aware,scale,mnist,42,500,300,1.1,2.0,0.05,iid,1.0,50,7,0.5880046216568433,0.8103459790349007,0.9393050271272659,nan,0.12721483409404755,0.1573966859281063,1000.0,nan,nan,0,0,0,51486,1.1966008245944977,0.9788933863242467,0.5880046216568432,0.5880046216568432,0.0,0.0,2.8991105215890065,1.8825486024220786,0.3646495083968369,0.5001742880652759,0.5880046216568433,0.0,0.405,0.9950676498724079,0.8878128685071094
trust-aware,scale,mnist,42,500,300,1.1,2.0,0.05,iid,1.0,50,8,0.6186656634250423,0.820966981947422,0.8586764687299728,nan,0.11552283068497976,0.14405590792497,1000.0,nan,nan,0,0,0,51670,1.1161112825075785,0.9133605962991714,0.6186656634250421,0.6186656634250421,0.0,0.0,2.6221331357955933,1.7337164529164633,0.3250416902145347,0.4588020164001504,0.6186656634250423,0.0,0.42,0.9936339886780252,0.8634385489057886
trust-aware,scale,mnist,42,500,300,1.1,2.0,0.05,iid,1.0,50,9,0.6510644430024428,0.8292659789323806,0.7927160882949829,nan,0.10581940226256847,0.13082112001876037,1000.0,nan,nan,0,3,0,51625,1.1087402651707332,0.8325517527262369,0.6510644430024426,0.6510644430024427,0.0,0.01,2.32989768187205,1.5530551195144653,0.3376907882745839,0.41647504993986206,0.6510644430024427,1.1102230246251565e-16,0.435,0.9929101043249792,0.8426191584866563
trust-aware,scale,mnist,42,500,300,1.1,2.0,0.05,iid,1.0,50,10,0.6852937746268957,0.8358199787139893,0.7399157553911209,nan,0.09326114166866649,0.11809848129749298,1000.0,nan,nan,0,0,0,51156,0.9650979583913629,0.757396276195844,0.6852937746268957,0.6852937746268957,0.0,0.0,2.2799469232559204,1.4080803020795187,0.25253606037411236,0.37408486364387744,0.6852937746268957,0.0,0.44999999999999996,0.9920874172605743,0.8225397449046983
trust-aware,scale,mnist,42,500,300,1.1,2.0,0.05,iid,1.0,50,11,0.7214611380882578,0.8413459789752961,0.6964060792326927,nan,0.08757208918149655,0.10634230193992456,1000.0,nan,nan,0,0,0,51594,0.9645280196116521,0.6747960533698399,0.7214611380882578,0.7214611380882577,0.0,0.0,2.0204512981268077,1.2349565001328786,0.26275053651517866,0.33333272855345975,0.721461138088258,1.1102230246251565e-16,0.46499999999999997,0.991072630823854,0.8043237119205705
trust-aware,scale,mnist,42,500,300,1.1,2.0,0.05,iid,1.0,50,12,0.7596944884031196,0.8458549797534942,0.6603454077243804,nan,0.0813295291736722,0.09592182459930579,1000.0,nan,nan,0,0,0,50592,1.2731562107801437,0.591679683526357,0.7596944884031196,0.7596944884031195,0.0,0.0,2.6161146610975266,1.0646760751803717,0.2626886476033241,0.2959625044444164,0.7596944884031196,0.0,0.48,0.9906399098120575,0.8003910107373065
trust-aware,scale,mnist,42,500,300,1.1,2.0,0.05,iid,1.0,50,13,0.8001526997791856,0.8494114780426025,0.630361644923687,nan,0.07317214161157608,0.08727843100825945,1000.0,nan,nan,0,0,0,50896,0.8760960817337036,0.5273894485831261,0.8001526997791858,0.8001526997791857,0.0,0.0,1.7571046710014344,0.9652567032972972,0.22826992226177967,0.263272386573701,0.8001526997791857,1.1102230246251565e-16,0.49499999999999994,0.9898596811596341,0.7907642385611549
trust-aware,scale,mnist,42,500,300,1.1,2.0,0.05,iid,1.0,50,14,0.8430464367132451,0.85307147949934,0.6046310338377953,nan,0.06851499634129661,0.07983664078017076,1000.0,nan,nan,0,0,0,50650,0.7671584529536111,0.47176368872324626,0.843046436713245,0.8430464367132453,0.0,0.0,1.5693938391549247,0.8650733675559362,0.21216143401512116,0.2348473513348329,0.843046436713245,1.1102230246251565e-16,0.51,0.9895739547743646,0.783177732009087
trust-aware,scale,mnist,42,500,300,1.1,2.0,0.05,iid,1.0,50,15,0.8793723681465165,0.8557744759321213,0.5829718264937401,nan,0.06450894102454185,0.07348260477185249,1000.0,0.0,nan,0,60,0,50638,0.8561145729488797,0.4193712563316027,0.8793723681465165,0.8793723681465166,0.1111111111111111,0.19666666666666666,1.7022238704893324,0.7611540081103643,0.21317812950076978,0.2105013842986222,0.8793723681465164,1.1102230246251565e-16,0.525,0.9889657948177039,0.7802907517003868
trust-aware,scale,mnist,42,500,300,1.1,2.0,0.05,iid,1.0,50,16,0.9126284626054437,0.858378980755806,0.5639521247148513,nan,0.061219632253050806,0.06828864755729834,1000.0,nan,nan,0,169,0,51101,0.7388296544551849,0.3804132012526194,0.9126284626054436,0.9126284626054435,0.0,0.5633333333333334,1.2641844630241394,0.703821518222491,0.21617081700528903,0.19002964649424847,0.9126284626054437,0.0,0.54,0.988412917844923,0.7717527906971421
trust-aware,scale,mnist,42,500,300,1.1,2.0,0.05,iid,1.0,50,17,0.9474622637610021,0.8603849762678146,0.5476959893107414,nan,0.05744593455032869,0.06386716948201258,1000.0,nan,nan,0,66,0,50926,0.7343570833856409,0.3440018338958422,0.947462263761002,0.947462263761002,0.0,0.22,1.2797336415811018,0.6319328000148138,0.19019782818057526,0.17296743588602637,0.9474622637610021,0.0,0.555,0.9875744283628195,0.7660273443567475
trust-aware,scale,mnist,42,500,300,1.1,2.0,0.05,iid,1.0,50,18,0.9839586158871577,0.8626479807496071,0.5334575814008713,nan,0.05453398158507688,0.06010497633367777,1000.0,nan,nan,0,131,0,51043,0.7284910040242332,0.3149156430363655,0.9839586158871577,0.9839586158871577,0.0,0.43666666666666665,1.1877671991075789,0.5883465494712193,0.18137662115607014,0.15861495879276666,0.9839586158871577,0.0,0.57,0.9860816216377859,0.7561421045983748
trust-aware,scale,mnist,42,500,300,1.1,2.0,0.05,iid,1.0,50,19,1.022216540748102,0.8642534786462783,0.5206646022200584,nan,0.05316358059644699,0.05682877715677023,1000.0,0.0,nan,0,219,0,50651,0.6994462741745843,0.286530046860377,1.0222165407481023,1.0222165407481023,0.1111111111111111,0.7266666666666667,1.1756834520234003,0.5300184733668963,0.18446383987376316,0.14654652826749578,1.0222165407481025,4.440892098500626e-16,0.5850000000000001,0.9854739213408993,0.7554796132002517
trust-aware,scale,mnist,42,500,300,1.1,2.0,0.05,iid,1.0,50,20,1.0623545611125644,0.8658739784359932,0.5093778869509697,nan,0.04986923102002878,0.05418709632009268,1000.0,nan,nan,0,81,0,51057,0.6711005706053513,0.26782497550050416,1.0623545611125642,1.0623545611125644,0.0,0.27,1.0991540597035334,0.5055685381094615,0.154026640729305,0.13642459673974008,1.0623545611125642,2.220446049250313e-16,0.6,0.9843120987217574,0.74746330445906
trust-aware,scale,mnist,42,500,300,1.1,2.0,0.05,iid,1.0,50,21,1.1045192595593831,0.8673084780573845,0.4992242522537708,nan,0.04827190988830158,0.051833340128262836,1000.0,nan,nan,0,94,0,50532,0.6699473559856415,0.2476833842198054,1.1045192595593836,1.1045192595593833,0.0,0.31333333333333335,1.1007005998066492,0.4635644560058912,0.1553271846076589,0.12773701712782218,1.1045192595593836,4.440892098500626e-16,0.6149999999999999,0.98399143244866,0.7438095546113803
trust-aware,scale,mnist,42,500,300,1.1,2.0,0.05,iid,1.0,50,22,1.148899646893674,0.8686209782958031,0.4898990149796009,nan,0.04640078831177492,0.04991082863261302,1000.0,0.0,nan,0,258,0,51096,0.6324380361116849,0.2307154676814874,1.1488996468936743,1.148899646893674,0.07692307692307693,0.8566666666666667,0.9459531261370733,0.4345685643951098,0.15937558059557613,0.12031038280458395,1.1488996468936743,2.220446049250313e-16,0.63,0.9829484768769354,0.7415485156752215
trust-aware,scale,mnist,42,500,300,1.1,2.0,0.05,iid,1.0,50,23,1.1932226547715872,0.8698084768652916,0.4815995119512081,nan,0.04526915494352579,0.04809424232691526,1000.0,0.0,nan,0,137,0,50359,0.7936010994017124,0.2173738727470239,1.1932226547715867,1.193222654771587,0.25,0.45,1.1251279041171074,0.4106810310482979,0.17498779626581012,0.11391732598891238,1.193222654771587,2.220446049250313e-16,0.6450000000000001,0.9824714078696236,0.7407485203511802
trust-aware,scale,mnist,42,500,300,1.1,2.0,0.05,iid,1.0,50,24,1.2237170788729461,0.870778477191925,0.4742320653796196,nan,0.04338803421705961,0.04656661231070757,1000.0,nan,nan,0,141,0,50471,0.5736680626869202,0.20670187120636305,1.2237170788729461,1.2237170788729463,0.0,0.47,0.9533182233572006,0.3934766621390979,0.13968088224844266,0.1083572586376648,1.2237170788729463,2.220446049250313e-16,0.66,0.9820023704424783,0.7386698501720348
trust-aware,scale,mnist,42,500,300,1.1,2.0,0.05,iid,1.0,50,25,1.255370164114324,0.8718569794297218,0.4674613106250763,nan,0.04198138705558247,0.04499253681550423,1000.0,nan,nan,0,85,0,50905,0.5185557421710756,0.19902702634533245,1.2553701641143242,1.2553701641143242,0.0,0.2833333333333333,0.7932048208183713,0.38395184099674223,0.13567719880576665,0.10338687854763359,1.2553701641143242,2.220446049250313e-16,0.6749999999999999,0.9815086451104619,0.7311379044020605
trust-aware,scale,mnist,42,500,300,1.1,2.0,0.05,iid,1.0,50,26,1.2882265209338715,0.8728229784965515,0.4610038360953331,nan,0.040918376917640366,0.043629955450693765,1000.0,nan,nan,0,44,0,50454,0.6449599713087082,0.18977715820074081,1.2882265209338717,1.2882265209338717,0.0,0.14666666666666667,1.0337602744499843,0.3627542007962863,0.1394868817676004,0.09893529358265636,1.288226520933872,4.440892098500626e-16,0.69,0.9812995230451925,0.7273072220265311
trust-aware,scale,mnist,42,500,300,1.1,2.0,0.05,iid,1.0,50,27,1.3223351707503768,0.8736074775457382,0.4554149749875069,nan,0.040049864186180964,0.04254889520506064,1000.0,nan,nan,0,226,0,50842,0.5435370008150736,0.17943585594495137,1.3223351707503763,1.3223351707503765,0.0,0.7533333333333333,0.737058636214998,0.34029736548662187,0.14199741702521573,0.09494197809106358,1.3223351707503765,2.220446049250313e-16,0.705,0.9807979792070478,0.7289950727906411
trust-aware,scale,mnist,42,500,300,1.1,2.0,0.05,iid,1.0,50,28,1.3577503788831171,0.8744254767894745,0.4501870857179165,nan,0.03917855992913246,0.04155124322821697,1000.0,0.0,nan,0,149,0,50643,0.4903757438063622,0.17251199101408324,1.3577503788831173,1.3577503788831171,0.2,0.49,0.777765291929245,0.3309050307671229,0.12315376720670472,0.09134373378859581,1.3577503788831173,2.220446049250313e-16,0.7200000000000001,0.9800944507665837,0.7261749274151722
trust-aware,scale,mnist,42,500,300,1.1,2.0,0.05,iid,1.0,50,29,1.3945327218869124,0.8751329800486565,0.4452334278821945,nan,0.03822129964828491,0.040461905958751834,1000.0,nan,nan,0,213,0,50479,0.5372897777706385,0.16604120249549548,1.3945327218869124,1.3945327218869126,0.0,0.71,0.7226709648966789,0.3180883556604385,0.14156191529155593,0.08800527846386592,1.3945327218869124,0.0,0.735,0.97963010384905,0.7248745227076863
trust-aware,scale,mnist,42,500,300,1.1,2.0,0.05,iid,1.0,50,30,1.4327504734265042,0.8758124786615372,0.4408465349674225,nan,0.03633220894978596,0.039666552717487015,1000.0,nan,nan,0,343,0,50877,0.4928939308111484,0.1602155414223671,1.432750473426504,1.432750473426504,0.0,1.1433333333333333,0.6523079299009763,0.3076788059870402,0.13259347401169574,0.08499820287621927,1.4327504734265044,2.220446049250313e-16,0.75,0.9784161974925073,0.7216622058102128
trust-aware,scale,mnist,42,500,300,1.1,2.0,0.05,iid,1.0,50,31,1.4724814279430891,0.8763799768686295,0.43666588366031645,nan,0.03617374332887786,0.03876414474099874,1000.0,0.0,nan,0,167,0,50443,0.586204183953149,0.15520286371310552,1.4724814279430891,1.4724814279430893,0.2857142857142857,0.55,0.6611844514097486,0.2989599871635437,0.1418062911605424,0.08222953351098626,1.472481427943089,2.220446049250313e-16,0.7649999999999999,0.97810978501384,0.7198947212608687
trust-aware,scale,mnist,42,500,300,1.1,2.0,0.05,iid,1.0,50,32,1.5138153326430999,0.8770649787783623,0.43294825211167337,nan,0.035324642062187196,0.03782944717754921,1000.0,0.0,nan,0,92,0,50698,0.514766326546669,0.15204867452383042,1.5138153326430999,1.5138153326430999,0.1,0.30333333333333334,0.6966845333576203,0.29474303474028907,0.11675954401811532,0.07959801935438923,1.5138153326430996,2.220446049250313e-16,0.78,0.9773810514661211,0.7127331639491752
trust-aware,scale,mnist,42,500,300,1.1,2.0,0.05,iid,1.0,50,33,1.5568571736316952,0.8775664776563644,0.4294943681359291,nan,0.0357134498655796,0.037211931124329564,1000.0,nan,nan,0,10,0,50210,0.5641337841749191,0.14538588677843411,1.556857173631695,1.556857173631695,0.0,0.03333333333333333,0.9950285971164703,0.27791894008715945,0.10160191096276916,0.07716420431362758,1.5568571736316952,0.0,0.795,0.9772005020200882,0.7109542193692844
trust-aware,scale,mnist,42,500,300,1.1,2.0,0.05,iid,1.0,50,34,1.5961356544147973,0.878099976181984,0.4261912304162979,nan,0.03395498142792629,0.03645837524284919,1000.0,nan,nan,0,41,0,51391,0.4444760645811374,0.1405110136171182,1.5961356544147975,1.5961356544147975,0.0,0.13666666666666666,0.5679135070397303,0.2696420440574487,0.10371139062393249,0.07492176766419233,1.5961356544147978,4.440892098500626e-16,0.81,0.9760952177152369,0.7065457410698522
trust-aware,scale,mnist,42,500,300,1.1,2.0,0.05,iid,1.0,50,35,1.6303152389904,0.8786364787817001,0.42309934094548224,nan,0.033664520829916,0.03579829058299462,1000.0,nan,nan,0,255,0,50825,0.4607604755596681,0.13584846667945386,1.6303152389903997,1.6303152389903999,0.0,0.85,0.589061745188453,0.2614483024676641,0.11624220214840987,0.07278588427811238,1.6303152389903999,2.220446049250313e-16,0.825,0.9753082396713714,0.7053710248494734
trust-aware,scale,mnist,42,500,300,1.1,2.0,0.05,iid,1.0,50,36,1.6656394806877934,0.8790359798073769,0.42025833919644356,nan,0.03254213401426872,0.03521325600643953,1000.0,nan,nan,0,34,0,50430,0.4061679393053055,0.13295173287391662,1.6656394806877939,1.6656394806877937,0.0,0.11333333333333333,0.5427267253398895,0.25783943603436155,0.09744236454170561,0.07079967290106676,1.6656394806877939,4.440892098500626e-16,0.84,0.9750776736322465,0.7017870283026955
trust-aware,scale,mnist,42,500,300,1.1,2.0,0.05,iid,1.0,50,37,1.7021545775828013,0.8794129776954651,0.4176917169988155,nan,0.03169197235256434,0.03455939737459024,1000.0,0.0,nan,0,144,0,50544,0.5578295305371285,0.12951673338810601,1.7021545775828013,1.702154577582801,0.1,0.4766666666666667,0.702324116230011,0.25035776421427725,0.10874478572562016,0.06895799498360611,1.7021545775828018,4.440892098500626e-16,0.855,0.9742916450168022,0.6991276028562213
trust-aware,scale,mnist,42,500,300,1.1,2.0,0.05,iid,1.0,50,38,1.7399113538860758,0.8797869765758515,0.41524978414177893,nan,0.031542327255010605,0.034012208729982375,1000.0,0.0,nan,0,660,0,51180,0.5376243111160066,0.12551190095643203,1.7399113538860758,1.7399113538860755,0.1111111111111111,2.1933333333333334,0.5218279030587938,0.24079883515834807,0.1368760237045583,0.06717707869959898,1.7399113538860753,4.440892098500626e-16,0.8700000000000001,0.9719243000928851,0.7005137271942654
trust-aware,scale,mnist,42,500,300,1.1,2.0,0.05,iid,1.0,50,39,1.7789660529514504,0.8801364779472352,0.4128939129412174,nan,0.030502025596797468,0.033444217710445326,1000.0,0.0,nan,0,130,0,50508,0.41533252894878386,0.12221044120689233,1.7789660529514504,1.7789660529514504,0.2,0.4266666666666667,0.6223897457122802,0.23617818156878154,0.09545943336178801,0.0654969552100155,1.7789660529514502,2.220446049250313e-16,0.885,0.9711518155721274,0.699564144458165
trust-aware,scale,mnist,42,500,300,1.1,2.0,0.05,iid,1.0,50,40,1.8193813121440443,0.8804994788765907,0.4106316131353378,nan,0.030653864352239504,0.03298630074287454,1000.0,nan,nan,0,274,0,50932,0.28554117017322117,0.11828899989525476,1.8193813121440445,1.8193813121440439,0.0,0.9133333333333333,0.38065701723098755,0.22795946031808853,0.08492205147016617,0.06391663721325924,1.8193813121440445,2.220446049250313e-16,0.8999999999999999,0.9708276716159654,0.6973680800570532
trust-aware,scale,mnist,42,500,300,1.1,2.0,0.05,iid,1.0,50,41,1.8612273687051577,0.8809459763765335,0.40847852289676667,nan,0.03043953632004559,0.03261504602308075,1000.0,0.0,nan,0,453,0,51059,0.4081600122153759,0.11517898331085841,1.8612273687051581,1.861227368705158,0.25,1.4966666666666666,0.555538346990943,0.22227798273166022,0.10326855469003209,0.06244921284462517,1.861227368705158,2.220446049250313e-16,0.915,0.9691797058579273,0.6988367583065513
trust-aware,scale,mnist,42,500,300,1.1,2.0,0.05,iid,1.0,50,42,1.904583560352156,0.8811729779839516,0.40662836998701096,nan,0.030622705817222595,0.0319945997868975,1000.0,nan,nan,0,208,0,50288,0.512502521276474,0.11296546081701915,1.9045835603521555,1.9045835603521566,0.0,0.6933333333333334,0.6130289236704508,0.21849476511279742,0.11003103590779449,0.06102813067128607,1.9045835603521557,2.220446049250313e-16,0.9299999999999999,0.9689535268822488,0.6995993612571615
trust-aware,scale,mnist,42,500,300,1.1,2.0,0.05,iid,1.0,50,43,1.9495402035165759,0.8815349766612053,0.4047770293056965,nan,0.02934618464981516,0.031646569184958936,1000.0,0.0,nan,0,328,0,50760,0.35176801805694896,0.11228256039321423,1.9495402035165765,1.949540203516576,0.3333333333333333,1.08,0.4753069654107094,0.21904853095610938,0.08735647184369466,0.05970278131389447,1.9495402035165765,6.661338147750939e-16,0.945,0.967987680320238,0.694236045014438
trust-aware,scale,mnist,42,500,300,1.1,2.0,0.05,iid,1.0,50,44,1.9962009572946733,0.8817784783244133,0.40318774834275245,nan,0.02873494742172105,0.03133522458995382,1000.0,0.0,nan,0,45,0,50183,0.3781512996980122,0.10938379280269146,1.9962009572946733,1.9962009572946735,0.2857142857142857,0.14333333333333334,0.648934509072985,0.2114417100449403,0.0776115748022393,0.058464693294456346,1.9962009572946728,4.440892098500626e-16,0.96,0.9675898815938007,0.6921508603563388
trust-aware,scale,mnist,42,500,300,1.1,2.0,0.05,iid,1.0,50,45,2.044685814238566,0.8819524800777435,0.4016787503659725,nan,0.0288544617155019,0.030805348766346774,1000.0,0.0,nan,0,602,0,51226,0.43007935057668123,0.10621238514780998,2.044685814238566,2.044685814238566,0.47058823529411764,1.98,0.4700390521217795,0.20448439160982768,0.10314306179138225,0.057252633444002284,2.0446858142385658,4.440892098500626e-16,0.975,0.9657098546184291,0.6935114753242734
trust-aware,scale,mnist,42,500,300,1.1,2.0,0.05,iid,1.0,50,46,2.0786677031269156,0.8823129773139954,0.40004667431116103,nan,0.028964099873389517,0.030377019171913464,1000.0,nan,nan,0,290,0,50420,0.3763013354369572,0.10353054918348789,2.078667703126915,2.078667703126915,0.0,0.9666666666666667,0.43656701701028006,0.20058157136042912,0.09986130433534875,0.05605261597180193,2.0786677031269156,0.0,0.99,0.9654820768442152,0.6951223678627689
trust-aware,scale,mnist,42,500,300,1.1,2.0,0.05,iid,1.0,50,47,2.1134879265457753,0.8824539786577225,0.39878097668290136,nan,0.02737768040969968,0.03006772553548217,1000.0,0.0,nan,0,326,0,50706,0.29105075169354677,0.1021633646140496,2.113487926545776,2.1134879265457758,0.125,1.0833333333333333,0.35666830092668533,0.19862667952974639,0.08305508235267747,0.05494960866968756,2.1134879265457758,4.440892098500626e-16,1.005,0.9651601388278571,0.6914183184596987
trust-aware,scale,mnist,42,500,300,1.1,2.0,0.05,iid,1.0,50,48,2.1493007737632155,0.8827614775300026,0.39747988671064377,nan,0.027462865891201154,0.02967801020791133,1000.0,0.0,nan,0,243,0,50361,0.5885183449302401,0.09981475614011287,2.1493007737632155,2.1493007737632155,0.14285714285714285,0.8066666666666666,0.6278932860919407,0.19312178110082945,0.12383249353928694,0.053860348213259794,2.1493007737632155,0.0,1.02,0.964867812356031,0.6941029282095422
trust-aware,scale,mnist,42,500,300,1.1,2.0,0.05,iid,1.0,50,49,2.1861402047376153,0.8829729768633843,0.39607812479138377,nan,0.027344059944152833,0.02938564336548249,1000.0,nan,nan,0,31,0,50397,0.19856857359409333,0.09770309766133627,2.1861402047376153,2.1861402047376153,0.0,0.10333333333333333,0.369161057472229,0.1889656719068686,0.054302173390862817,0.05281386267822308,2.1861402047376153,0.0,1.035,0.9647777885953842,0.6928864262332862
trust-aware,scale,mnist,42,500,300,1.1,2.0,0.05,iid,1.0,50,50,2.2240427388792705,0.8831414777040482,0.394930374622345,0.9955484497946644,0.02683127937572343,0.14473082696398099,1000.0,0.9912462006079028,1.0,50267,369,0,30,0.6567335554531643,0.06407273811598618,2.22404273887927,0.0,52.714285714285715,167.55666666666667,1.425436019897461,0.10131157852709294,0.08730243214684284,0.0,2.22404273887927,4.440892098500626e-16,1.05,0.9644639225663452,0.6782666663217345
trust-aware,scale,mnist,42,500,300,1.1,2.0,0.05,iid,1.0,50,51,2.2630477569582963,0.8833059769868851,0.3939130701124668,0.997950697950698,0.025738045340403914,0.16264075701435407,1000.0,0.9959385226741468,1.0,50428,530,0,30,0.6965408697724342,0.07053138744086027,2.2630477569582967,0.0,66.25,168.09333333333333,1.5302806198596954,0.11384853015343348,0.0963295429565367,0.0,2.2630477569582967,4.440892098500626e-16,1.065,0.9641495646698309,0.6572156693834061
trust-aware,scale,mnist,42,500,300,1.1,2.0,0.05,iid,1.0,50,52,2.303197848143191,0.8834479779005051,0.3929193024337292,0.9804002783825618,0.025532754138112068,0.24631554519136747,1000.0,1.0,0.9633379567259553,50234,345,11,30,0.3863893279007503,0.10499538900951544,2.3031978481431916,0.0,47.714285714285715,167.48333333333332,0.805437966116837,0.17242088181277115,0.060470803146520265,0.0,2.3031978481431916,4.440892098500626e-16,1.08,0.9638638578527807,0.6438900991130126
trust-aware,scale,mnist,42,500,300,1.1,2.0,0.05,iid,1.0,50,53,2.344539209861966,0.8834104740619659,0.39254144370555877,0.8221746100088669,0.02603404935110699,0.5294312871992588,1000.0,0.9982517482517482,0.7070371770588548,50288,541,152,91,0.3431607789613984,0.20481746070086956,2.344539209861967,0.0,35.36363636363637,168.13333333333333,0.2914043441414833,0.3706019002199173,0.08168781331372348,0.0,2.344539209861967,8.881784197001252e-16,1.095,0.9629562468445655,0.6326647743781637
trust-aware,scale,mnist,42,500,300,1.1,2.0,0.05,iid,1.0,50,54,2.3871221095865076,0.8831394776701927,0.3924247761070728,0.7087739430078211,0.025019869377667255,1.31584569444259,1000.0,0.9876623376623376,0.55882616870935,50132,420,186,94,0.3713751584291458,0.4854291947185993,2.387122109586507,0.0,21.272727272727273,167.72666666666666,0.3237761001695286,0.9210919802387555,0.0836217817860205,0.0,2.387122109586507,4.440892098500626e-16,1.11,0.9620606828580138,0.6261808919302343
trust-aware,scale,mnist,42,500,300,1.1,2.0,0.05,iid,1.0,50,55,2.431001419315337,0.8827114781737327,0.3932408155500889,0.6441440371279936,0.024482375010848045,3.1219882001479466,1000.0,0.9940476190476191,0.4991393221823677,50025,278,152,47,0.4474188834428787,1.1485467727979024,2.431001419315337,0.0,15.75,167.25666666666666,0.5728249810636044,2.1853917131821317,0.08091618233899803,0.0,2.431001419315337,0.0,1.125,0.9616123116894314,0.6253406511043836
trust-aware,scale,mnist,42,500,300,1.1,2.0,0.05,iid,1.0,50,56,2.4762372355197746,0.881760476231575,0.395921560972929,0.48512132822477655,0.02427266010393699,7.040536747773488,1000.0,1.0,0.3325980209541854,49988,278,190,24,0.568263312180837,2.5901285511255265,2.476237235519775,0.0,14.666666666666666,167.26,0.8935766716798147,4.928375626007716,0.07847603317056909,0.0,2.476237235519775,4.440892098500626e-16,1.1400000000000001,0.9613789388719193,0.6228125677745218
trust-aware,scale,mnist,42,500,300,1.1,2.0,0.05,iid,1.0,50,57,2.5228955996813527,0.8785684788227082,0.4080196894705296,0.5666907197377486,0.02454639665250267,16.748191420237223,1000.0,1.0,0.46740598351000273,50248,746,398,144,0.5276106255395072,6.158882503509521,2.5228955996813522,0.0,24.857142857142858,168.82,1.0789886968476432,11.723733717600505,0.0735501327301072,0.0,2.5228955996813522,4.440892098500626e-16,1.155,0.959937418152077,0.607307184475845
trust-aware,scale,mnist,42,500,300,1.1,2.0,0.05,iid,1.0,50,58,2.5710493373515257,0.8811614775657653,0.39683394879102707,0.9274917520730066,0.024300183904798406,41.054665864308674,1000.0,0.9950458754372958,0.8827516217982189,50824,1071,143,226,0.5291765708672372,15.108350015481314,2.5710493373515253,0.0,48.8421052631579,169.89,0.9691924546894274,28.73826557000478,0.08088640051436577,0.0,2.5710493373515253,4.440892098500626e-16,1.1700000000000002,0.9577372678511525,0.5756108596243947
trust-aware,scale,mnist,42,500,300,1.1,2.0,0.05,iid,1.0,50,59,2.620779036985648,0.8822459796071053,0.3941947294771671,0.9963439462854667,0.028817218728363514,101.8532726097107,1000.0,0.9968380252957975,0.9959839357429718,50687,793,4,74,0.5806943575541178,37.469294983545936,2.6207790369856485,0.0,65.75,168.97,1.1662299384673436,71.29728922843933,0.07767960919675064,0.0,2.6207790369856485,4.440892098500626e-16,1.185,0.9569963630590087,0.5469144557248496
trust-aware,scale,mnist,42,500,300,1.1,2.0,0.05,iid,1.0,50,60,2.672174193730253,0.8815229779481888,0.4010112161934376,0.9987789987789988,0.0474927102526029,255.34671595255534,1000.0,0.9975845410628019,1.0,50417,519,0,50,0.6223970916536119,93.72374894460042,2.6721741937302523,0.0,57.666666666666664,168.05666666666667,1.2880396710501776,178.74269719441733,0.07339118806488956,0.0,2.6721741937302523,4.440892098500626e-16,1.2,0.9565381352075215,0.5353387001043622
trust-aware,scale,mnist,42,500,300,1.1,2.0,0.05,iid,1.0,50,61,2.7253345479753266,0.8841004759073258,0.3877975310385227,0.9989966966711152,0.023611690275944196,641.4344161478679,1000.0,0.998006851448147,1.0,50541,643,0,114,0.4941262213083414,235.13418491363527,2.725334547975326,0.0,49.46153846153846,168.47,0.8701968376453106,449.00408378601077,0.06886293876799464,0.0,2.725334547975326,4.440892098500626e-16,1.215,0.9554213600973521,0.5132956942151066
trust-aware,scale,mnist,42,500,300,1.1,2.0,0.05,iid,1.0,50,62,2.7803716539313506,0.8839279776811599,0.38811292335391046,0.994147994147994,0.022894347914391093,1614.5530727640787,1000.0,0.9885964912280701,1.0,50359,461,0,52,0.4313448700639937,591.1179844919841,2.7803716539313506,0.0,51.22222222222222,167.86333333333334,0.9134306311607361,1130.187130686442,0.05890897834018828,0.0,2.7803716539313506,0.0,1.2299999999999998,0.954918360958755,0.4939694463262262
trust-aware,scale,mnist,42,500,300,1.1,2.0,0.05,iid,1.0,50,63,2.8374107198726692,0.8845864781737327,0.38607167825102806,0.9910043704302077,0.023281874135136604,4052.1494295247394,1000.0,0.9827129859387924,1.0,50338,442,0,94,0.4703461311080239,1483.3841723632813,2.837410719872669,0.0,40.18181818181818,167.79333333333332,0.8635360598564148,2836.5045299275716,0.07292036396730654,0.0,2.837410719872669,4.440892098500626e-16,1.245,0.9540312075850194,0.47939252630205714
trust-aware,scale,mnist,42,500,300,1.1,2.0,0.05,iid,1.0,50,64,2.8797317800857956,0.8845329791307449,0.38590837627649305,0.989155885730649,0.02296832070818969,10194.993221435547,1000.0,0.9794014250905221,1.0,50807,920,0,117,0.5874418999467578,3728.210423075358,2.8797317800857956,0.0,65.71428571428571,169.35666666666665,1.1121861125741686,7136.495177815756,0.07832316303475859,0.0,2.8797317800857956,0.0,1.26,0.9529659327355723,0.45658903478498875
trust-aware,scale,mnist,42,500,300,1.1,2.0,0.05,iid,1.0,50,65,2.9146882802902803,0.8845879778265953,0.38561355471611025,0.9994623655913979,0.022433271010716755,25601.536551106772,1000.0,0.9989316239316239,1.0,50420,521,0,119,0.3570048237840335,9359.581743570963,2.9146882802902803,0.0,43.416666666666664,168.06666666666666,0.6650150964657465,17921.075277913413,0.050657659472954954,0.0,2.9146882802902803,0.0,1.275,0.9518571718297789,0.44339695595849776
trust-aware,scale,mnist,42,500,300,1.1,2.0,0.05,iid,1.0,50,66,2.9504496656185593,0.8846504783630371,0.3854027958214283,1.0,0.023695838870480657,64346.32734212239,1000.0,1.0,1.0,50300,400,0,40,0.5164792723953724,23509.83348388672,2.9504496656185597,0.0,50.0,167.66666666666666,1.0773382633924484,45042.42829752604,0.05656087520607304,0.0,2.9504496656185597,4.440892098500626e-16,1.2900000000000003,0.9514850102886061,0.4357345703985018
trust-aware,scale,mnist,42,500,300,1.1,2.0,0.05,iid,1.0,50,67,2.9870369056922645,0.8845744767785072,0.38540637627243995,0.9851928042086664,0.0270298481253641,161467.98125,1000.0,0.9730493604263424,1.0,50602,709,0,133,0.4183824232646397,58990.96413085938,2.9870369056922645,0.0,50.642857142857146,168.67333333333335,0.7342654722077506,113027.5851953125,0.05840217772917287,0.0,2.9870369056922645,0.0,1.305,0.9502130958752829,0.4126785422173971
trust-aware,scale,mnist,42,500,300,1.1,2.0,0.05,iid,1.0,50,68,3.0244720059477888,0.8848489785194397,0.38459312930703166,0.9850787510361979,0.02223132940178568,405849.9994661458,1000.0,0.9734848484848485,1.0,50462,567,0,75,0.45617683909156104,148179.52794270834,3.0244720059477883,0.0,51.54545454545455,168.20666666666668,0.9022410132668235,284094.99344401044,0.05794872082574405,0.0,3.0244720059477883,4.440892098500626e-16,1.32,0.9495600913947044,0.3931406272386046
trust-aware,scale,mnist,42,500,300,1.1,2.0,0.05,iid,1.0,50,69,3.062778081137312,0.8850379773974418,0.3838910548388958,0.9984423676012462,0.023314811599751312,1018539.4568489584,1000.0,0.9969135802469137,1.0,50236,337,0,19,0.4166681617498398,371864.4310546875,3.062778081137312,0.0,56.166666666666664,167.45333333333335,0.828434272048374,712977.6029166667,0.04194695295844401,0.0,3.062778081137312,0.0,1.335,0.9493803524059639,0.386139092578593
trust-aware,scale,mnist,42,500,300,1.1,2.0,0.05,iid,1.0,50,70,3.1019794351188676,0.885170978307724,0.38354852348566054,0.9944347826086956,0.021380794048309327,2558975.4467708333,1000.0,0.9890225563909775,1.0,50119,222,0,17,0.7567972421646119,933775.436484375,3.101979435118868,0.0,44.4,167.06333333333333,1.6119598150253296,1791282.7808333333,0.07494886636502207,0.0,3.101979435118868,4.440892098500626e-16,1.3499999999999999,0.9492260190946029,0.37850720755822165
trust-aware,scale,mnist,42,500,300,1.1,2.0,0.05,iid,1.0,50,71,3.1421016475291226,0.8851224774122238,0.3835011895000935,0.98989898989899,0.020069899658362072,6406847.850208334,1000.0,0.9803921568627452,1.0,49979,80,0,5,0.6294234196345011,2338856.63640625,3.142101647529123,0.0,26.666666666666668,166.59666666666666,1.4462413787841797,4484793.422083333,0.043817453830029975,0.0,3.142101647529123,4.440892098500626e-16,1.3650000000000002,0.9491833732961691,0.37703007732708277
trust-aware,scale,mnist,42,500,300,1.1,2.0,0.05,iid,1.0,50,72,3.183171667991226,0.885341477394104,0.383134795576334,1.0,0.020919881761074066,16074007.102916667,1000.0,1.0,1.0,50436,536,0,50,0.5065908597575294,5864577.922083333,3.1831716679912256,0.0,59.55555555555556,168.12,0.9954668680826823,11251804.79875,0.05651972567053065,0.0,3.1831716679912256,4.440892098500626e-16,1.38,0.9487354896571009,0.36472879888582527
trust-aware,scale,mnist,42,500,300,1.1,2.0,0.05,iid,1.0,50,73,3.225217918574414,0.8850189772248268,0.3835721465945244,0.9961954370941044,0.021930007512370744,40275938.14666667,1000.0,0.9925009678668215,1.0,50610,714,0,156,0.4473915974299113,14694277.48125,3.225217918574415,0.0,47.6,168.7,0.7620163083076477,28193156.08416667,0.059466693593561895,0.0,3.225217918574415,8.881784197001252e-16,1.395,0.9473148588637513,0.3476926901516511
trust-aware,scale,mnist,42,500,300,1.1,2.0,0.05,iid,1.0,50,74,3.2682704052928386,0.8852189773321152,0.382893119007349,0.9989528795811518,0.020607154443860055,100969667.90333334,1000.0,0.9979166666666668,1.0,50256,357,0,7,1.0292034506797791,36827825.27166667,3.2682704052928386,0.0,71.4,167.52,2.434683060646057,70678765.99666667,0.07297768889212206,0.0,3.2682704052928386,0.0,1.41,0.9472324213707073,0.3382274895427669
trust-aware,scale,mnist,42,500,300,1.1,2.0,0.05,iid,1.0,50,75,3.3123608395086923,0.8850304785370827,0.3836243495345116,0.9945439557958188,0.020429145883430134,252792505.52666667,1000.0,0.989283083287291,1.0,50370,474,0,88,0.46206970377401874,92216557.87,3.3123608395086923,0.0,43.09090909090909,167.9,0.7543544715101068,176954750.12,0.05884748056653028,0.0,3.3123608395086923,0.0,1.425,0.9464417369045156,0.32770782634460355
trust-aware,scale,mnist,42,500,300,1.1,2.0,0.05,iid,1.0,50,76,3.357522770189856,0.8854059800505638,0.38247412621974947,1.0,0.020909185097976166,633901896.2133334,1000.0,1.0,1.0,50378,478,0,86,0.3699276501482183,231152014.93333334,3.3575227701898553,0.0,43.45454545454545,167.92666666666668,0.6488109989599748,443731319.82666665,0.039309519342622785,0.0,3.3575227701898553,4.440892098500626e-16,1.4400000000000002,0.9457366477067137,0.319751998594009
trust-aware,scale,mnist,42,500,300,1.1,2.0,0.05,iid,1.0,50,77,3.4037917280656296,0.8854619765281677,0.3823181584477425,0.9902242436932336,0.020205910503864288,1589113720.1066666,1000.0,0.9812769637769637,1.0,50692,799,0,151,0.4125743925571442,579410928.7733333,3.4037917280656296,0.0,53.266666666666666,168.97333333333333,0.7175276319185893,1112379578.6666667,0.05949661681106022,0.0,3.4037917280656296,0.0,1.4549999999999998,0.9443854405118401,0.3063088251087729
trust-aware,scale,mnist,42,500,300,1.1,2.0,0.05,iid,1.0,50,78,3.4512053828263247,0.8855304765701294,0.3821181607246399,0.997524702463188,0.019874577011380876,3984527230.4,1000.0,0.9950783830987101,1.0,50296,399,0,29,0.5145122962338584,1452548123.36,3.4512053828263243,0.0,57.0,167.65333333333334,1.0307645116533553,2789169013.0133333,0.049982633308494916,0.0,3.4512053828263243,4.440892098500626e-16,1.47,0.9441549392722983,0.3023902926244229
trust-aware,scale,mnist,42,500,300,1.1,2.0,0.05,iid,1.0,50,79,3.499803714624289,0.8856184780597687,0.38207308545708657,0.9988814317673378,0.018919800718625385,9977204695.04,1000.0,0.9977777777777778,1.0,50141,242,0,25,0.5437532812356949,3637612451.733333,3.49980371462429,0.0,40.333333333333336,167.13666666666666,1.0365444322427113,6984043168.64,0.04944528973124396,0.0,3.49980371462429,8.881784197001252e-16,1.485,0.943902593824518,0.29512116174772435
trust-aware,scale,mnist,42,500,300,1.1,2.0,0.05,iid,1.0,50,80,3.549629201256186,0.8854109793901443,0.38239225655794146,0.9981738691416111,0.020149424385565978,24979688299.52,1000.0,0.9963909522010995,1.0,50486,588,0,130,0.3424414029488197,9106846920.533333,3.5496292012561854,0.0,45.23076923076923,168.28666666666666,0.5787374354325808,17485781452.8,0.041004444441481255,0.0,3.5496292012561854,4.440892098500626e-16,1.5,0.9427656927337218,0.28800078348659397
trust-aware,scale,mnist,42,500,300,1.1,2.0,0.05,iid,1.0,50,81,3.600727022539671,0.8854864776134491,0.38232486218214035,0.9991496598639455,0.019529919605702162,62539966943.57333,1000.0,0.9983108108108107,1.0,50358,459,0,39,0.5321187227964401,22798357670.4,3.600727022539672,0.0,57.375,167.86,1.0334838554263115,43777975939.41333,0.04939374563986028,0.0,3.600727022539672,8.881784197001252e-16,1.515,0.9424171044991295,0.2818408182150001
trust-aware,scale,mnist,42,500,300,1.1,2.0,0.05,iid,1.0,50,82,3.653145283543021,0.8856434768438339,0.3819511294364929,1.0,0.020430403451124828,156590587876.69333,1000.0,1.0,1.0,49991,91,0,6,0.6179235577583313,57079846952.96,3.6531452835430205,0.0,30.333333333333332,166.63666666666666,1.3251282374064128,109613408996.69333,0.04515499167778736,0.0,3.6531452835430205,4.440892098500626e-16,1.53,0.9423570401617533,0.28136078428888434
trust-aware,scale,mnist,42,500,300,1.1,2.0,0.05,iid,1.0,50,83,3.706935258484402,0.8856804770231247,0.3819574525952339,0.9941084045077421,0.01917749345302582,392090994715.30664,1000.0,0.9884935897435898,1.0,50380,483,0,67,0.4118060678243637,142916652960.42667,3.706935258484401,0.0,48.3,167.93333333333334,0.7609217286109924,274463690861.22665,0.05198565199927715,0.0,3.706935258484401,8.881784197001252e-16,1.5450000000000002,0.9418279069308857,0.2734969040572192
trust-aware,scale,mnist,42,500,300,1.1,2.0,0.05,iid,1.0,50,84,3.7621516572892535,0.8857254782319068,0.3819331692159176,1.0,0.019125405166830336,982070039756.8,1000.0,1.0,1.0,50370,470,0,30,0.47269887157848905,357917410167.4667,3.762151657289252,0.0,67.14285714285714,167.9,0.7462528175009149,687449018668.3733,0.04877748355400174,0.0,3.762151657289252,1.3322676295501878e-15,1.56,0.9415787736085388,0.26151358703851124
trust-aware,scale,mnist,42,500,300,1.1,2.0,0.05,iid,1.0,50,85,3.818852916980401,0.8856674775481224,0.38190958827733995,0.9983553320762624,0.019156530732288957,2457723530444.8,1000.0,0.9967328370554177,1.0,50437,539,0,40,0.5421673990786076,895800427888.64,3.818852916980402,0.0,67.375,168.12333333333333,0.8094012109795585,1720406433518.9333,0.06413551473836078,0.0,3.818852916980402,8.881784197001252e-16,1.575,0.9411982696903113,0.2566748255760863
trust-aware,scale,mnist,42,500,300,1.1,2.0,0.05,iid,1.0,50,86,3.874737541093223,0.8857659760117531,0.3820042522251606,1.0,0.01835540756583214,6148874655279.787,1000.0,1.0,1.0,50018,118,0,20,0.4942414700984955,2241268005819.7334,3.8747375410932245,0.0,23.6,166.72666666666666,0.8492719888687134,4304212166792.533,0.04224989486200439,0.0,3.8747375410932245,1.3322676295501878e-15,1.5899999999999999,0.9410100765638745,0.25407728760172543
trust-aware,scale,mnist,42,500,300,1.1,2.0,0.05,iid,1.0,50,87,3.916240373005058,0.8857134780287743,0.38214328706264494,0.9836421748186455,0.018140020159383614,15399983506172.586,1000.0,0.9691932891299979,1.0,50166,270,0,20,0.7373851438363394,5611800891009.707,3.9162403730050594,0.0,45.0,167.22,1.1201294263203938,10779988225338.027,0.062485837855372484,0.0,3.9162403730050594,1.3322676295501878e-15,1.6050000000000002,0.9407875585163452,0.2508399967568056
trust-aware,scale,mnist,42,500,300,1.1,2.0,0.05,iid,1.0,50,88,3.958594794875645,0.8858204782009125,0.382036175429821,0.9302564102564101,0.018152157217264174,38538451537100.8,1000.0,0.8939393939393939,1.0,50104,206,0,14,0.4965434193611145,14044414897466.027,3.958594794875645,0.0,41.2,167.01333333333332,1.027778398990631,26976915585761.28,0.041017763253940284,0.0,3.958594794875645,0.0,1.62,0.9406656687007433,0.24801336771355906
trust-aware,scale,mnist,42,500,300,1.1,2.0,0.05,iid,1.0,50,89,4.00182186932881,0.8858954757452011,0.38195288375020026,0.9916068358782487,0.01928745603395833,96462914579333.12,1000.0,0.983692578686321,1.0,50356,461,0,53,0.5112044148974948,35150334995551.574,4.0018218693288095,0.0,51.22222222222222,167.85333333333332,0.9257887800534567,67524038738575.36,0.05703469445724892,0.0,4.0018218693288095,8.881784197001252e-16,1.635,0.9401820661856157,0.2398152373142529
trust-aware,scale,mnist,42,500,300,1.1,2.0,0.05,iid,1.0,50,90,4.045943537463281,0.885867977142334,0.3820329824090004,0.9953041962034768,0.017908788286149502,241470556113032.53,1000.0,0.9909662169952728,1.0,50437,541,0,162,0.35794913130147116,87982076864757.77,4.045943537463281,0.0,38.642857142857146,168.12333333333333,0.51980117389134,169029385888727.03,0.04607493266188522,0.0,4.045943537463281,0.0,1.65,0.9386585249411757,0.2306297146267104
trust-aware,scale,mnist,42,500,300,1.1,2.0,0.05,iid,1.0,50,91,4.090982666874294,0.8858469766378403,0.382232369184494,1.0,0.017989927902817726,603871441126249.9,1000.0,1.0,1.0,50217,317,0,32,0.6963075995445251,220059004193559.9,4.090982666874295,0.0,45.285714285714285,167.39,1.2283271721431188,422709998928964.25,0.0633318069710783,0.0,4.090982666874295,8.881784197001252e-16,1.6649999999999998,0.9383500365880098,0.22693544412177086
trust-aware,scale,mnist,42,500,300,1.1,2.0,0.05,iid,1.0,50,92,4.136963102650078,0.8857694759964942,0.38250004932284354,0.9948966343197111,0.01808710853484544,1510877952593974.5,1000.0,0.9899547546291244,1.0,50559,665,0,70,0.461286108602177,550533969966967.44,4.136963102650078,0.0,60.45454545454545,168.53,0.8362037593668158,1057614541409484.8,0.04988270710063709,0.0,4.136963102650078,0.0,1.6800000000000002,0.9377213423523164,0.21813469977085517
trust-aware,scale,mnist,42,500,300,1.1,2.0,0.05,iid,1.0,50,93,4.183909721536838,0.8858409777283669,0.38242830395698546,0.9908863066757804,0.018117623234337025,3781494223635742.5,1000.0,0.9826446280991735,1.0,50319,423,0,92,0.33853997967459937,1377729361407727.0,4.183909721536837,0.0,38.45454545454545,167.73,0.6122729615731672,2647045892165249.5,0.038651392377312056,0.0,4.183909721536837,8.881784197001252e-16,1.695,0.936999885635559,0.2121337243594697
trust-aware,scale,mnist,42,500,300,1.1,2.0,0.05,iid,1.0,50,94,4.231848489478358,0.8859329777956009,0.38237272307276726,0.9993183367416497,0.01717629459583097,9458629634728920.0,1000.0,0.9986449864498645,1.0,50357,458,0,49,0.3382505244678921,3446298198863599.0,4.2318484894783595,0.0,50.888888888888886,167.85666666666665,0.6305841339959039,6621040617787665.0,0.04018589554107362,0.0,4.2318484894783595,1.7763568394002505e-15,1.71,0.936524476741386,0.20516373596793186
trust-aware,scale,mnist,42,500,300,1.1,2.0,0.05,iid,1.0,50,95,4.28080652274961,0.8859774771332741,0.38245925202965736,1.0,0.018259328028017826,2.3634636041568476e+16,1000.0,1.0,1.0,50402,502,0,88,0.37751887061379175,8613383076011049.0,4.280806522749609,0.0,45.63636363636363,168.00666666666666,0.6145440990274603,1.6544244849082804e+16,0.03943982439784566,0.0,4.280806522749609,8.881784197001252e-16,1.7249999999999999,0.9357268687428224,0.1982532344391403
trust-aware,scale,mnist,42,500,300,1.1,2.0,0.05,iid,1.0,50,96,4.330812152917754,0.8859669783711434,0.38260786429047583,1.0,0.01715445119355406,5.9088753483422104e+16,1000.0,1.0,1.0,50264,364,0,34,0.481058520930154,2.1533789746923656e+16,4.330812152917753,0.0,52.0,167.54666666666665,0.7906063284192767,4.136212672167281e+16,0.03830320085847676,0.0,4.330812152917753,8.881784197001252e-16,1.7400000000000002,0.9354109422281567,0.1943441445395503
trust-aware,scale,mnist,42,500,300,1.1,2.0,0.05,iid,1.0,50,97,4.381894995878737,0.8859404769539833,0.382717252522707,0.9993425378040762,0.01696678064763546,1.4787385351438947e+17,1000.0,0.998696219035202,1.0,50630,731,0,109,0.3638526017849262,5.38790187052547e+16,4.381894995878738,0.0,56.23076923076923,168.76666666666668,0.603813146169369,1.0351169552948483e+17,0.04051939036493673,0.0,4.381894995878738,8.881784197001252e-16,1.7550000000000001,0.9344683308167293,0.1844534312685586
trust-aware,scale,mnist,42,500,300,1.1,2.0,0.05,iid,1.0,50,98,4.434086025233358,0.8859214806556701,0.38282047390937807,1.0,0.01674581803381443,3.700191857108303e+17,1000.0,1.0,1.0,50077,177,0,18,0.44424524903297424,1.3481163173619477e+17,4.434086025233357,0.0,35.4,166.92333333333335,0.8051104784011841,2.5901342540339786e+17,0.03350337929839883,0.0,4.434086025233357,8.881784197001252e-16,1.77,0.9343145705385458,0.18351596664209105
trust-aware,scale,mnist,42,500,300,1.1,2.0,0.05,iid,1.0,50,99,4.4874176502831755,0.885831478536129,0.3834198787808418,1.0,0.016576301073655486,9.247734865751844e+17,1000.0,1.0,1.0,50356,456,0,32,0.4575906731188297,3.3700048949160704e+17,4.487417650283176,0.0,57.0,167.85333333333332,0.8625449985265732,6.473414285223177e+17,0.03803405100284307,0.0,4.487417650283176,8.881784197001252e-16,1.785,0.9340297892764345,0.1792759635982341
trust-aware,scale,mnist,42,500,300,1.1,2.0,0.05,iid,1.0,50,100,4.5419237989440235,0.8860134786367416,0.3831105923652649,0.9917478354978355,0.01630409504286945,2.311328805670533e+18,1000.0,0.9840263691683571,1.0,50173,277,0,48,0.44042564556002617,8.423276919892406e+17,4.541923798944024,0.0,34.625,167.24333333333334,0.7676685601472855,1.6179301313963412e+18,0.047227563200720635,0.0,4.541923798944024,8.881784197001252e-16,1.7999999999999998,0.9336023519401245,0.17635849347359497
trust-aware,scale,mnist,42,500,300,1.1,2.0,0.05,iid,1.0,50,101,4.597640005893232,0.8861099776625633,0.3832415398955345,1.0,0.016319956423507795,5.783720328849502e+18,1000.0,1.0,1.0,50275,375,0,58,0.3579918278588189,2.107324613891499e+18,4.597640005893233,0.0,41.666666666666664,167.58333333333334,0.5831329524517059,4.0486041468608323e+18,0.033615687047090136,0.0,4.597640005893233,8.881784197001252e-16,1.8150000000000002,0.9330861224108837,0.17380780830750048
trust-aware,scale,mnist,42,500,300,1.1,2.0,0.05,iid,1.0,50,102,4.65460350628586,0.8860184779763222,0.383390771150589,0.9933283914010378,0.017737128864973785,nan,1000.0,0.9872222222222222,1.0,50354,456,0,68,0.291804838180542,nan,4.654603506285859,0.0,45.6,167.84666666666666,0.511307242512703,nan,0.031227716336059967,0.0,4.654603506285859,8.881784197001252e-16,1.83,0.9324680015377967,nan
trust-aware,scale,mnist,42,500,300,1.1,2.0,0.05,iid,1.0,50,103,4.712853335395463,0.8859094762802124,0.3839543694257736,0.9944278967935745,0.01628495240584016,nan,1000.0,0.9892482517482518,1.0,50599,703,0,86,0.4081701636314392,nan,4.712853335395464,0.0,58.583333333333336,168.66333333333333,0.5932592501242956,nan,0.042525604920884676,0.0,4.712853335395464,8.881784197001252e-16,1.845,0.9316306662404777,nan
trust-aware,scale,mnist,42,500,300,1.1,2.0,0.05,iid,1.0,50,104,4.772430434556013,0.885939978659153,0.38407823979854583,0.9956989247311827,0.016333509133093886,nan,1000.0,0.9916310541310541,1.0,50491,593,0,46,0.36922870410813224,nan,4.772430434556013,0.0,65.88888888888889,168.30333333333334,0.6433813042110867,nan,0.03261339492452273,0.0,4.772430434556013,0.0,1.8599999999999999,0.9312294309490018,nan
trust-aware,scale,mnist,42,500,300,1.1,2.0,0.05,iid,1.0,50,105,4.833377763803692,0.8859809783101081,0.38403654739260673,1.0,0.015098937088623643,nan,1000.0,1.0,1.0,50079,179,0,10,0.4037984386086464,nan,4.833377763803691,0.0,44.75,166.93,0.7507398575544357,nan,0.024567921773103484,0.0,4.833377763803691,8.881784197001252e-16,1.875,0.9311436230516543,nan
trust-aware,scale,mnist,42,500,300,1.1,2.0,0.05,iid,1.0,50,106,4.895740421640309,0.8860089787840844,0.38422083035111426,1.0,0.015484860787789026,nan,1000.0,1.0,1.0,50440,540,0,100,0.3144557910660903,nan,4.89574042164031,0.0,45.0,168.13333333333333,0.44832342366377514,nan,0.027726706334772307,0.0,4.89574042164031,8.881784197001252e-16,1.8900000000000001,0.9303034613568519,nan
trust-aware,scale,mnist,42,500,300,1.1,2.0,0.05,iid,1.0,50,107,4.959565772364041,0.8860194778442383,0.38431802406907084,0.9822138028020381,0.015989161435176025,nan,1000.0,0.9678847017556694,1.0,50346,452,0,92,0.32891926711255853,nan,4.959565772364042,0.0,41.09090909090909,167.82,0.46501564708623017,nan,0.03880982482460346,0.0,4.959565772364042,8.881784197001252e-16,1.905,0.929467096819807,nan
trust-aware,scale,mnist,42,500,300,1.1,2.0,0.05,iid,1.0,50,108,5.024903581438015,0.8859684774279595,0.3846611046791077,0.9991341991341992,0.016314508925591196,nan,1000.0,0.9982788296041308,1.0,50431,532,0,17,0.49442422815731596,nan,5.024903581438016,0.0,76.0,168.10333333333332,1.0127029163496835,nan,0.04257084660820578,0.0,5.024903581438016,8.881784197001252e-16,1.92,0.9293072663011428,nan
trust-aware,scale,mnist,42,500,300,1.1,2.0,0.05,iid,1.0,50,109,5.09180615939299,0.8859239786863327,0.3851338031888008,0.9962790303975844,0.015083563203612963,nan,1000.0,0.9926461977242365,1.0,50568,674,0,164,0.318376279870669,nan,5.0918061593929895,0.0,44.93333333333333,168.56,0.40889028906822206,nan,0.03691541056618649,0.0,5.0918061593929895,8.881784197001252e-16,1.935,0.9278220558383804,nan
trust-aware,scale,mnist,42,500,300,1.1,2.0,0.05,iid,1.0,50,110,5.16032851478683,0.885958478152752,0.38511637538671495,0.9942466997030011,0.014977274104379691,nan,1000.0,0.9889367043213197,1.0,50644,748,0,100,0.31834914592596203,nan,5.160328514786829,0.0,57.53846153846154,168.81333333333333,0.4817725167824672,nan,0.032683803921789996,0.0,5.160328514786829,8.881784197001252e-16,1.95,0.9269591004739721,nan
trust-aware,scale,mnist,42,500,300,1.1,2.0,0.05,iid,1.0,50,111,5.207853168736674,0.885992479622364,0.3852637624740601,0.9538054538054538,0.014787136680550046,nan,1000.0,0.9272141706924315,1.0,50332,437,0,51,0.36489641666412354,nan,5.207853168736674,0.0,48.55555555555556,167.77333333333334,0.637116962009006,nan,0.04031032379807371,0.0,5.207853168736674,0.0,1.965,0.9264918769480985,nan
trust-aware,scale,mnist,42,500,300,1.1,2.0,0.05,iid,1.0,50,112,5.252493593221522,0.8860409781336784,0.3854504632949829,1.0,0.015060477424412966,nan,1000.0,1.0,1.0,50122,222,0,8,0.3934023454785347,nan,5.252493593221523,0.0,55.5,167.07333333333332,0.7735408544540405,nan,0.029995036527557417,0.0,5.252493593221523,8.881784197001252e-16,1.98,0.926410328236702,nan
trust-aware,scale,mnist,42,500,300,1.1,2.0,0.05,iid,1.0,50,113,5.297900042856843,0.8860854777693749,0.38563831970095636,0.9925161437238733,0.01483317692246702,nan,1000.0,0.9855295741485001,1.0,50152,256,0,68,0.30605656570858425,nan,5.297900042856844,0.0,28.444444444444443,167.17333333333335,0.48948489957385594,nan,0.03525124913184653,0.0,5.297900042856844,8.881784197001252e-16,1.995,0.9258313456456622,nan
trust-aware,scale,mnist,42,500,300,1.1,2.0,0.05,iid,1.0,50,114,5.344087390883105,0.8860419774055481,0.3859638002514839,1.0,0.014424521222033283,nan,1000.0,1.0,1.0,50578,678,0,88,0.3339423618533395,nan,5.3440873908831055,0.0,61.63636363636363,168.59333333333333,0.5227109546011145,nan,0.032817637654727644,0.0,5.3440873908831055,8.881784197001252e-16,2.01,0.9251073950067584,nan
trust-aware,scale,mnist,42,500,300,1.1,2.0,0.05,iid,1.0,50,115,5.391070942635641,0.8860409772396087,0.3861408497393131,0.9993865030674847,0.014751542638987303,nan,1000.0,0.998780487804878,1.0,50467,568,0,63,0.317226305603981,nan,5.3910709426356425,0.0,56.8,168.22333333333333,0.4984038084745407,nan,0.028722755688576324,0.0,5.3910709426356425,1.7763568394002505e-15,2.025,0.9245638171011831,nan
trust-aware,scale,mnist,42,500,300,1.1,2.0,0.05,iid,1.0,50,116,5.4388664510187725,0.8859984776377678,0.3867026062309742,0.9900874214131256,0.014399929903447628,nan,1000.0,0.9807151963108811,1.0,50447,555,0,128,0.2808542480835548,nan,5.438866451018773,0.0,42.69230769230769,168.15666666666667,0.40277250225727373,nan,0.03346671828123565,0.0,5.438866451018773,8.881784197001252e-16,2.04,0.923515496874767,nan
trust-aware,scale,mnist,42,500,300,1.1,2.0,0.05,iid,1.0,50,117,5.48749013258289,0.8861154752969742,0.386647477298975,0.9913154610184046,0.013700078906757491,nan,1000.0,0.9829503643053474,1.0,50319,424,0,19,0.5389041006565094,nan,5.487490132582891,0.0,60.57142857142857,167.73,0.9893190945897784,nan,0.04177180583615032,0.0,5.487490132582891,8.881784197001252e-16,2.055,0.9232979090774469,nan
trust-aware,scale,mnist,42,500,300,1.1,2.0,0.05,iid,1.0,50,118,5.536958684228259,0.8860694769024849,0.386908438205719,0.9932187960516815,0.014304243560348238,nan,1000.0,0.9869333061863242,1.0,50646,751,0,123,0.2515303056154932,nan,5.536958684228259,0.0,53.642857142857146,168.82,0.3755405034337725,nan,0.028083049133308675,0.0,5.536958684228259,0.0,2.07,0.922300416308882,nan
trust-aware,scale,mnist,42,500,300,1.1,2.0,0.05,iid,1.0,50,119,5.5872893005602045,0.8859804767370224,0.3874988536536694,0.9953927025355597,0.013945002707519702,nan,1000.0,0.991038703253078,1.0,50592,697,0,135,0.2783601922648294,nan,5.587289300560204,0.0,49.785714285714285,168.64,0.43234651003565105,nan,0.03248063688764483,0.0,5.587289300560204,8.881784197001252e-16,2.085,0.9210484018900732,nan
trust-aware,scale,mnist,42,500,300,1.1,2.0,0.05,iid,1.0,50,120,5.638499691921221,0.8860399752855301,0.3874127422273159,0.9914529914529915,0.014080461186285202,nan,1000.0,0.9846153846153847,1.0,50547,648,0,121,0.2948216245724605,nan,5.63849969192122,0.0,49.84615384615385,168.49,0.3663984858072721,nan,0.026131636301377072,0.0,5.63849969192122,8.881784197001252e-16,2.1,0.9201164939990414,nan
trust-aware,scale,mnist,42,500,300,1.1,2.0,0.05,iid,1.0,50,121,5.690608103126535,0.8860509771108628,0.38776772409677507,0.9925911386164014,0.014567498490214348,nan,1000.0,0.985546468218882,1.0,50391,496,0,61,0.27874690145254133,nan,5.690608103126535,0.0,49.6,167.97,0.4672500789165497,nan,0.026178574930445498,0.0,5.690608103126535,0.0,2.115,0.9196963409609448,nan
trust-aware,scale,mnist,42,500,300,1.1,2.0,0.05,iid,1.0,50,122,5.743633332930533,0.8860679760575294,0.38795985877513883,0.9783333333333333,0.013886044546961785,nan,1000.0,0.9633879781420764,1.0,50421,524,0,59,0.34560399651527407,nan,5.743633332930534,0.0,52.4,168.07,0.6403287172317504,nan,0.038367324128145114,0.0,5.743633332930534,8.881784197001252e-16,2.13,0.9191577738770532,nan
trust-aware,scale,mnist,42,500,300,1.1,2.0,0.05,iid,1.0,50,123,5.797594754252546,0.8860589772462845,0.3882666054368019,0.9666666666666667,0.01712217352663477,nan,1000.0,0.9444444444444443,1.0,50213,314,0,25,0.3095482314626376,nan,5.797594754252544,0.0,52.333333333333336,167.37666666666667,0.5740024050076803,nan,0.025577215002392396,0.0,5.797594754252544,1.7763568394002505e-15,2.145,0.9189679755091131,nan
trust-aware,scale,mnist,42,500,300,1.1,2.0,0.05,iid,1.0,50,124,5.852512335191406,0.8861399778723716,0.3883346100151539,1.0,0.01350285897829703,nan,1000.0,1.0,1.0,50282,382,0,30,0.3220022874219077,nan,5.852512335191407,0.0,54.57142857142857,167.60666666666665,0.5774165732519967,nan,0.02855210874114205,0.0,5.852512335191407,8.881784197001252e-16,2.16,0.9187049607253758,nan
trust-aware,scale,mnist,42,500,300,1.1,2.0,0.05,iid,1.0,50,125,5.908406660859312,0.8861059808731079,0.38862210273742676,0.9990291262135923,0.013280097674578429,nan,1000.0,0.998076923076923,1.0,50513,614,0,47,0.34217930436134336,nan,5.9084066608593115,0.0,61.4,168.37666666666667,0.6060709804296494,nan,0.027136457551018324,0.0,5.9084066608593115,8.881784197001252e-16,2.175,0.9182903606628788,nan
trust-aware,scale,mnist,42,500,300,1.1,2.0,0.05,iid,1.0,50,126,5.9652989560665395,0.8861034780740737,0.3888946816325188,1.0,0.013059652144355434,nan,1000.0,1.0,1.0,50222,322,0,36,0.30793663433619906,nan,5.965298956066539,0.0,46.0,167.40666666666667,0.5730224422046116,nan,0.0309005684305644,0.0,5.965298956066539,8.881784197001252e-16,2.19,0.917968040799384,nan
trust-aware,scale,mnist,42,500,300,1.1,2.0,0.05,iid,1.0,50,127,6.023211108889667,0.8860634759068489,0.38917181476950646,0.9927764326069412,0.012905324809253216,nan,1000.0,0.9860922110726136,1.0,50497,602,0,69,0.33622748201543634,nan,6.023211108889668,0.0,54.72727272727273,168.32333333333332,0.4979800554839047,nan,0.0316083386698572,0.0,6.023211108889668,8.881784197001252e-16,2.205,0.9173302397462522,nan
trust-aware,scale,mnist,42,500,300,1.1,2.0,0.05,iid,1.0,50,128,6.0821656951570935,0.8860889780521393,0.3894663743674755,0.9986696621294217,0.01279470045119524,nan,1000.0,0.99735698139454,1.0,50345,447,0,68,0.30323575288057325,nan,6.0821656951570935,0.0,44.7,167.81666666666666,0.4567277133464813,nan,0.026650978506351758,0.0,6.0821656951570935,0.0,2.22,0.9166786981442904,nan
trust-aware,scale,mnist,42,500,300,1.1,2.0,0.05,iid,1.0,50,129,6.142186003886753,0.8860484775900841,0.3897774575650692,0.9993979530403372,0.012262058190324089,nan,1000.0,0.9988038277511961,1.0,50439,540,0,81,0.2473533438010649,nan,6.142186003886752,0.0,49.09090909090909,168.13,0.37098473581400787,nan,0.02248608894484393,0.0,6.142186003886752,8.881784197001252e-16,2.235,0.9159212038501013,nan
trust-aware,scale,mnist,42,500,300,1.1,2.0,0.05,iid,1.0,50,130,6.203296063712107,0.8860749775171279,0.3901105162501335,1.0,0.014909909210271306,nan,1000.0,1.0,1.0,50323,423,0,54,0.23860856228404576,nan,6.2032960637121075,0.0,47.0,167.74333333333334,0.40444989336861503,nan,0.02363453044365492,0.0,6.2032960637121075,8.881784197001252e-16,2.25,0.9154918295265263,nan
trust-aware,scale,mnist,42,500,300,1.1,2.0,0.05,iid,1.0,50,131,6.26552067033368,0.8860724785923958,0.3903353288769722,0.9982300884955752,0.013481047190725803,nan,1000.0,0.9964912280701753,1.0,50106,207,0,17,0.2997047871351242,nan,6.2655206703336805,0.0,41.4,167.02,0.5033244729042053,nan,0.026872741173751786,0.0,6.2655206703336805,8.881784197001252e-16,2.265,0.9153339432708351,nan
trust-aware,scale,mnist,42,500,300,1.1,2.0,0.05,iid,1.0,50,132,6.328885415034608,0.8861524772644043,0.39046413779258726,0.9835417324482243,0.012207072228193283,nan,1000.0,0.9681830594024241,1.0,50461,571,0,148,0.2345294462782996,nan,6.328885415034606,0.0,40.785714285714285,168.20333333333335,0.283982016146183,nan,0.023811850515792425,0.0,6.328885415034606,1.7763568394002505e-15,2.2800000000000002,0.9140485893262279,nan
trust-aware,scale,mnist,42,500,300,1.1,2.0,0.05,iid,1.0,50,133,6.393416714299886,0.8860834801197052,0.39076297014951705,0.9984591679506933,0.013225456022403458,nan,1000.0,0.996969696969697,1.0,50411,512,0,83,0.22475837577473035,nan,6.393416714299888,0.0,46.54545454545455,168.03666666666666,0.36995095827362756,nan,0.022878566490203214,0.0,6.393416714299888,1.7763568394002505e-15,2.295,0.9134386486366498,nan
trust-aware,scale,mnist,42,500,300,1.1,2.0,0.05,iid,1.0,50,134,6.459141840580268,0.8860934773087501,0.39107697665691377,1.0,0.012195785012510087,nan,1000.0,1.0,1.0,50376,476,0,52,0.2431995239522722,nan,6.459141840580269,0.0,52.888888888888886,167.92,0.42050787806510925,nan,0.02602340968263978,0.0,6.459141840580269,8.881784197001252e-16,2.31,0.9130212480167119,nan
trust-aware,scale,mnist,42,500,300,1.1,2.0,0.05,iid,1.0,50,135,6.526088954243005,0.8860654783248901,0.3913139808177948,0.9946747019917752,0.01207917911762541,nan,1000.0,0.9895847090762344,1.0,50298,401,0,91,0.21107551455497742,nan,6.526088954243007,0.0,36.45454545454545,167.66,0.32680912993170996,nan,0.019447433487214557,0.0,6.526088954243007,1.7763568394002505e-15,2.3249999999999997,0.9123367374326937,nan
trust-aware,scale,mnist,42,500,300,1.1,2.0,0.05,iid,1.0,50,136,6.594287136752883,0.8861554756760597,0.3915913812816143,1.0,0.011522020368526379,nan,1000.0,1.0,1.0,50250,350,0,16,0.298734575510025,nan,6.594287136752883,0.0,58.333333333333336,167.5,0.5947960515817007,nan,0.02108696939607954,0.0,6.594287136752883,0.0,2.3400000000000003,0.9121913326669173,nan
trust-aware,scale,mnist,42,500,300,1.1,2.0,0.05,iid,1.0,50,137,6.663766425128326,0.8860694786906242,0.39193475812673567,0.9968104983069844,0.0121250307187438,nan,1000.0,0.9936789905412077,1.0,50490,594,0,58,0.26874980330467224,nan,6.663766425128329,0.0,59.4,168.3,0.41930564045906066,nan,0.023120299860201157,0.0,6.663766425128329,2.6645352591003757e-15,2.355,0.9118584354354721,nan
trust-aware,scale,mnist,42,500,300,1.1,2.0,0.05,iid,1.0,50,138,6.734557847718581,0.8860899797081947,0.3921066899597645,1.0,0.01202727709379461,nan,1000.0,1.0,1.0,50462,562,0,42,0.2570517112811406,nan,6.734557847718581,0.0,62.44444444444444,168.20666666666668,0.4263015588124593,nan,0.019552683404337794,0.0,6.734557847718581,0.0,2.37,0.9115480948202654,nan
trust-aware,scale,mnist,42,500,300,1.1,2.0,0.05,iid,1.0,50,139,6.80669346134933,0.8861094778776168,0.39236529529094694,0.9886009541228412,0.011716869194060564,nan,1000.0,0.9780251477382532,1.0,50499,607,0,86,0.2565230764448643,nan,6.8066934613493295,0.0,50.583333333333336,168.33,0.3796425436933835,nan,0.025122844696117322,0.0,6.8066934613493295,8.881784197001252e-16,2.385,0.9108833997163508,nan
trust-aware,scale,mnist,42,500,300,1.1,2.0,0.05,iid,1.0,50,140,6.880206389885328,0.8860499754548072,0.39275805473327635,0.9978813559322034,0.01161555026192218,nan,1000.0,0.9958333333333333,1.0,50498,599,0,31,0.29075922444462776,nan,6.88020638988533,0.0,74.875,168.32666666666665,0.5102637000381947,nan,0.018893381622191775,0.0,6.88020638988533,1.7763568394002505e-15,2.4,0.9106201093320997,nan
trust-aware,scale,mnist,42,500,300,1.1,2.0,0.05,iid,1.0,50,141,6.95513086425999,0.8860964775085449,0.3929865762591362,0.9825396825396826,0.01155741528297464,nan,1000.0,0.96875,1.0,50196,298,0,126,0.2118284528454145,nan,6.955130864259989,0.0,24.833333333333332,167.32,0.26698574299613637,nan,0.019735800379678415,0.0,6.955130864259989,8.881784197001252e-16,2.415,0.9094994518873026,nan
trust-aware,scale,mnist,42,500,300,1.1,2.0,0.05,iid,1.0,50,142,7.031502264023105,0.8860974758863449,0.39324087619781495,0.989010989010989,0.0115335506520101,nan,1000.0,0.979591836734694,1.0,50157,258,0,37,0.21655040553637914,nan,7.031502264023104,0.0,36.857142857142854,167.19,0.3535788484982082,nan,0.01952749687977089,0.0,7.031502264023104,8.881784197001252e-16,2.43,0.9091580177035217,nan
trust-aware,scale,mnist,42,500,300,1.1,2.0,0.05,iid,1.0,50,143,7.109357160459109,0.8861169782280922,0.39352955102920534,1.0,0.011275526508688927,nan,1000.0,1.0,1.0,50399,499,0,70,0.3024637117981911,nan,7.10935716045911,0.0,49.9,167.99666666666667,0.3606395810842514,nan,0.02108183562764786,0.0,7.10935716045911,8.881784197001252e-16,2.445,0.908576757653288,nan
trust-aware,scale,mnist,42,500,300,1.1,2.0,0.05,iid,1.0,50,144,7.188733361329623,0.8861154767870904,0.3938072720170021,1.0,0.011653135530650616,nan,1000.0,1.0,1.0,50287,387,0,38,0.28704660066536497,nan,7.188733361329623,0.0,55.285714285714285,167.62333333333333,0.42500656843185425,nan,0.022676327979333333,0.0,7.188733361329623,0.0,2.4599999999999995,0.908282344755958,nan
trust-aware,scale,mnist,42,500,300,1.1,2.0,0.05,iid,1.0,50,145,7.269669957295138,0.8861109781265258,0.3941166041791439,0.9970147078580814,0.01077398539266803,nan,1000.0,0.9941031597923093,1.0,50424,527,0,87,0.20307203856381503,nan,7.269669957295137,0.0,47.90909090909091,168.08,0.2907453328371048,nan,0.019325939006621006,0.0,7.269669957295137,8.881784197001252e-16,2.475,0.907603533087097,nan
trust-aware,scale,mnist,42,500,300,1.1,2.0,0.05,iid,1.0,50,146,7.352207370071938,0.8861049783229827,0.3944146248698235,0.9978548082769604,0.012218256904320284,nan,1000.0,0.9957442643489155,1.0,50542,645,0,63,0.25865916230461816,nan,7.352207370071938,0.0,58.63636363636363,168.47333333333333,0.3734649555249648,nan,0.021057598302398794,0.0,7.352207370071938,0.0,2.49,0.9070593946801726,nan
trust-aware,scale,mnist,42,500,300,1.1,2.0,0.05,iid,1.0,50,147,7.436387402381476,0.8859434768557548,0.3951853848993778,0.9903586027499072,0.01095784989496072,nan,1000.0,0.9826001511715797,1.0,50690,794,0,148,0.2049479325612386,nan,7.436387402381474,0.0,52.93333333333333,168.96666666666667,0.27267726957798005,nan,0.01934796380608814,0.0,7.436387402381474,2.6645352591003757e-15,2.5050000000000003,0.9057600893806758,nan
trust-aware,scale,mnist,42,500,300,1.1,2.0,0.05,iid,1.0,50,148,7.522253289750495,0.8860599768161773,0.39505875766277315,0.999476439790576,0.010819790139794349,nan,1000.0,0.9989583333333334,1.0,50634,735,0,49,0.2627488970756531,nan,7.522253289750495,0.0,73.5,168.78,0.4443732976913452,nan,0.02276153608478585,0.0,7.522253289750495,0.0,2.52,0.9054040835183396,nan
trust-aware,scale,mnist,42,500,300,1.1,2.0,0.05,iid,1.0,50,149,7.609849754221228,0.8861249756813049,0.39529224798083307,0.9983896940418681,0.01114956879367431,nan,1000.0,0.9968253968253968,1.0,50299,400,0,57,0.20695973104900783,nan,7.609849754221229,0.0,44.44444444444444,167.66333333333333,0.3502106037404802,nan,0.01892042866078609,0.0,7.609849754221229,8.881784197001252e-16,2.5349999999999997,0.9049526771189654,nan
