algorithm,attack_type,dataset,seed,n_nodes,n_attackers,noise_mult,clip_bound,sampling_rate,split_mode,dirichlet_alpha,start_round,round,epsilon,accuracy,test_loss,f1_score,mean_update_norm_honest,mean_update_norm_attacker,best_alpha,precision,recall,total_tp_all,total_fp_all,total_fn_all,total_tn_all,nsr_honest,nsr_attacker,noise_norm_honest,noise_norm_attacker,sigma_n_honest,sigma_n_attacker,eps_n_honest,eps_n_attacker,n_dp_norm_honest,n_dp_norm_attacker,krum_score_honest,krum_score_attacker,sigma_dp_honest,sigma_dp_attacker,trust_honest,trust_attacker,eps_avg,eps_std,avg_trust,avg_sigma_dp_precap,avg_n_dp_norm_postcap,avg_nsr
noise-game,scale,mnist,42,500,100,1.1,1.0,0.05,iid,1.0,50,0,1.9060445256894678,0.3831764896959066,2.0926845923066137,nan,0.5642209003369013,0.17518180400133132,1000.0,0.0,nan,0,10554,0,108,1296.1441014128511,0.0,225.68775939941406,0.0,1.0,0.0,0.05718133577068404,0.0,225.68775939941406,0.0,0.263758605287876,0.005038816402666271,1.0,0.0,1.0,0.0,0.05718133577068404,0.3251468389155951,1.0,1.0,6.770632781982422,38.88432304238553
noise-game,scale,mnist,42,500,100,1.1,1.0,0.05,iid,1.0,50,1,1.9659741252658238,0.5574134866148234,1.8823010802268982,nan,0.6074253446177432,0.18107693821191786,1000.0,0.0,nan,0,10847,0,117,1243.9245639820172,0.0,224.92746694464432,0.0,0.9972465119571455,0.0,0.139664533905693,0.0,224.92746694464432,0.0,0.2611564619981341,0.009190842960961162,0.9972465119571455,0.0,0.9927309939735814,0.0,0.139664533905693,0.4995638601889965,0.9927309939735814,0.9972465119571455,10.684054679870606,59.08641678914581
noise-game,scale,mnist,42,500,100,1.1,1.0,0.05,iid,1.0,50,2,2.0560367436660916,0.6534107327461243,1.6675059288740157,nan,0.6022865176200867,0.18461423307657243,1000.0,0.0,nan,0,10941,0,117,1219.8326808568495,0.0,221.68548431396485,0.0,0.9823179393164434,0.0,0.23335628942988634,0.0,221.68548431396485,0.0,0.30313685367582366,0.01036650437861681,0.9823179393164434,0.0,0.9978379219770431,0.0,0.23335628942988634,0.6320097841142802,0.9978379219770431,0.9823179393164434,11.084274215698242,60.99163404284247
noise-game,scale,mnist,42,500,100,1.1,1.0,0.05,iid,1.0,50,3,2.112043455706525,0.7120824815332889,1.4622715091705323,nan,0.584235617408046,0.1811925272643566,1000.0,0.0,nan,0,11475,0,125,1250.8282205817654,0.0,219.3743608262804,0.0,0.9727036045485705,0.0,0.3594319235512643,0.0,219.3743608262804,0.0,0.27758814046952734,0.01769318610429764,0.9727036045485705,0.0,0.9976731604999967,0.0,0.3594319235512643,0.7609593705879781,0.9976731604999967,0.9727036045485705,14.807769355773926,84.43090488926914
noise-game,scale,mnist,42,500,100,1.1,1.0,0.05,iid,1.0,50,4,2.112043455706525,0.7534057308733463,1.280869413614273,nan,0.5677492817242941,0.17322420164942742,1000.0,0.0,nan,0,10801,0,115,1310.5902998944061,0.0,217.6315426296658,0.0,0.9639957422273286,0.0,0.4468103189440433,0.0,217.6315426296658,0.0,0.2608631245610822,0.008737078439444303,0.9639957422273286,0.0,0.996662845214208,0.0,0.4468103189440433,0.8296145783288101,0.996662845214208,0.9639957422273286,9.793419418334961,58.976563495248286
noise-game,scale,mnist,42,500,100,1.1,1.0,0.05,iid,1.0,50,5,2.2698941059038136,0.7817462302744389,1.125982477515936,nan,0.69250930680169,0.1623282963037491,1000.0,0.0,nan,0,11465,0,115,1428.71162327729,0.0,217.9486821492513,0.0,0.9669827805622364,0.0,0.5167823666558091,0.0,217.9486821492513,0.0,0.1606327368515647,0.018179418267682195,0.9669827805622364,0.0,0.9834389521016015,0.0,0.5167823666558091,0.8783371391499805,0.9834389521016015,0.9669827805622364,9.807690696716309,64.29202304747805
noise-game,scale,mnist,42,500,100,1.1,1.0,0.05,iid,1.0,50,6,2.2698941059038136,0.8019234801828862,1.0015261571109295,nan,0.6753183901309967,0.1483584688603878,1000.0,0.0,nan,0,10733,0,115,1588.1682516708938,0.0,218.29557376437717,0.0,0.9675166435225293,0.0,0.5881650592086097,0.0,218.29557376437717,0.0,0.31092863832600415,0.006984120928682387,0.9675166435225293,0.0,0.9726554685168796,0.0,0.5881650592086097,0.9215068575077915,0.9726554685168796,0.9675166435225293,9.823300819396973,71.46757132519022
noise-game,scale,mnist,42,500,100,1.1,1.0,0.05,iid,1.0,50,7,2.376147185748644,0.815708478987217,0.9026372852921486,nan,0.6438185328787024,0.13495079204440116,1000.0,0.0,nan,0,10932,0,118,1748.9284569740898,0.0,215.78845839066938,0.0,0.9568482532928848,0.0,0.6788808115407596,0.0,215.78845839066938,0.0,0.3240693512647836,0.007990811727941036,0.9568482532928848,0.0,0.9737724201245741,0.0,0.6788808115407596,0.9694007767345749,0.9737724201245741,0.9568482532928848,11.868365211486816,96.19106513357494
noise-game,scale,mnist,42,500,100,1.1,1.0,0.05,iid,1.0,50,8,2.403861906636235,0.8259572286903858,0.8242171427607536,nan,0.7032937782782095,0.12265416637063026,1000.0,0.0,nan,0,11585,0,125,1960.2249294699225,0.0,218.47864278157553,0.0,0.9687463618525946,0.0,0.7737290846134871,0.0,218.47864278157553,0.0,0.3184629622846842,0.017301719710230826,0.9687463618525946,0.0,0.9505695943479184,0.0,0.7737290846134871,1.0129782695299374,0.9505695943479184,0.9687463618525946,14.747308387756348,132.31518273921975
noise-game,scale,mnist,42,500,100,1.1,1.0,0.05,iid,1.0,50,9,2.4530679252168093,0.8336994779109955,0.7617050246894359,nan,0.6978243788083395,0.11200466223061084,1000.0,0.0,nan,0,11615,0,121,2192.3709076622654,0.0,218.277312596639,0.0,0.9690012037737153,0.0,0.8581005879416044,0.0,218.277312596639,0.0,0.22015871912784254,0.018273650147020818,0.9690012037737153,0.0,0.9397438019514084,0.0,0.8581005879416044,1.0444722017654462,0.9397438019514084,0.9690012037737153,13.09663875579834,131.54225445973591
noise-game,scale,mnist,42,500,100,1.1,1.0,0.05,iid,1.0,50,10,2.4530679252168093,0.8396632291376591,0.7120831549167633,nan,0.7589319348335266,0.1029486195743084,1000.0,0.0,nan,0,11421,0,121,2347.374566852548,0.0,212.5766086578369,0.0,0.9419366408394261,0.0,0.9502165969037233,0.0,212.5766086578369,0.0,0.26004870018611353,0.014378596469759941,0.9419366408394261,0.0,0.9589990178743998,0.0,0.9502165969037233,1.0721055842992595,0.9589990178743998,0.9419366408394261,12.754596519470216,140.8424740111529
noise-game,scale,mnist,42,500,100,1.1,1.0,0.05,iid,1.0,50,11,2.4566712974361176,0.845052230656147,0.6711927837133408,nan,0.8406114379564921,0.09652360826730728,1000.0,0.0,nan,0,11769,0,121,2635.965059560662,0.0,214.96103731791177,0.0,0.9524475237953274,0.0,1.0198327826361882,0.0,214.96103731791177,0.0,0.22425694388221018,0.02020348370075226,0.9524475237953274,0.0,0.9368037159244219,0.0,1.0198327826361882,1.0894473519468786,0.9368037159244219,0.9524475237953274,12.897662239074707,158.15790357363974
noise-game,scale,mnist,42,500,100,1.1,1.0,0.05,iid,1.0,50,12,2.4896114910721288,0.8492624787986278,0.637518968731165,nan,0.7625870691693347,0.09009263932704925,1000.0,0.0,nan,0,11958,0,120,2907.902490250045,0.0,214.67773570185122,0.0,0.9517760703677255,0.0,1.0961081923745193,0.0,214.67773570185122,0.0,0.12204482630097671,0.02173343879170716,0.9517760703677255,0.0,0.9268754772517992,0.0,1.0961081923745193,1.1036155639595417,0.9268754772517992,0.9517760703677255,12.343969802856446,167.20439318937767
noise-game,scale,mnist,42,500,100,1.1,1.0,0.05,iid,1.0,50,13,2.5468048375345598,0.8526459789276123,0.6101003976166248,nan,0.8792502745985985,0.08495225012302399,1000.0,0.0,nan,0,10436,0,116,2963.6598062841254,0.0,211.42030715942383,0.0,0.9377835906019365,0.0,1.1425811993051094,0.0,211.42030715942383,0.0,0.31668989211320875,0.0027857751958072184,0.9377835906019365,0.0,0.9320254296064376,0.0,1.1425811993051094,1.1116069262979342,0.9320254296064376,0.9377835906019365,10.571015357971191,148.18299031420625
noise-game,scale,mnist,42,500,100,1.1,1.0,0.05,iid,1.0,50,14,2.5468048375345598,0.8557792297005653,0.5865755297243596,nan,0.848062264919281,0.08071031980216503,1000.0,0.0,nan,0,10786,0,112,3173.098615471342,0.0,207.50821431477866,0.0,0.9195823128353524,0.0,1.1956126932913815,0.0,207.50821431477866,0.0,0.1607287977822125,0.006807004313450307,0.9195823128353524,0.0,0.9422285596529643,0.0,1.1956126932913815,1.1181344740156114,0.9422285596529643,0.9195823128353524,7.781558036804199,118.99119808017532
noise-game,scale,mnist,42,500,100,1.1,1.0,0.05,iid,1.0,50,15,2.579071073848239,0.8585174781084061,0.5664291904866695,nan,0.87845188946951,0.07692869521677494,1000.0,0.0,nan,0,10851,0,117,3444.1267221846742,0.0,211.21457199823288,0.0,0.9364381022195281,0.0,1.249910928071278,0.0,211.21457199823288,0.0,0.2243492156821525,0.006362064119894057,0.9364381022195281,0.0,0.9120141466458639,0.0,1.249910928071278,1.1236903623428494,0.9120141466458639,0.9364381022195281,11.088765029907227,180.8166529146954
noise-game,scale,mnist,42,500,100,1.1,1.0,0.05,iid,1.0,50,16,2.579071073848239,0.8608597287535668,0.5489034633338451,nan,1.0568748399615289,0.07602608378976583,1000.0,0.0,nan,0,11693,0,117,3757.754056668439,0.0,210.096142578125,0.0,0.9308800283607319,0.0,1.2840116531460524,0.0,210.096142578125,0.0,0.12975014158291742,0.018856905782595277,0.9308800283607319,0.0,0.9076021671295166,0.0,1.2840116531460524,1.1312958791907897,0.9076021671295166,0.9308800283607319,10.50480712890625,187.88770283342194
noise-game,scale,mnist,42,500,100,1.1,1.0,0.05,iid,1.0,50,17,2.626898729085254,0.8628894774615765,0.5338111034035683,nan,0.7692940764957004,0.07427575796842575,1000.0,0.0,nan,0,10688,0,114,3778.822541968528,0.0,208.315188937717,0.0,0.9228365772388997,0.0,1.3450503234749636,0.0,208.315188937717,0.0,0.2740820362750027,0.004990023258142173,0.9228365772388997,0.0,0.9061573280228509,0.0,1.3450503234749636,1.1329842986093348,0.9061573280228509,0.9228365772388997,9.374183502197265,170.04701438858376
noise-game,scale,mnist,42,500,100,1.1,1.0,0.05,iid,1.0,50,18,2.681773133119602,0.8648467287421227,0.5205065509676934,nan,0.9182708632378351,0.07161183252930642,1000.0,0.0,nan,0,11038,0,118,4081.680158402158,0.0,212.51549057733445,0.0,0.9427469637692315,0.0,1.3959939008495725,0.0,212.51549057733445,0.0,0.1935684222594968,0.008337730416096747,0.9427469637692315,0.0,0.8713269659451076,0.0,1.3959939008495725,1.1350406292622033,0.8713269659451076,0.9427469637692315,11.157063255310058,214.2882083161133
noise-game,scale,mnist,42,500,100,1.1,1.0,0.05,iid,1.0,50,19,2.7414324404760406,0.8664587296545505,0.50873077750206,nan,0.9051596572001775,0.07077531542629004,1000.0,0.0,nan,0,11155,0,115,4141.06405178675,0.0,206.46300252278647,0.0,0.9144870743941096,0.0,1.4467765622873352,0.0,206.46300252278647,0.0,0.12239938431108992,0.011322548054158688,0.9144870743941096,0.0,0.8941568732261658,0.0,1.4467765622873352,1.1353641384085593,0.8941568732261658,0.9144870743941096,9.290835113525391,186.34788233040373
noise-game,scale,mnist,42,500,100,1.1,1.0,0.05,iid,1.0,50,20,2.9799135515809363,0.8678894779086113,0.4980931083112955,nan,0.7764430249279196,0.07042353823781014,1000.0,0.0,nan,0,11147,0,119,4242.53155916226,0.0,203.47331862016156,0.0,0.9029667980269921,0.0,1.507814582843552,0.0,203.47331862016156,0.0,0.1853897508593615,0.010005144122987985,0.9029667980269921,0.0,0.8971138623627749,0.0,1.507814582843552,1.1358742683433871,0.8971138623627749,0.9029667980269921,11.191032524108886,233.33923575392436
noise-game,scale,mnist,42,500,100,1.1,1.0,0.05,iid,1.0,50,21,2.9799135515809363,0.8693887281417847,0.4885871846973896,nan,0.8778725624084472,0.06887048579752446,1000.0,0.0,nan,0,10623,0,111,4385.9231614803875,0.0,204.9648895263672,0.0,0.9090617795086243,0.0,1.5413366094909113,0.0,204.9648895263672,0.0,0.2364723813875268,0.003726493353024125,0.9090617795086243,0.0,0.8785104274749755,0.0,1.5413366094909113,1.1372669251478682,0.8785104274749755,0.9090617795086243,7.68618335723877,164.47211855551453
noise-game,scale,mnist,42,500,100,1.1,1.0,0.05,iid,1.0,50,22,2.9799135515809363,0.8705484800040721,0.4802988504618406,nan,0.9912306627501613,0.06779722414910794,1000.0,0.0,nan,0,11226,0,120,4581.876776006213,0.0,206.41858374554178,0.0,0.9146868648133255,0.0,1.5915848907840735,0.0,206.41858374554178,0.0,0.21463112861080014,0.01109430485405028,0.9146868648133255,0.0,0.8602299819821897,0.0,1.5915848907840735,1.1383429041991808,0.8602299819821897,0.9146868648133255,11.869068565368652,263.4579146203572
noise-game,scale,mnist,42,500,100,1.1,1.0,0.05,iid,1.0,50,23,3.0621573895700696,0.8716534788906575,0.47259272292256355,nan,0.9309756540589862,0.06683405701071024,1000.0,0.0,nan,0,10830,0,114,4627.191993948426,0.0,200.58035278320312,0.0,0.8905365210666307,0.0,1.64912962410658,0.0,200.58035278320312,0.0,0.22209114285134193,0.006341785830445587,0.8905365210666307,0.0,0.8791707257429758,0.0,1.64912962410658,1.136643671052779,0.8791707257429758,0.8905365210666307,9.026115875244141,208.22363972767923
noise-game,scale,mnist,42,500,100,1.1,1.0,0.05,iid,1.0,50,24,3.100161823503406,0.8725874787569046,0.46589993700385096,nan,0.9305543648569208,0.06632401287555695,1000.0,0.0,nan,0,10916,0,116,4881.732149061141,0.0,201.6978944477282,0.0,0.8942850422582381,0.0,1.700299674004822,0.0,201.6978944477282,0.0,0.20756460617198363,0.007330190148204565,0.8942850422582381,0.0,0.8631408998840734,0.0,1.700299674004822,1.1351836502127703,0.8631408998840734,0.8942850422582381,9.58064998626709,231.88227708040415
noise-game,scale,mnist,42,500,100,1.1,1.0,0.05,iid,1.0,50,25,3.201766695924152,0.8735789795219898,0.459406126216054,nan,0.7397513857909611,0.06529503274708987,1000.0,0.0,nan,0,10684,0,110,4665.568045204933,0.0,189.06244659423828,0.0,0.8381793954542783,0.0,1.7604927802862298,0.0,189.06244659423828,0.0,0.16581786270918591,0.005266978866420686,0.8381793954542783,0.0,0.9237563524927411,0.0,1.7604927802862298,1.1322382093938663,0.9237563524927411,0.8381793954542783,6.61718563079834,163.29488158217268
noise-game,scale,mnist,42,500,100,1.1,1.0,0.05,iid,1.0,50,26,3.266090579530224,0.8744502280652523,0.453630064278841,nan,0.8614561890854555,0.06419442407786846,1000.0,0.0,nan,0,10314,0,112,5182.3693252962485,0.0,206.29075353285845,0.0,0.9151671574627599,0.0,1.8068581667210362,0.0,206.29075353285845,0.0,0.2227914686561288,0.002324200854636729,0.9151671574627599,0.0,0.8130921791581547,0.0,1.8068581667210362,1.1299610960032669,0.8130921791581547,0.9151671574627599,8.767357025146485,220.2506963250906
noise-game,scale,mnist,42,500,100,1.1,1.0,0.05,iid,1.0,50,27,3.305332854005913,0.875089727640152,0.44862026125192644,nan,0.8907561017119366,0.06518425066024065,1000.0,0.0,nan,0,10581,0,119,5107.893967569978,0.0,199.91781218155572,0.0,0.8864086892228135,0.0,1.8641322196522183,0.0,199.91781218155572,0.0,0.22499231133690994,0.0033760931668803096,0.8864086892228135,0.0,0.8388361282970594,0.0,1.8641322196522183,1.1268830677637565,0.8388361282970594,0.8864086892228135,11.495274200439454,293.70390313527366
noise-game,scale,mnist,42,500,100,1.1,1.0,0.05,iid,1.0,50,28,3.335308650633853,0.8759042276442051,0.44371428079903125,nan,0.8198770341964868,0.06507982920855283,1000.0,0.0,nan,0,11524,0,122,5200.204158813146,0.0,197.83939361572266,0.0,0.8772283839775121,0.0,1.933399492625527,0.0,197.83939361572266,0.0,0.168820958575592,0.013887102883309126,0.8772283839775121,0.0,0.8393129729307615,0.0,1.933399492625527,1.1238872031574025,0.8393129729307615,0.8772283839775121,12.859560585021972,338.0132703228545
noise-game,scale,mnist,42,500,100,1.1,1.0,0.05,iid,1.0,50,29,3.370974349797376,0.8766542275249958,0.4389720714837313,nan,0.812259316444397,0.06387388091534377,1000.0,0.0,nan,0,10671,0,113,5441.399514378855,0.0,198.46900346544055,0.0,0.8796644397853651,0.0,1.96846842232138,0.0,198.46900346544055,0.0,0.26598230360670844,0.004081674718763679,0.8796644397853651,0.0,0.8243922624323103,0.0,1.96846842232138,1.1242712284646188,0.8243922624323103,0.8796644397853651,8.931105155944824,244.8629781470485
noise-game,scale,mnist,42,500,100,1.1,1.0,0.05,iid,1.0,50,30,3.411208776345109,0.877141227722168,0.43511697225272655,nan,0.9139035263886819,0.0641087543964386,1000.0,0.0,nan,0,10983,0,123,5381.213654808986,0.0,195.19431480994592,0.0,0.8652011995963442,0.0,2.0343435307642967,0.0,195.19431480994592,0.0,0.22039080939542216,0.005831816769205034,0.8652011995963442,0.0,0.8321005403995514,0.0,2.0343435307642967,1.119967931903087,0.8321005403995514,0.8652011995963442,12.687630462646485,349.77888756258403
noise-game,scale,mnist,42,500,100,1.1,1.0,0.05,iid,1.0,50,31,3.4562171457165083,0.8776199781894684,0.43139395050704477,nan,1.1236071498954998,0.06450011592358351,1000.0,0.0,nan,0,10724,0,114,5367.844565728219,0.0,195.11470121495864,0.0,0.8639280328902127,0.0,2.062932076689506,0.0,195.11470121495864,0.0,0.35740626115790186,0.005408770621288568,0.8639280328902127,0.0,0.8220988231546739,0.0,2.062932076689506,1.1213620985911927,0.8220988231546739,0.8639280328902127,8.292374801635741,228.1333940434493
noise-game,scale,mnist,42,500,100,1.1,1.0,0.05,iid,1.0,50,32,3.5061202247651524,0.878328228443861,0.4276554809510708,nan,0.9799295693635941,0.06547906462103129,1000.0,0.0,nan,0,11322,0,118,5508.947453056686,0.0,191.01073150634767,0.0,0.8454299763310351,0.0,2.1203075946060195,0.0,191.01073150634767,0.0,0.11646528174751439,0.012258986616507173,0.8454299763310351,0.0,0.8357349067926407,0.0,2.1203075946060195,1.1159841941729942,0.8357349067926407,0.8454299763310351,9.550536575317382,275.44737265283425
noise-game,scale,mnist,42,500,100,1.1,1.0,0.05,iid,1.0,50,33,3.5609487158710795,0.8787694790959358,0.42453915014863014,nan,1.1068496488862567,0.06470234625041485,1000.0,0.0,nan,0,10688,0,114,5468.9893865405165,0.0,189.25859832763672,0.0,0.8390632685382128,0.0,2.15924788894542,0.0,189.25859832763672,0.0,0.21284111259349933,0.0050081104878336195,0.8390632685382128,0.0,0.8328897356987,0.0,2.15924788894542,1.1138223810974452,0.8328897356987,0.8390632685382128,8.516636924743652,246.10452239432328
noise-game,scale,mnist,42,500,100,1.1,1.0,0.05,iid,1.0,50,34,3.620645994842278,0.8790834780037403,0.4218006821721792,nan,1.1235362846275856,0.06340463023632764,1000.0,0.0,nan,0,11800,0,126,5646.001748134845,0.0,192.88257572568696,0.0,0.8551764689472997,0.0,2.204801434666027,0.0,192.88257572568696,0.0,0.18224580416552208,0.01616182304918766,0.8551764689472997,0.0,0.7985218804458092,0.0,2.204801434666027,1.1132772253048835,0.7985218804458092,0.8551764689472997,13.983986740112305,409.33512673977634
noise-game,scale,mnist,42,500,100,1.1,1.0,0.05,iid,1.0,50,35,3.685078640472122,0.8795984774827957,0.41893902026116847,nan,1.1239622104912996,0.06339704170823098,1000.0,0.0,nan,0,10992,0,114,5727.024008995366,0.0,189.17520427703857,0.0,0.8393242493302357,0.0,2.243610694869218,0.0,189.17520427703857,0.0,0.23471604008955183,0.008992515401914716,0.8393242493302357,0.0,0.8089421950280666,0.0,2.243610694869218,1.1091340332016175,0.8089421950280666,0.8393242493302357,7.567008171081543,229.08096035981464
noise-game,scale,mnist,42,500,100,1.1,1.0,0.05,iid,1.0,50,36,3.754052792860233,0.8799174779653549,0.4163169315457344,nan,0.8608316508206454,0.06281508777290583,1000.0,0.0,nan,0,10912,0,118,5778.09786582001,0.0,183.3521492697976,0.0,0.812452505071226,0.0,2.313031928600004,0.0,183.3521492697976,0.0,0.15526848418680442,0.005592717285035178,0.812452505071226,0.0,0.8354879265481775,0.0,2.313031928600004,1.0948689463674643,0.8354879265481775,0.812452505071226,10.084368209838868,317.7953826201005
noise-game,scale,mnist,42,500,100,1.1,1.0,0.05,iid,1.0,50,37,3.827333565551222,0.8803624770045281,0.4137633663415909,nan,1.0258369041340691,0.0626021920517087,1000.0,0.0,nan,0,10512,0,110,5833.311768601603,0.0,183.37544141496932,0.0,0.8131405060313803,0.0,2.360175651935567,0.0,183.37544141496932,0.0,0.19654535013251007,0.002086390110198408,0.8131405060313803,0.0,0.822788342833519,0.0,2.360175651935567,1.0850858140157766,0.822788342833519,0.8131405060313803,6.418140449523926,204.1659119010561
noise-game,scale,mnist,42,500,100,1.1,1.0,0.05,iid,1.0,50,38,3.905017676249213,0.8805009773373604,0.41195241212844846,nan,1.1503240605816245,0.06369109580293297,1000.0,0.0,nan,0,11911,0,129,6220.053288318786,0.0,194.2085099220276,0.0,0.8605059643932103,0.0,2.3954408592989704,0.0,194.2085099220276,0.0,0.26694031773877214,0.01688033000566065,0.8605059643932103,0.0,0.7416953891515732,0.0,2.3954408592989704,1.0920386222341325,0.7416953891515732,0.8605059643932103,15.536680793762207,497.6042630655029
noise-game,scale,mnist,42,500,100,1.1,1.0,0.05,iid,1.0,50,39,4.038424205426209,0.8808447279036045,0.4096771749854088,nan,0.8914455622434616,0.06431623982265591,1000.0,0.0,nan,0,11076,0,118,5921.661866176405,0.0,186.41963272094728,0.0,0.8272525121972449,0.0,2.4404068559265926,0.0,186.41963272094728,0.0,0.13936275369487702,0.008692137813195586,0.8272525121972449,0.0,0.7781639277935029,0.0,2.4404068559265926,1.0874342948707068,0.7781639277935029,0.8272525121972449,9.320981636047364,296.0830933088202
noise-game,scale,mnist,42,500,100,1.1,1.0,0.05,iid,1.0,50,40,4.070447429980684,0.8812089788913727,0.4077232627570629,nan,1.104901115099589,0.06304160119965672,1000.0,0.0,nan,0,11385,0,121,6037.677680538048,0.0,183.5553061167399,0.0,0.813774864670636,0.0,2.4883071892661017,0.0,183.5553061167399,0.0,0.16360760984631875,0.012788331683259458,0.813774864670636,0.0,0.7859905585646629,0.0,2.4883071892661017,1.0828785529464164,0.7859905585646629,0.813774864670636,11.013318367004395,362.2606608322829
noise-game,scale,mnist,42,500,100,1.1,1.0,0.05,iid,1.0,50,41,4.158419322614949,0.8812857274711132,0.4064552399516106,nan,1.3649443586667378,0.06520514875650406,1000.0,0.0,nan,0,11696,0,128,5861.53650432873,0.0,174.44608408610026,0.0,0.7733844959926814,0.0,2.5465142010452273,0.0,174.44608408610026,0.0,0.5288624471053481,0.01719791621901095,0.7733844959926814,0.0,0.8346504867076874,0.0,2.5465142010452273,1.0935186114124238,0.8346504867076874,0.7733844959926814,13.083456306457519,439.61523782465474
noise-game,scale,mnist,42,500,100,1.1,1.0,0.05,iid,1.0,50,42,4.256038273956277,0.8816764774918556,0.4043111111223698,nan,0.9655961464433109,0.06656556483358145,1000.0,0.0,nan,0,10790,0,114,5968.3165689265925,0.0,172.7546817555147,0.0,0.76506393873738,0.0,2.598242866111627,0.0,172.7546817555147,0.0,0.3067273087114753,0.005271676887059584,0.76506393873738,0.0,0.8356020976515377,0.0,2.598242866111627,1.086293056093505,0.8356020976515377,0.76506393873738,7.342073974609375,253.65345417938013
noise-game,scale,mnist,42,500,100,1.1,1.0,0.05,iid,1.0,50,43,4.38956108535335,0.8817512266337871,0.4031549110263586,nan,1.1129041016101837,0.06364757010713219,1000.0,0.0,nan,0,11198,0,122,5807.511324415912,0.0,173.39950561523438,0.0,0.7684732565273451,0.0,2.6523491676658,0.0,173.39950561523438,0.0,0.16124388611875473,0.00908586942590773,0.7684732565273451,0.0,0.8186587047576904,0.0,2.6523491676658,1.0827782993573551,0.8186587047576904,0.7684732565273451,10.837469100952148,362.9694577759945
noise-game,scale,mnist,42,500,100,1.1,1.0,0.05,iid,1.0,50,44,4.4765992932100716,0.8819549785554409,0.4018878202885389,nan,1.1730526122781966,0.06429317835718393,1000.0,0.0,nan,0,10969,0,123,5880.800146081757,0.0,173.5836498119213,0.0,0.7691047398321624,0.0,2.7203574866233486,0.0,173.5836498119213,0.0,0.1489881822425458,0.00531614986481145,0.7691047398321624,0.0,0.8058055186713183,0.0,2.7203574866233486,1.0742184012176115,0.8058055186713183,0.7691047398321624,11.716896362304688,396.95400986051857
noise-game,scale,mnist,42,500,100,1.1,1.0,0.05,iid,1.0,50,45,4.510685383864888,0.8822027286887169,0.4005473618209362,nan,1.2907854557037353,0.06376538641750812,1000.0,0.0,nan,0,11696,0,122,5976.285395060696,0.0,179.37893371582032,0.0,0.7942911168349557,0.0,2.7516643910626954,0.0,179.37893371582032,0.0,0.23264395066536964,0.017844822527840733,0.7942911168349557,0.0,0.7543035626411438,0.0,2.7516643910626954,1.0852436249879023,0.7543035626411438,0.7942911168349557,11.21118335723877,373.5178371912935
noise-game,scale,mnist,42,500,100,1.1,1.0,0.05,iid,1.0,50,46,4.987669627663853,0.882478477358818,0.39894115276634695,nan,1.30868412454923,0.06431154523044824,1000.0,0.0,nan,0,10712,0,110,6086.725720202679,0.0,169.66196899414064,0.0,0.7512019700586499,0.0,2.7865844402290905,0.0,169.66196899414064,0.0,0.678147484206905,0.004911161209456623,0.7512019700586499,0.0,0.8100405017534892,0.0,2.7865844402290905,1.0873531613137684,0.8100405017534892,0.7512019700586499,6.3623238372802735,228.2522145076005
noise-game,scale,mnist,42,500,100,1.1,1.0,0.05,iid,1.0,50,47,4.987669627663853,0.882525726556778,0.3981711459159851,nan,1.3166596527610506,0.0649203334748745,1000.0,0.0,nan,0,12088,0,126,5906.703722964894,0.0,175.48100062779017,0.0,0.7776252415974246,0.0,2.847181779702834,0.0,175.48100062779017,0.0,0.29021380431368016,0.023546042162925006,0.7776252415974246,0.0,0.7558041289448738,0.0,2.847181779702834,1.0816612256141487,0.7558041289448738,0.7776252415974246,12.283670043945312,413.4692606075426
noise-game,scale,mnist,42,500,100,1.1,1.0,0.05,iid,1.0,50,48,4.987669627663853,0.8826917271316052,0.39707530342042446,nan,1.369568906724453,0.06468006050214171,1000.0,0.0,nan,0,10416,0,112,6347.360353741264,0.0,174.83022594451904,0.0,0.774509849425105,0.0,2.869922740223584,0.0,174.83022594451904,0.0,0.29662128759082407,0.002278676023706794,0.774509849425105,0.0,0.7483344580978155,0.0,2.869922740223584,1.089019376256442,0.7483344580978155,0.774509849425105,6.993209037780762,253.89441414965054
noise-game,scale,mnist,42,500,100,1.1,1.0,0.05,iid,1.0,50,49,4.987669627663853,0.8827859774231911,0.39609821133315565,nan,1.544290341436863,0.06462465608492493,1000.0,0.0,nan,0,10619,0,113,5929.178038907881,0.0,167.45408821105957,0.0,0.7414874011336106,0.0,2.88498871764236,0.0,167.45408821105957,0.0,0.7667821067516343,0.004486407798249274,0.7414874011336106,0.0,0.7896580882370472,0.0,2.88498871764236,1.1021256778383077,0.7896580882370472,0.7414874011336106,6.698163528442382,237.16712155631524
noise-game,scale,mnist,42,500,100,1.1,1.0,0.05,iid,1.0,50,50,5.074807043784342,0.8815459762513638,0.3988913906365633,0.8961470038400455,1.3281544929458982,0.32197205513715743,1000.0,0.4810051792136318,0.9722243255260771,10468,836,111,7,6069.997172559502,0.0,169.54923139299666,0.0,0.7517700309610552,0.0,2.93767263807191,0.0,169.54923139299666,0.0,0.18340219805637994,0.3070665593445301,0.7517700309610552,0.0,0.7605407592796144,0.0,2.93767263807191,1.102557311311548,0.7605407592796144,0.7517700309610552,8.901334648132325,318.6748515593739
noise-game,scale,mnist,42,500,100,1.1,1.0,0.05,iid,1.0,50,51,5.189122391698059,0.87625822737813,0.41973323248326777,0.8581610065735413,1.408969809027279,0.42517810940742495,1000.0,0.4681954633327215,0.9539314800844905,10275,584,109,4,6303.259436589538,0.0,167.22314273609834,0.0,0.7410160283000519,0.0,2.9764927859522827,0.0,167.22314273609834,0.0,0.480404134182369,0.16200831711292266,0.7410160283000519,0.0,0.7659925327581518,0.0,2.9764927859522827,1.1064336926577372,0.7659925327581518,0.7410160283000519,7.10698356628418,267.8885260550553
noise-game,scale,mnist,42,500,100,1.1,1.0,0.05,iid,1.0,50,52,5.194253122102357,0.8689934767410159,0.6785702376812697,0.8189603747132169,1.2608991580850937,1.4735904002189637,1000.0,0.3155501188561405,0.9081798982814879,10079,404,105,8,5964.443034907179,0.0,172.15778305951287,0.0,0.763576053681811,0.0,3.0224193314198793,0.0,172.15778305951287,0.0,0.28236374960226174,0.10609470650553704,0.763576053681811,0.0,0.7167735998244846,0.0,3.0224193314198793,1.1122627257622417,0.7167735998244846,0.763576053681811,7.316705780029297,253.48882898355515
noise-game,scale,mnist,42,500,100,1.1,1.0,0.05,iid,1.0,50,53,5.194253122102357,0.8568192277103662,10.489106120765209,0.8567369044879058,1.156728732917044,6.576346807479858,1000.0,0.6518060790579121,0.9645635720574975,10477,814,111,4,6435.3168147236975,0.0,167.31455739339194,0.0,0.7407878516942352,0.0,3.0627931073236874,0.0,167.31455739339194,0.0,0.5447276151842542,1.8046573567390443,0.7407878516942352,0.0,0.7425487273269229,0.0,3.0627931073236874,1.119425559150466,0.7425487273269229,0.7407878516942352,7.529155082702637,289.5892566625664
noise-game,scale,mnist,42,500,100,1.1,1.0,0.05,iid,1.0,50,54,5.194253122102357,0.8769472286105156,0.41599285826086996,0.9078090570631411,1.3589697434351995,30.62742971420288,1000.0,0.44961190821375924,1.0,10679,965,22,100,5554.790330397216,0.0,173.94357651930588,0.0,0.7713336532122332,0.0,3.116144472105094,0.0,173.94357651930588,0.0,0.3431412394230182,15.091127977371215,0.7713336532122332,0.0,0.6763861580536916,0.0,3.116144472105094,1.1423042170483382,0.6763861580536916,0.7713336532122332,11.306332473754884,361.06137147581904
noise-game,scale,mnist,42,500,100,1.1,1.0,0.05,iid,1.0,50,55,5.252093455192512,0.8798187281191349,0.40363642483949663,0.897128474370998,1.3061061223347983,52.51265502929687,1000.0,0.32768878812522073,1.0,10036,241,56,55,5904.771244346771,0.0,166.97091471354167,0.0,0.7396818525188281,0.0,3.142481494893444,0.0,166.97091471354167,0.0,0.9436747153600057,2.1085210180282594,0.7396818525188281,0.0,0.7179441968599956,0.0,3.142481494893444,1.1511549213112462,0.7179441968599956,0.7396818525188281,6.261409301757812,221.42892166300393
noise-game,scale,mnist,42,500,100,1.1,1.0,0.05,iid,1.0,50,56,5.536660014510691,0.8811262287199497,0.3990466211736202,0.9182585947801953,0.9643422439694405,108.75430683135987,1000.0,0.3590277591714373,1.0,10111,194,15,92,6007.554988188452,0.0,162.39746856689453,0.0,0.7202675512252315,0.0,3.1753083001004883,0.0,162.39746856689453,0.0,0.5246449882785479,1.1360214763879777,0.7202675512252315,0.0,0.7432811160882314,0.0,3.1753083001004883,1.1491380710391916,0.7432811160882314,0.7202675512252315,4.871924057006836,180.2266496456536
noise-game,scale,mnist,42,500,100,1.1,1.0,0.05,iid,1.0,50,57,5.536660014510691,0.8817857265472412,0.396859630420804,0.9349354688111507,0.9694135403633117,122.95056177139283,1000.0,0.28292247397290526,1.0,10419,678,0,121,6236.864409739164,0.0,155.2965881347656,0.0,0.6880900815232017,0.0,3.2837459057965903,0.0,155.2965881347656,0.0,0.3334753519296646,4.510151689052582,0.6880900815232017,0.0,0.7980006504058837,0.0,3.2837459057965903,1.1212103840862815,0.7980006504058837,0.6880900815232017,9.70603675842285,389.8040256086977
noise-game,scale,mnist,42,500,100,1.1,1.0,0.05,iid,1.0,50,58,5.536660014510691,0.8782179786637425,32.79179832741618,0.9107069982265054,1.27831757179013,123.13575002670288,1000.0,0.3752288727605555,0.9980921855921855,10638,987,25,98,6376.502630386892,0.0,154.77477857801648,0.0,0.6860333067061163,0.0,3.378888003975701,0.0,154.77477857801648,0.0,0.6596406173926813,11.3082088637352,0.6860333067061163,0.0,0.7800538672341241,0.0,3.378888003975701,1.126786079885997,0.7800538672341241,0.6860333067061163,10.447297554016114,430.41392755111514
noise-game,scale,mnist,42,500,100,1.1,1.0,0.05,iid,1.0,50,59,5.536660014510691,0.8784899789653718,1.0655838461965323,0.9209575701107059,1.1323814935982228,144.53922744750977,1000.0,0.47557440618272695,1.0,10473,612,5,110,6664.8801295893045,0.0,162.43927993774415,0.0,0.7196509113260832,0.0,3.4317959586918994,0.0,162.43927993774415,0.0,0.801158320903778,7.962984638214111,0.7196509113260832,0.0,0.7058984074741602,0.0,3.4317959586918994,1.1276630055355172,0.7058984074741602,0.7196509113260832,8.121963996887207,333.24400647946527
noise-game,scale,mnist,42,500,100,1.1,1.0,0.05,iid,1.0,50,60,5.536660014510691,0.8790072274208068,0.8742833106964827,0.927326337331028,1.4635558373787825,148.9680360984802,1000.0,0.5624702159980817,1.0,10479,571,0,112,6042.296397885984,0.0,157.08499414780562,0.0,0.696954320740009,0.0,3.4688173349037332,0.0,157.08499414780562,0.0,1.9815391933216768,8.004347953796387,0.696954320740009,0.0,0.7300664291662329,0.0,3.4688173349037332,1.145540907516442,0.7300664291662329,0.696954320740009,6.676112251281738,256.7975969101543
noise-game,scale,mnist,42,500,100,1.1,1.0,0.05,iid,1.0,50,61,5.536660014510691,0.8798307264596223,0.7031125155091286,0.8798319204270936,1.411463715528187,148.8960359954834,1000.0,0.3913131594708151,1.0,10395,545,0,114,6237.1931537532,0.0,151.32912565532484,0.0,0.6703647372639459,0.0,3.53481559277207,0.0,151.32912565532484,0.0,0.922305565131338,6.0910014319419865,0.6703647372639459,0.0,0.7772586816235593,0.0,3.53481559277207,1.1390702982099266,0.7772586816235593,0.6703647372639459,7.18813346862793,296.266674803277
noise-game,scale,mnist,42,500,100,1.1,1.0,0.05,iid,1.0,50,62,5.562785849249958,0.880743727684021,0.5323451401293278,0.9010847022659552,1.3442667438225313,149.23925065994263,1000.0,0.34036987072662156,1.0,10348,556,7,111,6256.853703210445,0.0,146.98861208829013,0.0,0.6517193251576074,0.0,3.618246024276144,0.0,146.98861208829013,0.0,0.7680218450047753,8.216978726387024,0.6517193251576074,0.0,0.8000739135525443,0.0,3.618246024276144,1.1435546790654403,0.8000739135525443,0.6517193251576074,8.084373664855956,344.1269536765745
noise-game,scale,mnist,42,500,100,1.1,1.0,0.05,iid,1.0,50,63,5.562785849249958,0.8807352279871702,0.4478832770138979,0.8256882836217159,1.3340925143824682,156.2084663963318,1000.0,0.35348665141852115,1.0,10427,730,0,123,6341.107577554923,0.0,157.86799791124133,0.0,0.7003007369183089,0.0,3.6742357565445847,0.0,157.86799791124133,0.0,0.8884059345280683,5.2881072950363155,0.7003007369183089,0.0,0.6858366076593045,0.0,3.6742357565445847,1.1605105738469308,0.6858366076593045,0.7003007369183089,10.65608985900879,428.02476148495737
noise-game,scale,mnist,42,500,100,1.1,1.0,0.05,iid,1.0,50,64,5.562785849249958,0.8792422272451222,18.674420389309525,0.919876836039569,1.7438962368861488,155.54563737869262,1000.0,0.5962182345100568,0.9993686868686869,10885,1108,22,97,5979.000573895911,0.0,146.41558837890625,0.0,0.649156924075794,0.0,3.748250510255584,0.0,146.41558837890625,0.0,3.7790971372438515,31.41062527656555,0.649156924075794,0.0,0.7761844370676123,0.0,3.748250510255584,1.1699265491649358,0.7761844370676123,0.649156924075794,8.41889633178711,343.79253299901495
noise-game,scale,mnist,42,500,100,1.1,1.0,0.05,iid,1.0,50,65,5.6798891785503125,0.8790644759126007,0.6545350287854671,0.8974018231530424,1.379978015422821,175.6311813545227,1000.0,0.4618954094905506,1.0,10657,920,23,98,6021.340417388921,0.0,147.58771606445313,0.0,0.6543453284790343,0.0,3.8073605583826304,0.0,147.58771606445313,0.0,1.0054822015762328,14.726517667770386,0.6543453284790343,0.0,0.7495984280109406,0.0,3.8073605583826304,1.1925312880452168,0.7495984280109406,0.6543453284790343,9.22423225402832,376.3337760868076
noise-game,scale,mnist,42,500,100,1.1,1.0,0.05,iid,1.0,50,66,5.6798891785503125,0.8781929784081877,17.6027879049629,0.9744480033665461,1.398472636938095,196.96281337738037,1000.0,0.21192063619312296,0.9974489795918368,10155,331,21,91,6310.0544869414425,0.0,144.35526614718967,0.0,0.6395238717144327,0.0,3.8454308616187047,0.0,144.35526614718967,0.0,0.9668837090333303,2.1540550243854524,0.6395238717144327,0.0,0.76327512661616,0.0,3.8454308616187047,1.2095009732558066,0.76327512661616,0.6395238717144327,6.495986976623535,283.95245191236495
noise-game,scale,mnist,42,500,100,1.1,1.0,0.05,iid,1.0,50,67,5.762125827926058,0.8783002276159823,0.890299324914813,0.8380355825388403,1.3196766945448788,218.24188472747804,1000.0,0.2756547064804167,1.0,10233,453,0,118,6198.710265737353,0.0,142.87563809481534,0.0,0.6334313858356687,0.0,3.937504161262975,0.0,142.87563809481534,0.0,0.5655850903554396,2.7351042568683623,0.6334313858356687,0.0,0.7895706593990326,0.0,3.937504161262975,1.1849317178491325,0.7895706593990326,0.6334313858356687,7.858160095214844,340.92906461555447
noise-game,scale,mnist,42,500,100,1.1,1.0,0.05,iid,1.0,50,68,5.956352535498096,0.8793507280759514,0.7388546065241098,0.8321521638112258,1.6762288599102586,218.57383953094484,1000.0,0.33307766852196335,1.0,10428,731,0,123,6019.474429992366,0.0,140.47280940303096,0.0,0.6219644470437216,0.0,4.029873172253306,0.0,140.47280940303096,0.0,0.9205375600744177,7.902882380485535,0.6219644470437216,0.0,0.7934006452560425,0.0,4.029873172253306,1.192854682293377,0.7934006452560425,0.6219644470437216,9.481914634704589,406.3145240244847
noise-game,scale,mnist,42,500,100,1.1,1.0,0.05,iid,1.0,50,69,6.181818348913463,0.878246727604419,16.50029979802668,0.7647167405020808,1.0443812186519306,219.3280859565735,1000.0,0.22335140018066846,0.9973958333333334,9977,147,62,44,6298.514497392028,0.0,139.5737444559733,0.0,0.6193162476599521,0.0,4.076730708483425,0.0,139.5737444559733,0.0,1.1203745976090431,4.886170105934143,0.6193162476599521,0.0,0.8137744019428889,0.0,4.076730708483425,1.173488103110364,0.8137744019428889,0.6193162476599521,4.1872123336791995,188.95543492176083
noise-game,scale,mnist,42,500,100,1.1,1.0,0.05,iid,1.0,50,70,6.181818348913463,0.8789494782313705,0.7702783642709256,0.9564113095634118,1.6614574056405287,277.0117990112305,1000.0,0.3528668492613774,1.0,10217,291,6,102,6384.755161799419,0.0,142.4512235201322,0.0,0.6319375540651472,0.0,4.1171540775547095,0.0,142.4512235201322,0.0,1.781699015544011,11.855882530212403,0.6319375540651472,0.0,0.7355691561332116,0.0,4.1171540775547095,1.1743177354243486,0.7355691561332116,0.6319375540651472,4.629664764404297,207.5045427584811
noise-game,scale,mnist,42,500,100,1.1,1.0,0.05,iid,1.0,50,71,6.181818348913463,0.878659977465868,0.7311680211126804,0.938294043771664,1.4786882137551027,308.2183251190186,1000.0,0.4177439855806747,1.0,10375,485,2,110,6281.251039544317,0.0,140.863063139074,0.0,0.6239386591160726,0.0,4.15243284481245,0.0,140.863063139074,0.0,0.8597557842731476,9.204781246185302,0.6239386591160726,0.0,0.757894351201899,0.0,4.15243284481245,1.18743701834256,0.757894351201899,0.6239386591160726,5.986680183410645,266.95316918063344
noise-game,scale,mnist,42,500,100,1.1,1.0,0.05,iid,1.0,50,72,6.181818348913463,0.8799214780330658,0.5705028080195188,0.8971905224448894,1.578654944896698,315.1182891845703,1000.0,0.26365280009127445,1.0,10221,357,0,114,6521.068067682322,0.0,140.834766588713,0.0,0.624028037001517,0.0,4.210110589090123,0.0,140.834766588713,0.0,1.892298610586869,7.704997234344482,0.624028037001517,0.0,0.7411232559304488,0.0,4.210110589090123,1.1951088208299292,0.7411232559304488,0.624028037001517,6.689651412963867,309.7507332149104
noise-game,scale,mnist,42,500,100,1.1,1.0,0.05,iid,1.0,50,73,6.196632473644194,0.8801127276569605,0.47497378021478653,0.9033368015106789,1.5799389300139055,314.68093589782717,1000.0,0.360337175149879,1.0,10377,586,0,119,6249.459542186511,0.0,141.80246900475544,0.0,0.6277120320385317,0.0,4.275525419513878,0.0,141.80246900475544,0.0,1.5944796204566956,11.722934870719909,0.6277120320385317,0.0,0.7187060947003572,0.0,4.275525419513878,1.2014831960693826,0.7187060947003572,0.6277120320385317,8.153641967773437,359.34392367572434
noise-game,scale,mnist,42,500,100,1.1,1.0,0.05,iid,1.0,50,74,6.196632473644194,0.881407728344202,0.4472500841319561,0.8784053354006222,1.5544315404013584,314.4614990234375,1000.0,0.307865598556288,1.0,10316,480,0,114,6452.191555372349,0.0,137.2611268696032,0.0,0.6085514423638199,0.0,4.337052215245332,0.0,137.2611268696032,0.0,0.965880949246256,5.995037541389466,0.6085514423638199,0.0,0.7870264084715592,0.0,4.337052215245332,1.1894577261034271,0.7870264084715592,0.6085514423638199,6.519903526306153,306.4790988801866
noise-game,scale,mnist,42,500,100,1.1,1.0,0.05,iid,1.0,50,75,6.196632473644194,0.8811207285523415,0.4231862758100033,0.8176484010104442,1.6571601574358188,314.2338205718994,1000.0,0.4193407467224297,1.0,10345,483,0,116,6269.465117229411,0.0,145.04552098324424,0.0,0.6433274460306526,0.0,4.378318374441557,0.0,145.04552098324424,0.0,0.6062006315118388,10.535054483413695,0.6433274460306526,0.0,0.669518100980081,0.0,4.378318374441557,1.195075808117565,0.669518100980081,0.6433274460306526,6.889662246704102,297.79959306839703
noise-game,scale,mnist,42,500,100,1.1,1.0,0.05,iid,1.0,50,76,6.310154152549523,0.8819549779593945,0.40422271966934203,0.8754816084514764,1.7764870375394821,315.35554000854495,1000.0,0.3112370881111216,1.0,10186,316,0,114,6165.102315286524,0.0,137.84698062472873,0.0,0.6114568226754238,0.0,4.425678784066084,0.0,137.84698062472873,0.0,1.1933251669009526,4.050112620592118,0.6114568226754238,0.0,0.7635339664088355,0.0,4.425678784066084,1.1893972244267128,0.7635339664088355,0.6114568226754238,6.203114128112793,277.4296041878936
noise-game,scale,mnist,42,500,100,1.1,1.0,0.05,iid,1.0,50,77,6.310154152549523,0.8811017283797264,0.41905922882258895,0.9278207267383094,1.7608674934932165,315.15546127319334,1000.0,0.37430698620374464,1.0,10369,554,0,117,6326.850525862048,0.0,139.42143758138022,0.0,0.6183312123142028,0.0,4.4723479152558845,0.0,139.42143758138022,0.0,2.194035297348386,14.061987552642822,0.6183312123142028,0.0,0.7021513127145314,0.0,4.4723479152558845,1.1943447003454806,0.7021513127145314,0.6183312123142028,7.319625473022461,332.15965260775744
noise-game,scale,mnist,42,500,100,1.1,1.0,0.05,iid,1.0,50,78,6.37779679993199,0.8815662261843681,0.41090209312736986,0.963335524932365,1.6402476270283972,315.03066635131836,1000.0,0.5318485920245762,1.0,10457,513,0,110,5638.508611525285,0.0,140.27664838518416,0.0,0.621900154846759,0.0,4.4992801123094175,0.0,140.27664838518416,0.0,1.746090944324221,10.968746795654297,0.621900154846759,0.0,0.7127241369869027,0.0,4.4992801123094175,1.2033508465781506,0.7127241369869027,0.621900154846759,4.909682693481446,197.34780140338498
noise-game,scale,mnist,42,500,100,1.1,1.0,0.05,iid,1.0,50,79,6.434750033456884,0.8809457275271416,0.434004420042038,0.8645401747036693,1.5125547741588794,316.03981887817383,1000.0,0.2466895068891073,1.0,10137,299,0,114,6681.02721928744,0.0,136.16447529039885,0.0,0.6034918749399175,0.0,4.557601026769844,0.0,136.16447529039885,0.0,1.1514261584532888,3.314109733104706,0.6034918749399175,0.0,0.750457835824866,0.0,4.557601026769844,1.1835677335778918,0.750457835824866,0.6034918749399175,6.467812576293945,317.3487929161534
noise-game,scale,mnist,42,500,100,1.1,1.0,0.05,iid,1.0,50,80,6.434750033456884,0.8814504784345627,0.41345016852021216,0.8972960385118682,1.6270390256591465,313.04301818847654,1000.0,0.5045295717252235,1.0,10726,918,0,118,6333.531599853233,0.0,138.2732524042544,0.0,0.6127492774442639,0.0,4.607522738450585,0.0,138.2732524042544,0.0,1.445487996806269,24.116404590606688,0.6127492774442639,0.0,0.7361105473145194,0.0,4.607522738450585,1.1899706141273931,0.7361105473145194,0.6127492774442639,7.950712013244629,364.1780669915609
noise-game,scale,mnist,42,500,100,1.1,1.0,0.05,iid,1.0,50,81,6.434750033456884,0.8816484777629375,0.40519903659820555,0.8586476297362909,1.626943007895821,314.85770446777343,1000.0,0.4560365705773988,1.0,10387,518,0,115,6689.115876985385,0.0,136.70673571134867,0.0,0.60607636700952,0.0,4.650322817329482,0.0,136.70673571134867,0.0,0.9857073269392315,9.784653944969177,0.60607636700952,0.0,0.7361829406336734,0.0,4.650322817329482,1.1868739978603018,0.7361829406336734,0.60607636700952,6.493569946289062,317.73300415680575
noise-game,scale,mnist,42,500,100,1.1,1.0,0.05,iid,1.0,50,82,6.434750033456884,0.8817064779996872,0.4066020205616951,0.9410919540229885,1.3985127806663513,315.0017481994629,1000.0,0.2965811965811966,1.0,9841,52,98,3,7229.395612817049,0.0,135.48758951822916,0.0,0.6002290721471661,0.0,4.674356308664016,0.0,135.48758951822916,0.0,2.336465671658516,99.47894287109375,0.6002290721471661,0.0,0.8350416521231333,0.0,4.674356308664016,1.165195312070347,0.8350416521231333,0.6002290721471661,2.0323138427734375,108.44093419225574
noise-game,scale,mnist,42,500,100,1.1,1.0,0.05,iid,1.0,50,83,6.434750033456884,0.8809937272965908,0.41649240866303444,0.9313298016003266,1.7666768199867673,801.9593713378906,1000.0,0.3885957109073971,1.0,10310,435,0,113,6533.589338457558,0.0,135.78971778021918,0.0,0.6025030486001073,0.0,4.723235923937749,0.0,135.78971778021918,0.0,2.6377059751086764,8.519911777973174,0.6025030486001073,0.0,0.7661719222863516,0.0,4.723235923937749,1.1435333976737567,0.7661719222863516,0.6025030486001073,6.110537300109863,294.0115202305902
noise-game,scale,mnist,42,500,100,1.1,1.0,0.05,iid,1.0,50,84,6.434750033456884,0.8817092283070087,0.40608398519456385,0.8474496638551471,1.4426141238212586,800.4055828857422,1000.0,0.5166659986652476,1.0,10715,984,0,121,6890.870072175976,0.0,137.3323828125,0.0,0.6086107489800807,0.0,4.7638455379138955,0.0,137.3323828125,0.0,0.8417927193641662,12.52456579208374,0.6086107489800807,0.0,0.7298344802856446,0.0,4.7638455379138955,1.151189945838818,0.7298344802856446,0.6086107489800807,8.58327392578125,430.6793795109985
noise-game,scale,mnist,42,500,100,1.1,1.0,0.05,iid,1.0,50,85,6.601510869900869,0.8798477291502058,4207.6360691792515,0.9217719025290396,1.5751419216394424,802.6823010253906,1000.0,0.27478818659950366,0.997979797979798,10243,363,6,106,6268.292563544953,0.0,139.9155979156494,0.0,0.6207156728144541,0.0,4.800940512345208,0.0,139.9155979156494,0.0,133.55742567032576,108.69300621032716,0.6207156728144541,0.0,0.6776091968640685,0.0,4.800940512345208,1.1457182707151754,0.6776091968640685,0.6207156728144541,5.596623916625976,250.73170254179811
noise-game,scale,mnist,42,500,100,1.1,1.0,0.05,iid,1.0,50,86,6.601510869900869,0.879750978462398,94.56289330750704,0.8918206793971685,1.7059577123114937,906.0159222412109,1000.0,0.42754574939725315,1.0,10408,549,0,115,6377.12911300428,0.0,136.50991821289062,0.0,0.6057779572337767,0.0,4.8386056718674055,0.0,136.50991821289062,0.0,1.6240231175171702,7.833626599311828,0.6057779572337767,0.0,0.6866664572765953,0.0,4.8386056718674055,1.1494328555907156,0.6866664572765953,0.6057779572337767,6.484221115112304,302.9136328677033
noise-game,scale,mnist,42,500,100,1.1,1.0,0.05,iid,1.0,50,87,6.665696916196276,0.8798937284201384,111.37797824576496,0.9131283916107584,1.3379891429628645,905.2110665893555,1000.0,0.4879151019347806,1.0,10275,337,0,108,7206.727209768346,0.0,137.4201943533761,0.0,0.6089969190537854,0.0,4.872639012090275,0.0,137.4201943533761,0.0,1.12909511583192,2.3344344800710677,0.6089969190537854,0.0,0.727052607706615,0.0,4.872639012090275,1.1358307694857839,0.727052607706615,0.6089969190537854,4.809706802368164,252.2354523418921
noise-game,scale,mnist,42,500,100,1.1,1.0,0.05,iid,1.0,50,88,6.729846673536929,0.8796684771962464,64.53919803097844,0.8982429378925632,1.985082465059617,904.0530944824219,1000.0,0.3894467070745538,1.0,10306,430,5,107,6955.111404567873,0.0,135.4628403607537,0.0,0.6002290721471661,0.0,4.90001201615274,0.0,135.4628403607537,0.0,3.1749975821551155,104.23802602052689,0.6002290721471661,0.0,0.7550146439496208,0.0,4.90001201615274,1.1446075497137858,0.7550146439496208,0.6002290721471661,5.757170715332031,295.5922346941346
noise-game,scale,mnist,42,500,100,1.1,1.0,0.05,iid,1.0,50,89,6.729846673536929,0.8796112275123597,45.796052395403386,0.9381361826845621,1.730874590575695,971.2008477783203,1000.0,0.5548024183572547,1.0,10480,561,0,111,6840.560345061065,0.0,136.95656490325928,0.0,0.6065175790784657,0.0,4.9349460011660184,0.0,136.95656490325928,0.0,3.116164430975914,15.796767253875732,0.6065175790784657,0.0,0.7172655649483204,0.0,4.9349460011660184,1.1361262919185235,0.7172655649483204,0.6065175790784657,5.478262596130371,273.6224138024426
noise-game,scale,mnist,42,500,100,1.1,1.0,0.05,iid,1.0,50,90,6.9782263326358835,0.8793777270987629,46.63196775071323,0.8133932357471478,1.8133985896905263,967.807756652832,1000.0,0.3363728883535622,1.0,10469,843,0,126,7031.373740827465,0.0,135.38831888834636,0.0,0.6006164805782228,0.0,5.012314227771264,0.0,135.38831888834636,0.0,1.8487314760684967,22.527454175949096,0.6006164805782228,0.0,0.7232525746027628,0.0,5.012314227771264,1.11037614542231,0.7232525746027628,0.6006164805782228,10.154123916625977,527.3530305620598
noise-game,scale,mnist,42,500,100,1.1,1.0,0.05,iid,1.0,50,91,6.9782263326358835,0.8795852261409164,30.692544724792242,0.8920825185372998,1.7075460903784807,969.8166003417969,1000.0,0.477985953712986,1.0,10279,408,15,98,7298.685832205323,0.0,135.1744582232307,0.0,0.6002290721471661,0.0,5.053813233803363,0.0,135.1744582232307,0.0,2.4933123798931347,319.26180723190305,0.6002290721471661,0.0,0.7550693645196802,0.0,5.053813233803363,1.095576452846152,0.7550693645196802,0.6002290721471661,5.744914474487305,310.19414786872625
noise-game,scale,mnist,42,500,100,1.1,1.0,0.05,iid,1.0,50,92,7.0212033908882745,0.8792314775288105,24.627009084522726,0.9265852513699733,1.799913078546524,1201.9996575927735,1000.0,0.3066036917779127,1.0,10276,443,0,117,7007.8268822264745,0.0,135.5136344909668,0.0,0.6005815631116607,0.0,5.086336480639152,0.0,135.5136344909668,0.0,3.0979916572570803,7.880811948776245,0.6005815631116607,0.0,0.7430946990847588,0.0,5.086336480639152,1.099382806430427,0.7430946990847588,0.6005815631116607,6.77568172454834,350.3913441113237
noise-game,scale,mnist,42,500,100,1.1,1.0,0.05,iid,1.0,50,93,7.363646398301564,0.8795322289317846,15.33022392116487,0.8518068299516994,1.9158215182168143,1205.4002783203125,1000.0,0.36331758471228276,1.0,10293,466,0,117,6785.847850704847,0.0,135.3630857921782,0.0,0.6002290721471659,0.0,5.120202586126165,0.0,135.3630857921782,0.0,1.258149456410181,8.636563277244568,0.6002290721471659,0.0,0.7280149459838867,0.0,5.120202586126165,1.1049509578715122,0.7280149459838867,0.6002290721471659,7.106562004089356,356.2570121620044
noise-game,scale,mnist,42,500,100,1.1,1.0,0.05,iid,1.0,50,94,7.3753374795794375,0.8793087286502123,8.505405620113015,0.9394331654664263,1.7079705130308867,1209.6902178955079,1000.0,0.5557784450585742,1.0,10462,538,0,112,7214.178077941817,0.0,135.51154613494873,0.0,0.6014939807603491,0.0,5.1566698423258375,0.0,135.51154613494873,0.0,2.451973330229521,16.604711236953737,0.6014939807603491,0.0,0.7381297629326582,0.0,5.1566698423258375,1.0722308809002286,0.7381297629326582,0.6014939807603491,5.420461845397949,288.5671231176727
noise-game,scale,mnist,42,500,100,1.1,1.0,0.05,iid,1.0,50,95,7.3753374795794375,0.8796772290021181,5.654763727933169,0.8979713956550799,1.601162850856781,1206.6532751464845,1000.0,0.3499077763000548,1.0,10496,760,0,122,7126.373385170522,0.0,136.33387110783502,0.0,0.6041958228342156,0.0,5.2062428259927875,0.0,136.33387110783502,0.0,1.2957308819660773,19.154475889205933,0.6041958228342156,0.0,0.6884729885137998,0.0,5.2062428259927875,1.0526640631250814,0.6884729885137998,0.6041958228342156,8.861701622009278,463.2142700360839
noise-game,scale,mnist,42,500,100,1.1,1.0,0.05,iid,1.0,50,96,7.498432686455008,0.8796469786763191,4.613683271259069,0.8101190967285339,1.5422544951240222,1206.3731384277344,1000.0,0.18558970226803415,1.0,10136,519,33,86,7228.248108961622,0.0,135.50290298461914,0.0,0.6002290721471661,0.0,5.2464517439733935,0.0,135.50290298461914,0.0,1.2024748623371124,808.659084508419,0.6002290721471661,0.0,0.7240937165915966,0.0,5.2464517439733935,1.0476839263435667,0.7240937165915966,0.6002290721471661,8.130174179077148,433.6948865376973
noise-game,scale,mnist,42,500,100,1.1,1.0,0.05,iid,1.0,50,97,7.498432686455008,0.8797627265751362,2.6292380082607267,0.8754635913451059,1.6366829574108124,1862.314066772461,1000.0,0.34903434995464716,1.0,10405,567,0,116,7628.257008418346,0.0,136.48985871814546,0.0,0.605177490747093,0.0,5.283501317734674,0.0,136.48985871814546,0.0,1.740397913115365,8.94500373840332,0.605177490747093,0.0,0.7176034911757424,0.0,5.283501317734674,1.0391042897240963,0.7176034911757424,0.605177490747093,7.165717582702637,400.4834929419632
noise-game,scale,mnist,42,500,100,1.1,1.0,0.05,iid,1.0,50,98,7.498432686455008,0.8797969779372216,2.9469616028666494,0.8880529465715152,1.8142633523259843,1860.3110369873048,1000.0,0.46412630758365786,1.0,10237,309,0,110,7516.911087836827,0.0,135.56109074183874,0.0,0.6021543886698254,0.0,5.3063789110729,0.0,135.56109074183874,0.0,2.66436231136322,6.817582325935364,0.6021543886698254,0.0,0.7354594894817897,0.0,5.3063789110729,1.0347513718611343,0.7354594894817897,0.6021543886698254,4.744638175964355,263.09188807428893
noise-game,scale,mnist,42,500,100,1.1,1.0,0.05,iid,1.0,50,99,7.498432686455008,0.8793957281112671,1.9860562494397163,0.8871605431538311,1.5797929629683494,1868.2078564453125,1000.0,0.44857864392814983,1.0,10510,649,0,115,7093.341535518991,0.0,137.23434295654297,0.0,0.608376041060722,0.0,5.3294973125786465,0.0,137.23434295654297,0.0,2.038331001996994,6.4842875790596,0.608376041060722,0.0,0.6493982847779989,0.0,5.3294973125786465,1.037092841257148,0.6493982847779989,0.608376041060722,6.861717147827148,354.6670767759495
noise-game,scale,mnist,42,500,100,1.1,1.0,0.05,iid,1.0,50,100,7.498432686455008,0.8798069769144058,1.938516418337822,0.7219179370918417,1.9493712782859802,1861.0459283447265,1000.0,0.2365237033000191,1.0,10067,282,28,87,7670.040095823291,0.0,135.37488114206414,0.0,0.600229072147166,0.0,5.360043718572167,0.0,135.37488114206414,0.0,2.7489996772063408,558.2178322672844,0.600229072147166,0.0,0.7488379431398291,0.0,5.360043718572167,1.0314010802423903,0.7488379431398291,0.600229072147166,6.430306854248047,364.32690455160645
noise-game,scale,mnist,42,500,100,1.1,1.0,0.05,iid,1.0,50,101,7.498432686455008,0.8799967275559902,1.762730624228716,0.8654016115929909,1.7416889626871457,2276.0921179199217,1000.0,0.5012369877840773,1.0,10575,745,0,118,7784.589988816705,0.0,135.3983709161932,0.0,0.6002290721471659,0.0,5.396808706312945,0.0,135.3983709161932,0.0,1.8110990524291992,18.22118770122528,0.6002290721471659,0.0,0.7205611358989369,0.0,5.396808706312945,1.021033240045076,0.7205611358989369,0.6002290721471659,7.446910400390625,428.1524493849187
noise-game,scale,mnist,42,500,100,1.1,1.0,0.05,iid,1.0,50,102,7.498432686455008,0.8795952278375626,1.5671787276118994,0.889779605544348,1.895790343483289,2284.0131567382814,1000.0,0.4392997131405771,1.0,10577,793,0,120,7384.862567210483,0.0,135.93148295084634,0.0,0.6026884244092263,0.0,5.434345590532338,0.0,135.93148295084634,0.0,1.4443513850371044,25.200417194366455,0.6026884244092263,0.0,0.7109484101335207,0.0,5.434345590532338,1.0151986040855112,0.7109484101335207,0.6026884244092263,8.15588897705078,443.09175403262896
noise-game,scale,mnist,42,500,100,1.1,1.0,0.05,iid,1.0,50,103,7.498432686455008,0.8795307283103466,1.3135664498060942,0.8991467080012362,1.7154924708108108,2281.101625366211,1000.0,0.45117852376820095,1.0,10618,815,0,119,8161.931729091142,0.0,135.40637016296387,0.0,0.6002290721471661,0.0,5.4835354553127855,0.0,135.40637016296387,0.0,1.6198463067412376,15.464712839126587,0.6002290721471661,0.0,0.7669408842921257,0.0,5.4835354553127855,0.9706917261194525,0.7669408842921257,0.6002290721471661,8.124382209777831,489.71590374546855
noise-game,scale,mnist,42,500,100,1.1,1.0,0.05,iid,1.0,50,104,7.498432686455008,0.8798549777269363,1.0424117308855056,0.918675615568874,1.7620683407241648,2281.369473876953,1000.0,0.5124117104195094,1.0,10689,848,0,117,8101.775116710918,0.0,135.32942685213956,0.0,0.6002290721471659,0.0,5.522311169026108,0.0,135.32942685213956,0.0,2.1115128181197425,19.343150901794434,0.6002290721471659,0.0,0.7099234028296038,0.0,5.522311169026108,0.9545505155883928,0.7099234028296038,0.6002290721471659,7.443118476867676,445.5976314191005
noise-game,scale,mnist,42,500,100,1.1,1.0,0.05,iid,1.0,50,105,7.498432686455008,0.8795817278325557,1.01618642359972,0.8600550459422808,1.9801678312452216,2278.8377270507813,1000.0,0.5261203788170102,1.0,10529,725,13,101,7810.306391662184,0.0,135.2192551462274,0.0,0.600229072147166,0.0,5.547820416987765,0.0,135.2192551462274,0.0,2.3393934463199817,271.3123305726051,0.600229072147166,0.0,0.7348788506106326,0.0,5.547820416987765,0.9536535874636637,0.7348788506106326,0.600229072147166,6.422914619445801,370.98955360395377
noise-game,scale,mnist,42,500,100,1.1,1.0,0.05,iid,1.0,50,106,7.498432686455008,0.879245228022337,1.548947335332632,0.9177540196138884,1.716977966328462,2454.102479248047,1000.0,0.35967962569614237,1.0,10535,747,0,120,7597.757275091041,0.0,135.74571164449057,0.0,0.6013154434770454,0.0,5.5723424519266835,0.0,135.74571164449057,0.0,1.782412052154541,21.52740761756897,0.6013154434770454,0.0,0.6796458760897318,0.0,5.5723424519266835,0.9653760017893516,0.6796458760897318,0.6013154434770454,8.144742698669434,455.86543650546247
noise-game,scale,mnist,42,500,100,1.1,1.0,0.05,iid,1.0,50,107,7.498432686455008,0.8783837272971868,2.2243778650462627,0.8744644338229488,2.088612430974057,2464.3370770263673,1000.0,0.41944605385007866,1.0,10367,507,0,116,7383.049970097207,0.0,135.60634894120065,0.0,0.6015543979711148,0.0,5.5919283040083245,0.0,135.60634894120065,0.0,3.2982201325265983,21.614573488235475,0.6015543979711148,0.0,0.7028126732299202,0.0,5.5919283040083245,0.9749386458758303,0.7028126732299202,0.6015543979711148,6.4413015747070315,350.69487357961737
noise-game,scale,mnist,42,500,100,1.1,1.0,0.05,iid,1.0,50,108,7.498432686455008,0.8791197271645069,1.0002246755361557,0.9089327473804675,2.099360396464666,2449.9421588134765,1000.0,0.42743657709070704,1.0,10448,564,0,112,7934.207553334869,0.0,135.35916815863715,0.0,0.600229072147166,0.0,5.617167017139199,0.0,135.35916815863715,0.0,4.326481620470683,20.08895092010498,0.600229072147166,0.0,0.7229878190490935,0.0,5.617167017139199,0.9691197302556424,0.7229878190490935,0.600229072147166,6.091162567138672,357.0393399000691
noise-game,scale,mnist,42,500,100,1.1,1.0,0.05,iid,1.0,50,109,7.498432686455008,0.8787062281370163,1.0092612863332033,0.8948324808598893,1.8139327186526675,2448.979131469727,1000.0,0.37097543793517807,1.0,10766,1163,0,127,8039.8175662947715,0.0,135.32442312529594,0.0,0.6002290721471661,0.0,5.663547768446803,0.0,135.32442312529594,0.0,1.8418045025883298,21.953738918304442,0.6002290721471661,0.0,0.7181388889298295,0.0,5.663547768446803,0.9597448280526952,0.7181388889298295,0.6002290721471661,11.164264907836914,663.2849492193185
noise-game,scale,mnist,42,500,100,1.1,1.0,0.05,iid,1.0,50,110,7.498432686455008,0.8784174789488316,1.4744022508710624,0.8783526083384088,2.0068307518959045,2454.2105755615235,1000.0,0.28319757641636767,1.0,10442,809,0,123,7915.5151613442285,0.0,135.48364941827182,0.0,0.600229072147166,0.0,5.701424354517539,0.0,135.48364941827182,0.0,2.429382266669438,20.60370234489441,0.600229072147166,0.0,0.6977347556887001,0.0,5.701424354517539,0.9558799299404441,0.6977347556887001,0.600229072147166,9.822564582824707,573.8748491974565
noise-game,scale,mnist,42,500,100,1.1,1.0,0.05,iid,1.0,50,111,7.498432686455008,0.8786614781618118,0.9589443854987622,0.8661135997464303,1.9891137659549714,2456.0446771240236,1000.0,0.3996023821975897,1.0,10402,544,0,116,8169.043276397895,0.0,135.37067794799805,0.0,0.6002290721471659,0.0,5.732972437795545,0.0,135.37067794799805,0.0,3.35113565325737,12.70409637451172,0.6002290721471659,0.0,0.706563712656498,0.0,5.732972437795545,0.9437439983815223,0.706563712656498,0.6002290721471659,6.7685338973999025,408.4521638198948
noise-game,scale,mnist,42,500,100,1.1,1.0,0.05,iid,1.0,50,112,7.498432686455008,0.8787062278389931,0.959979709982872,0.9165295418874825,1.9912980028561182,2457.938057861328,1000.0,0.5489570909057984,1.0,10345,415,0,110,7872.521342445371,0.0,135.45184217180525,0.0,0.6002290721471661,0.0,5.748035128966405,0.0,135.45184217180525,0.0,5.902947902679443,12.514904594421386,0.6002290721471661,0.0,0.7324508024113519,0.0,5.748035128966405,0.9511268995804109,0.7324508024113519,0.6002290721471661,4.740814476013184,275.538246985588
noise-game,scale,mnist,42,500,100,1.1,1.0,0.05,iid,1.0,50,113,7.498432686455008,0.8781109781563282,1.0677436439692973,0.8886056537576509,2.21694436788559,2462.4103381347654,1000.0,0.4519276313954158,1.0,10535,754,0,121,7867.355051696384,0.0,135.3544763183594,0.0,0.6002290721471661,0.0,5.778073996021074,0.0,135.3544763183594,0.0,2.0677147197723387,25.890965995788573,0.6002290721471661,0.0,0.7468887901306153,0.0,5.778073996021074,0.9575715142603035,0.7468887901306153,0.6002290721471661,8.459654769897462,491.70969073102395
noise-game,scale,mnist,42,500,100,1.1,1.0,0.05,iid,1.0,50,114,7.498432686455008,0.8781452283263207,0.9530441024899483,0.9121650642562561,1.938265989224116,2467.6281640625,1000.0,0.6048742825396333,1.0,10799,941,0,116,6965.1752408595685,0.0,135.32536969866072,0.0,0.6006391249033116,0.0,5.804183318370553,0.0,135.32536969866072,0.0,3.577917766003382,21.79254619598389,0.6006391249033116,0.0,0.6613042453924814,0.0,5.804183318370553,0.9549247542714061,0.6613042453924814,0.6006391249033116,7.104581909179688,365.6717001451274
noise-game,scale,mnist,42,500,100,1.1,1.0,0.05,iid,1.0,50,115,7.498432686455008,0.877957478761673,0.9956332090497017,0.9494156836830298,1.883798218332231,2462.5926025390627,1000.0,0.40801278380870737,1.0,10507,645,0,114,8319.921099269854,0.0,135.6413375854492,0.0,0.601265473364877,0.0,5.8277030461920045,0.0,135.6413375854492,0.0,1.6838934540748596,11.168172073364257,0.601265473364877,0.0,0.7143812645226717,0.0,5.8277030461920045,0.9555396800861508,0.7143812645226717,0.601265473364877,6.7820668792724605,415.99605496349267
noise-game,scale,mnist,42,500,100,1.1,1.0,0.05,iid,1.0,50,116,7.56870831781181,0.877413977086544,0.9509395471960306,0.876662440397357,2.190533770964696,2453.3604138183596,1000.0,0.3360080525704599,1.0,10393,682,0,121,7925.906335086,0.0,135.36925623967096,0.0,0.600229072147166,0.0,5.858345323160084,0.0,135.36925623967096,0.0,2.8534029034467845,14.86188473701477,0.600229072147166,0.0,0.7235655807531797,0.0,5.858345323160084,0.9582270989860859,0.7235655807531797,0.600229072147166,8.799001655578614,515.1839117805899
noise-game,scale,mnist,42,500,100,1.1,1.0,0.05,iid,1.0,50,117,7.56870831781181,0.8776497268676757,0.9504800870269537,0.9105085791870839,1.955015308716718,2453.0773162841797,1000.0,0.3995447501246885,1.0,10363,463,0,110,8320.011392245904,0.0,135.395897360409,0.0,0.6002290721471661,0.0,5.888471068514446,0.0,135.395897360409,0.0,2.702542178771075,14.994096384048461,0.6002290721471661,0.0,0.7210415391361013,0.0,5.888471068514446,0.9317726357184953,0.7210415391361013,0.6002290721471661,5.754325637817383,353.6004841704509
noise-game,scale,mnist,42,500,100,1.1,1.0,0.05,iid,1.0,50,118,7.58326097891519,0.8768227285146714,1.0982522270828485,0.9075652848829566,2.3318421491261185,2455.7643963623045,1000.0,0.28921744095147717,1.0,10492,846,0,124,7554.828679231698,0.0,135.42134041621767,0.0,0.600229072147166,0.0,5.926375770165461,0.0,135.42134041621767,0.0,2.5698145915722024,29.01258589744568,0.600229072147166,0.0,0.7097771774078238,0.0,5.926375770165461,0.9237705747518129,0.7097771774078238,0.600229072147166,9.818047180175782,547.7250792442981
noise-game,scale,mnist,42,500,100,1.1,1.0,0.05,iid,1.0,50,119,7.58326097891519,0.8768189777433872,0.9895951190590858,0.8472479178846852,1.9113983728668906,2446.125728149414,1000.0,0.27352796062689877,1.0,10123,402,28,89,8889.14650621023,0.0,135.51313643022016,0.0,0.6002290721471659,0.0,5.952386334947412,0.0,135.51313643022016,0.0,2.341393134810708,761.8674625301361,0.6002290721471659,0.0,0.7371992699124597,0.0,5.952386334947412,0.9193504951196622,0.7371992699124597,0.6002290721471659,7.45322250366211,488.9030578415627
noise-game,scale,mnist,42,500,100,1.1,1.0,0.05,iid,1.0,50,120,7.58326097891519,0.8765067271888256,1.0275543344020843,0.9345710333356632,2.0175151504003086,2927.6784057617188,1000.0,0.4071455331374031,1.0,10708,942,0,122,7983.7308296613965,0.0,135.69606194129358,0.0,0.6015796875455428,0.0,5.977121542315074,0.0,135.69606194129358,0.0,1.8001500436892877,32.73724264144897,0.6015796875455428,0.0,0.6556703236240607,0.0,5.977121542315074,0.9249113330830088,0.6556703236240607,0.6015796875455428,8.820244026184081,518.9425039279907
noise-game,scale,mnist,42,500,100,1.1,1.0,0.05,iid,1.0,50,121,7.662585955294526,0.8761777275800705,0.9935079691559077,0.9423638430184306,2.272375782330831,2922.054266357422,1000.0,0.40920486682583057,1.0,10564,766,0,120,7599.102276996467,0.0,135.51432927449545,0.0,0.6002290721471661,0.0,6.000518262884416,0.0,135.51432927449545,0.0,3.3535787165164948,38.41775941848755,0.6002290721471661,0.0,0.693345787624518,0.0,6.000518262884416,0.933734553070608,0.693345787624518,0.6002290721471661,8.130859756469727,455.94613661978804
noise-game,scale,mnist,42,500,100,1.1,1.0,0.05,iid,1.0,50,122,7.662585955294526,0.8758834771811962,1.002975007072091,0.8903766438425359,2.3138544873187414,2924.3101873779297,1000.0,0.5268082430256157,1.0,10538,651,0,115,8124.573890557508,0.0,135.32940673828125,0.0,0.600229072147166,0.0,6.020014560354546,0.0,135.32940673828125,0.0,3.2939601070002507,21.769824628829955,0.600229072147166,0.0,0.7265662660724238,0.0,6.020014560354546,0.9379036235543284,0.7265662660724238,0.600229072147166,6.42814682006836,385.9172598014816
noise-game,scale,mnist,42,500,100,1.1,1.0,0.05,iid,1.0,50,123,7.662585955294526,0.8759187290072441,1.0824789598584175,0.8734189466909325,2.380978708465894,2938.36729309082,1000.0,0.33968487394957986,1.0,10088,210,32,76,7709.506770053464,0.0,135.4464569091797,0.0,0.6002290721471661,0.0,6.030852027361932,0.0,135.4464569091797,0.0,3.595709045728048,1304.9811334133149,0.6002290721471661,0.0,0.6750397607684135,0.0,6.030852027361932,0.9418524776629552,0.6750397607684135,0.6002290721471661,4.063393707275391,231.28520310160388
noise-game,scale,mnist,42,500,100,1.1,1.0,0.05,iid,1.0,50,124,7.665879827326453,0.8761907283961773,0.992522204592824,0.920075536921568,1.764966819435358,3739.173148803711,1000.0,0.5356086483035589,1.0,10372,467,0,111,8991.360735822207,0.0,135.36474132537842,0.0,0.6002290721471661,0.0,6.048403906715694,0.0,135.36474132537842,0.0,2.3743687719106674,9.181950912475585,0.6002290721471661,0.0,0.7100001461803913,0.0,6.048403906715694,0.9415809547109746,0.7100001461803913,0.6002290721471661,5.4145896530151365,359.65442943288826
noise-game,scale,mnist,42,500,100,1.1,1.0,0.05,iid,1.0,50,125,7.665879827326453,0.8760919778048992,0.9296845377981663,0.9323211637893069,1.9792128815537406,3737.010951538086,1000.0,0.542624499474609,1.0,10569,714,0,117,8726.162325224084,0.0,135.30844915480841,0.0,0.6002290721471659,0.0,6.069253017742604,0.0,135.30844915480841,0.0,2.6702534584772017,20.93599928855896,0.6002290721471659,0.0,0.6922073477790469,0.0,6.069253017742604,0.946046434023049,0.6922073477790469,0.6002290721471659,7.103693580627441,458.1235220742645
noise-game,scale,mnist,42,500,100,1.1,1.0,0.05,iid,1.0,50,126,7.665879827326453,0.876084226667881,0.9425766223669052,0.9421172878335788,2.25368739091433,3747.1836254882815,1000.0,0.6860410956027343,1.0,10335,386,0,109,8515.555495577115,0.0,135.40525935246393,0.0,0.6002290721471661,0.0,6.080678576938215,0.0,135.40525935246393,0.0,5.034602972177359,12.95772132396698,0.6002290721471661,0.0,0.7518743047347436,0.0,6.080678576938215,0.946974870746196,0.7518743047347436,0.6002290721471661,4.400670928955078,276.7555536062562
noise-game,scale,mnist,42,500,100,1.1,1.0,0.05,iid,1.0,50,127,7.665879827326453,0.8757714793086052,0.9366368677467107,0.8706106346666562,2.4985708163844214,3747.4638610839843,1000.0,0.3145178161016278,1.0,10295,437,5,109,8692.096905614144,0.0,135.32821231418185,0.0,0.600229072147166,0.0,6.105005701734281,0.0,135.32821231418185,0.0,4.402767962879604,253.10600836753846,0.600229072147166,0.0,0.7376895811822679,0.0,6.105005701734281,0.93116052924584,0.7376895811822679,0.600229072147166,6.089769554138184,391.14436075263643
noise-game,scale,mnist,42,500,100,1.1,1.0,0.05,iid,1.0,50,128,7.665879827326453,0.8758284768462181,1.0250008341670036,0.8580265859871122,1.7049276113510132,3897.398016357422,1000.0,0.5330711244838202,1.0,10321,401,0,110,10414.746520830917,0.0,135.24281005859376,0.0,0.6002290721471663,0.0,6.124854202138834,0.0,135.24281005859376,0.0,3.8254255294799804,6.898555839061737,0.6002290721471663,0.0,0.7398711502552032,0.0,6.124854202138834,0.92314365442557,0.7398711502552032,0.6002290721471663,5.071605377197265,390.5529945311594
noise-game,scale,mnist,42,500,100,1.1,1.0,0.05,iid,1.0,50,129,7.665879827326453,0.875738228559494,0.9601352500915528,0.8904201209436101,1.9142227194138937,3912.111072998047,1000.0,0.434366907432614,1.0,10729,1024,0,123,9583.764315130096,0.0,135.29417310442244,0.0,0.600229072147166,0.0,6.152136451051933,0.0,135.29417310442244,0.0,2.198497989348003,25.404537353515625,0.600229072147166,0.0,0.7169561897005353,0.0,6.152136451051933,0.926856664412448,0.7169561897005353,0.600229072147166,9.47059211730957,670.8635020591067
noise-game,scale,mnist,42,500,100,1.1,1.0,0.05,iid,1.0,50,130,7.665879827326453,0.8754172274470329,1.0566688837856055,0.9431155925639029,2.2591819539666176,3892.995994262695,1000.0,0.5597167291177267,1.0,10469,552,0,111,8474.779950261855,0.0,135.2901611328125,0.0,0.6002290721471661,0.0,6.168166860357428,0.0,135.2901611328125,0.0,3.602033793926239,19.95582013130188,0.6002290721471661,0.0,0.6958156600594521,0.0,6.168166860357428,0.9269407115973153,0.6958156600594521,0.6002290721471661,5.4116064453125,338.9911980104742
noise-game,scale,mnist,42,500,100,1.1,1.0,0.05,iid,1.0,50,131,7.665879827326453,0.8753619763255119,0.9559310522675514,0.8171435093844929,2.354805424809456,3910.485299682617,1000.0,0.41592200898571907,1.0,10267,362,0,111,8658.977587846482,0.0,135.31634140014648,0.0,0.6002290721471661,0.0,6.18298348751298,0.0,135.31634140014648,0.0,6.2601524740457535,10.456200413703918,0.6002290721471661,0.0,0.6982039511203766,0.0,6.18298348751298,0.9326809688108911,0.6982039511203766,0.6002290721471661,5.412653656005859,346.3591035138593
noise-game,scale,mnist,42,500,100,1.1,1.0,0.05,iid,1.0,50,132,7.7731273313996425,0.8749204774200916,0.9520588054507971,0.8730529400322258,2.261452341901845,3903.2493072509765,1000.0,0.46087801245615145,1.0,10768,1092,0,126,9152.76028067823,0.0,135.48872849036908,0.0,0.600229072147166,0.0,6.2151116707383265,0.0,135.48872849036908,0.0,3.5545442597619417,58.48770393371582,0.600229072147166,0.0,0.7482446575986927,0.0,6.2151116707383265,0.9298007159204106,0.7482446575986927,0.600229072147166,9.822932815551757,663.5751203491718
noise-game,scale,mnist,42,500,100,1.1,1.0,0.05,iid,1.0,50,133,7.778517354068546,0.8743462289869786,0.9932336731255055,0.8835150336931934,2.4492800669236616,3897.0836877441407,1000.0,0.36533479588786244,1.0,10349,529,0,118,8175.262214607046,0.0,135.45603388006037,0.0,0.6002290721471659,0.0,6.24006511027647,0.0,135.45603388006037,0.0,3.70405206897042,11.41367540359497,0.6002290721471659,0.0,0.6781708720055494,0.0,6.24006511027647,0.9223060702385958,0.6781708720055494,0.6002290721471659,7.45008186340332,449.6394218033876
noise-game,scale,mnist,42,500,100,1.1,1.0,0.05,iid,1.0,50,134,7.778517354068546,0.8744907277822495,0.9473711378127336,0.9356646105638815,2.083061745292262,3909.2263153076174,1000.0,0.4644418928680281,1.0,10441,559,0,114,8898.208170991056,0.0,135.30886840820312,0.0,0.600229072147166,0.0,6.263830903739717,0.0,135.30886840820312,0.0,2.840801499391857,12.552513718605042,0.600229072147166,0.0,0.704898202889844,0.0,6.263830903739717,0.9060508170939344,0.704898202889844,0.600229072147166,6.427171249389648,422.6648881220752
noise-game,scale,mnist,42,500,100,1.1,1.0,0.05,iid,1.0,50,135,7.787018778084912,0.8743677280843258,0.9438129125535488,0.94077126852471,2.1024502515792847,3912.538208618164,1000.0,0.4016762019777965,1.0,10499,637,0,114,8344.980702393052,0.0,135.24675216674805,0.0,0.6002290721471659,0.0,6.282315663612314,0.0,135.24675216674805,0.0,3.2852139353752134,14.836834993362427,0.6002290721471659,0.0,0.6414435556158423,0.0,6.282315663612314,0.9099134743369643,0.6414435556158423,0.6002290721471659,6.762337608337402,417.2490351196527
noise-game,scale,mnist,42,500,100,1.1,1.0,0.05,iid,1.0,50,136,7.809023657653489,0.8742327269911766,0.9570033523440361,0.8396031287767581,2.078247034031412,3896.3774755859376,1000.0,0.4573701980735894,1.0,10586,829,0,119,9105.77021919086,0.0,136.53429114300272,0.0,0.6050562289872323,0.0,6.302712202690956,0.0,136.53429114300272,0.0,2.874338175939477,23.445961809158327,0.6050562289872323,0.0,0.6463034463965375,0.0,6.302712202690956,0.9110966661883172,0.6463034463965375,0.6050562289872323,7.850721740722657,523.5817876034745
noise-game,scale,mnist,42,500,100,1.1,1.0,0.05,iid,1.0,50,137,7.9334564804438745,0.8736032289266586,0.9542039329558611,0.9054532651738221,2.8085894014524375,3910.8011737060547,1000.0,0.4443378009715878,1.0,10697,875,0,116,8005.0880769918285,0.0,135.41029158882472,0.0,0.6002290721471659,0.0,6.32055088434906,0.0,135.41029158882472,0.0,6.57259169868801,70.63302421569824,0.6002290721471659,0.0,0.7290533703306447,0.0,6.32055088434906,0.9144018927056842,0.7290533703306447,0.6002290721471659,7.786091766357422,460.29256442703013
noise-game,scale,mnist,42,500,100,1.1,1.0,0.05,iid,1.0,50,138,7.9334564804438745,0.8735422272980213,0.9441993332654238,0.8466112006654364,2.3705129742622377,3895.734055786133,1000.0,0.456127042876412,1.0,10397,536,0,115,9304.16535893606,0.0,135.51700897216796,0.0,0.6002290721471659,0.0,6.34062241457017,0.0,135.51700897216796,0.0,6.19400646686554,18.49940170288086,0.6002290721471659,0.0,0.6806232556700706,0.0,6.34062241457017,0.9162418811051386,0.6806232556700706,0.6002290721471659,6.775850448608399,465.20826794680295
noise-game,scale,mnist,42,500,100,1.1,1.0,0.05,iid,1.0,50,139,7.9334564804438745,0.8730374781787396,1.0398793920874596,0.8488050440800607,2.3671235066873058,3911.8596423339845,1000.0,0.4751337427603917,1.0,10696,967,0,123,9375.599469506244,0.0,135.4497974537037,0.0,0.600229072147166,0.0,6.367366969469305,0.0,135.4497974537037,0.0,4.751000333715369,51.6907050704956,0.600229072147166,0.0,0.6959538669497879,0.0,6.367366969469305,0.917848457649687,0.6959538669497879,0.600229072147166,9.142861328125,632.8529641916715
noise-game,scale,mnist,42,500,100,1.1,1.0,0.05,iid,1.0,50,140,7.9334564804438745,0.8731539766490459,1.060802173167467,0.9328918286759033,2.0208648327324124,3913.499661254883,1000.0,0.44028510975896495,1.0,10475,586,0,113,11040.148049797986,0.0,135.43167453342014,0.0,0.600229072147166,0.0,6.385137249890561,0.0,135.43167453342014,0.0,3.861904193957647,31.269765524864198,0.600229072147166,0.0,0.7178232371807098,0.0,6.385137249890561,0.9205730265388878,0.7178232371807098,0.600229072147166,6.094425354003906,496.80666224090936
noise-game,scale,mnist,42,500,100,1.1,1.0,0.05,iid,1.0,50,141,8.05788930323426,0.872538977265358,1.1037117937207221,0.7746626186365646,2.5339378822933543,3893.688409423828,1000.0,0.3395621464752124,1.0,10275,469,0,118,8790.345161782468,0.0,135.4633463079279,0.0,0.6002290721471659,0.0,6.403239932497626,0.0,135.4633463079279,0.0,4.354750698262995,16.426479320526123,0.6002290721471659,0.0,0.7137114364992488,0.0,6.403239932497626,0.923103211854496,0.7137114364992488,0.6002290721471659,7.450484046936035,483.46898389803573
