algorithm,attack_type,dataset,seed,n_nodes,n_attackers,noise_mult,clip_bound,sampling_rate,split_mode,dirichlet_alpha,start_round,round,epsilon,accuracy,test_loss,f1_score,mean_update_norm_honest,mean_update_norm_attacker,best_alpha,precision,recall,total_tp_all,total_fp_all,total_fn_all,total_tn_all,nsr_honest,nsr_attacker,sigma_n_honest,sigma_n_attacker,n_dp_norm_honest,n_dp_norm_attacker,krum_score_honest,krum_score_attacker,trust_honest,trust_attacker,noise_norm_honest,noise_norm_attacker,eps_n_honest,eps_n_attacker,sigma_dp_honest,sigma_dp_attacker,eps_avg,eps_std,avg_trust,avg_sigma_dp_precap,avg_n_dp_norm_postcap,avg_nsr
noise-game,scale,mnist,42,500,200,1.1,1.0,0.05,iid,1.0,50,0,1.9060445256894678,0.3801006558537483,2.095569508870443,nan,0.5636371799877712,0.5638625544309616,1000.0,0.0,nan,0,30595,0,205,1288.099957924811,1288.9794921870032,1.0,1.0,225.45499093191964,225.54495796203614,0.6230170982224601,0.6204560029506684,1.0,1.0,225.45499093191964,225.54495796203614,0.04447437226608758,1.9060445256894676,1.0,1.0,0.7891024336354395,0.9388193239754351,1.0,1.0,93.37435305786133,533.6251962857486
noise-game,scale,mnist,42,500,200,1.1,1.0,0.05,iid,1.0,50,1,1.9741862475250824,0.5539019867777825,1.890558876991272,nan,0.6168531700968742,1.0193786010146142,1000.0,0.0,nan,0,30955,0,213,1243.9701927821184,1326.9097050179053,0.9978587350466738,1.0622241576213043,224.8368148803711,239.64999839782715,0.6164112836122513,1.0564057025313378,0.9921126179397106,0.9271003121137619,224.8368148803711,239.64999839782715,0.13514498332663463,1.9597451943206525,0.9978587350466738,1.0622241576213043,0.8649850677242419,0.9719124275736383,0.9319160384712396,1.0574563485417021,103.05477743530274,570.57092817619
noise-game,scale,mnist,42,500,200,1.1,1.0,0.05,iid,1.0,50,2,2.0853318492617112,0.6502146502335866,1.680051888624827,nan,0.6188159068425496,1.5409807473421098,1000.0,0.0,nan,0,31093,0,213,1214.7008047519998,1247.9300446622042,0.9827645246709902,1.0212953844881236,221.65911865234375,230.34076049804688,0.6058834592501322,1.2824919053912163,0.9973823149998983,0.9580730801820755,221.65911865234375,230.34076049804688,0.22730047880609172,2.0596694672163793,0.9827645246709902,1.0212953844881236,0.9602480741702067,1.0201114909279114,0.9608155849368073,1.0186071849659981,98.78607775878906,535.6130420074417
noise-game,scale,mnist,42,500,200,1.1,1.0,0.05,iid,1.0,50,3,2.219548078028233,0.7093959814310073,1.4801495210329692,nan,0.59774070084095,2.009503665566444,1000.0,0.0,nan,0,31167,0,215,1247.8660038445473,1233.3763879565663,0.972959239708538,1.0086538949456338,219.50726394653321,227.5750853729248,0.5890197873115539,1.4083503937721253,0.9974097400903702,0.9606280207633973,219.50726394653321,227.5750853729248,0.3486925543680382,2.1843219324694405,0.972959239708538,1.0086538949456338,1.0829443056085988,1.0719369084294395,0.9639718134294857,1.0054089262877162,99.81032470703126,543.2651953364084
noise-game,scale,mnist,42,500,200,1.1,1.0,0.05,iid,1.0,50,4,2.4005042959919893,0.750631982088089,1.2998872645696005,nan,0.5764366345746177,2.4594848668575287,1000.0,0.0,nan,0,31001,0,207,1303.0857069604176,1241.7894864479888,0.9625832703744247,0.9953036705591822,216.90408870152064,224.64924957275392,0.5785092498574939,3.53833455145359,0.9981329611369542,0.9640772160887718,216.90408870152064,224.64924957275392,0.43813695836123856,2.3430002924667637,0.9625832703744247,0.9953036705591822,1.2000822920034486,1.1314260923493353,0.9663051620265034,0.9931630836312074,95.93301431274413,533.2021943740873
noise-game,scale,mnist,42,500,200,1.1,1.0,0.05,iid,1.0,50,5,2.461614884523626,0.7790929814179738,1.1459214361508687,nan,0.8090719315740798,2.863087805509567,1000.0,0.0,nan,0,30663,0,203,1398.708758865891,1274.9835516005471,0.9641638878638741,0.9908205884809516,217.4216071234809,223.56748794555665,0.5732260213957893,3.15124375551939,0.9864023725191752,0.9583789536356926,217.4216071234809,223.56748794555665,0.47587103143036774,2.4434314713914023,0.9641638878638741,0.9908205884809516,1.2628952074147817,1.169872330092519,0.9595857037311536,0.9896726922821302,93.3405841064453,535.1701782998049
noise-game,scale,mnist,42,500,200,1.1,1.0,0.05,iid,1.0,50,6,2.5107343966698537,0.7992629790306092,1.0195999735593795,nan,0.6784583886464437,3.231793761253357,1000.0,0.0,nan,0,30964,0,208,1553.6178456925734,1327.6467643480087,0.9643757411610958,0.9888629875138701,217.77551981608073,223.08317161560058,0.5594615936279297,4.524027492702007,0.9759905934333801,0.9499891403317452,217.77551981608073,223.08317161560058,0.5565918950456665,2.489758497575239,0.9643757411610958,0.9888629875138701,1.3298585360574955,1.180157682232056,0.9518031951993011,0.9871545749776299,95.76653424072266,577.6672411099808
noise-game,scale,mnist,42,500,200,1.1,1.0,0.05,iid,1.0,50,7,2.5686949201692966,0.8136016462246577,0.9188201693693797,nan,0.6195818649397956,3.5843448352813723,1000.0,0.0,nan,0,30833,0,215,1717.6822996376457,1350.0945241139445,0.9551516784244988,0.9843096316260858,215.56726921929254,222.03472412109375,0.5461479988363054,4.554043503403664,0.9755920105510287,0.9443198671936989,215.56726921929254,222.03472412109375,0.6613143494333236,2.5328844383780478,0.9551516784244988,0.9843096316260858,1.4099423850112132,1.1836264472969125,0.9469019707736619,0.9819020942057713,96.57431134033203,601.8743724325329
noise-game,scale,mnist,42,500,200,1.1,1.0,0.05,iid,1.0,50,8,2.6301944011783274,0.8238556462526322,0.8392150203386942,nan,0.7250156920889149,3.886612935066223,1000.0,0.0,nan,0,31697,0,217,1925.2158441430227,1331.823816184305,0.9654171285129108,0.9857973534174679,217.86645640497622,222.2917894744873,0.5371513859085415,4.472300919890404,0.95417610977007,0.9320984756946564,217.86645640497622,222.2917894744873,0.7651742536219214,2.577114354530902,0.9654171285129108,0.9857973534174679,1.4899502939855136,1.1867093535094986,0.9343755410925689,0.9836953571268635,98.93857278442383,621.2894553043011
noise-game,scale,mnist,42,500,200,1.1,1.0,0.05,iid,1.0,50,9,2.696124588055025,0.8318283108870188,0.7756245082616806,nan,0.7711416516039107,4.221560177803039,1000.0,0.0,nan,0,31525,0,213,2165.8983804236022,1270.0205299392862,0.9781444094062803,0.975235230782289,220.49572923448352,219.95021682739258,0.5226044687959883,3.735398174226284,0.9297395414776273,0.9329226899147034,220.49572923448352,219.95021682739258,0.8312764698730529,2.6267518310562536,0.9781444094062803,0.975235230782289,1.549466614346333,1.1951133493148156,0.9326598611446696,0.9754754381916094,95.91793298339844,585.9805536709642
noise-game,scale,mnist,42,500,200,1.1,1.0,0.05,iid,1.0,50,10,2.7684398890787185,0.8380113134781519,0.7248223586877187,nan,0.7694995811111048,4.513434227705002,1000.0,0.0,nan,0,31819,0,215,2258.543127874383,1167.3467143732623,0.9274619170066832,0.9698274745732144,209.34821359734786,218.7205319213867,0.5158056020736694,1.3559743282198906,0.9749960617015236,0.9281748795509338,209.34821359734786,218.7205319213867,0.9379514918405378,2.6819163136424713,0.9274619170066832,0.9698274745732144,1.6355374205613116,1.19525973240792,0.932236991244364,0.9661519239167572,95.44344488525391,552.7633246085314
noise-game,scale,mnist,42,500,200,1.1,1.0,0.05,iid,1.0,50,11,2.861239527460234,0.8432766455411911,0.6833708874384562,nan,0.8783280849456787,4.865338675975799,1000.0,0.0,nan,0,31467,0,213,2495.6757797251817,1058.8977634235096,0.9344791301801622,0.9508153812379002,210.80095418294272,214.4936474609375,0.5060291025373671,6.3849421775341035,0.9568614396784041,0.9386256408691406,210.80095418294272,214.4936474609375,1.0064461609730577,2.748852518900947,0.9344791301801622,0.9508153812379002,1.7034087041442132,1.205208324706679,0.9401313490277037,0.9494665164716649,93.38629333496094,513.4034334395104
noise-game,scale,mnist,42,500,200,1.1,1.0,0.05,iid,1.0,50,12,2.9777045531093433,0.8474663136402766,0.6491149600346883,nan,0.8987708254293962,5.135557374954224,1000.0,0.0,nan,0,30495,0,205,2693.6064490547706,955.5557351708978,0.9361869117717435,0.9439032214498744,210.96860712224787,212.85629928588867,0.49595632607286627,13.902700714319945,0.9444522044875405,0.9357520896196365,210.96860712224787,212.85629928588867,1.0498209942687682,2.8234832565022767,0.9361869117717435,0.9439032214498744,1.7592858991621716,1.2218845340562974,0.9362056501103804,0.9435009493813462,89.78382907104492,441.4816359475641
noise-game,scale,mnist,42,500,200,1.1,1.0,0.05,iid,1.0,50,13,3.065615432203928,0.8509616442521413,0.6206390196084977,nan,0.8653492717181935,5.271516993045807,1000.0,0.0,nan,0,30761,0,215,2928.403128917449,865.5615163216039,0.9440502292215354,0.9550071827281792,212.86998075597427,215.5210159301758,0.5369999321068034,17.01079838812351,0.9248888036784004,0.9124107140302659,212.86998075597427,215.5210159301758,1.102435313261317,2.8922742694036514,0.9440502292215354,0.9550071827281792,1.8183708957182507,1.2338599990911365,0.9133882602238985,0.9541488038820367,93.44598571777344,445.7903129118348
noise-game,scale,mnist,42,500,200,1.1,1.0,0.05,iid,1.0,50,14,3.18117637414339,0.8543486450115839,0.5960621460278829,nan,0.9500162667698331,5.4676142501831055,1000.0,0.0,nan,0,30430,0,202,3086.5848063430735,803.6351408010116,0.9208566884425124,0.953373538666795,208.18899197048611,215.01622421264648,1.091450896528032,12.90530046954751,0.9407626787821451,0.9033593979477882,208.18899197048611,215.01622421264648,1.1388055196723166,2.963505875951804,0.9208566884425124,0.953373538666795,1.8686856621841117,1.2503131561651548,0.9049700655435261,0.9519732915279502,89.75389154052735,377.01258283458
noise-game,scale,mnist,42,500,200,1.1,1.0,0.05,iid,1.0,50,15,3.3151575384038123,0.8570829776922861,0.5752464054028193,nan,0.9331684093922377,5.710973722934723,1000.0,0.0,nan,0,31039,0,211,3328.21838713737,745.4935296812487,0.9313538827982769,0.9428904874756896,209.7243299484253,212.70347450256347,0.46687207370996475,10.184891840666532,0.9179211668670177,0.9045175445079804,209.7243299484253,212.70347450256347,1.1932162826344639,3.0433880976535495,0.9313538827982769,0.9428904874756896,1.9332850086420978,1.2646380030690758,0.9055104054234646,0.9420359241662517,91.792568359375,404.7004002608953
noise-game,scale,mnist,42,500,200,1.1,1.0,0.05,iid,1.0,50,16,3.4515457511106336,0.8595309776067733,0.5571242026487986,nan,1.0168746249242262,5.944329755306244,1000.0,0.0,nan,0,30797,0,205,3462.352621063004,700.4827509229958,0.912737142833403,0.9323530471325051,206.13362676447088,210.33532173156738,0.7800104238770225,19.82455006480217,0.928893040526997,0.9058735635876656,206.13362676447088,210.33532173156738,1.2244033856419996,3.1369487802240457,0.912737142833403,0.9323530471325051,1.989421543474818,1.291339300169946,0.9070736311058297,0.9313304170505615,88.66906848144531,356.36485803258444
noise-game,scale,mnist,42,500,200,1.1,1.0,0.05,iid,1.0,50,17,3.5085456104459944,0.8615813112258911,0.5414542603492737,nan,0.7591395992785692,6.082532334327698,1000.0,0.0,nan,0,30842,0,212,3671.21700273974,653.2959871490822,0.9222019433523905,0.9324252959137206,208.17986965179443,210.341245803833,0.4823302496224642,14.062485750168563,0.9069095626473427,0.8947917732596398,208.17986965179443,210.341245803833,1.296782159961165,3.2304765858453037,0.9222019433523905,0.9324252959137206,2.070259930314821,1.3026698245068755,0.8956893872883585,0.9316680105388071,90.79825415039062,378.7973389473045
noise-game,scale,mnist,42,500,200,1.1,1.0,0.05,iid,1.0,50,18,3.546698502812578,0.8636263114213943,0.5276312679052353,nan,0.8315455392003059,6.234035670757294,1000.0,0.0,nan,0,30646,0,212,3901.26927413911,622.2344404263678,0.9319984387044655,0.9289633707217356,210.11042881011963,209.5428776550293,0.4481690563261509,21.839733914881943,0.8841952867805958,0.8878289228677749,210.11042881011963,209.5428776550293,1.362411505016859,3.3204676750239357,0.9319984387044655,0.9289633707217356,2.14563397301969,1.3138224674894141,0.887559764639095,0.9291881905723082,90.54068478393555,373.7343929429987
noise-game,scale,mnist,42,500,200,1.1,1.0,0.05,iid,1.0,50,19,3.585090355618494,0.8652849795420965,0.5155346607168515,nan,0.9363018761981617,6.369719276428222,1000.0,0.0,nan,0,30814,0,206,3961.6432712866585,584.6922026819323,0.8953045329767839,0.9258073078827614,202.0066278631037,208.8161555480957,0.4338395649736578,13.450969966500997,0.9173533537171104,0.8804678854346275,202.0066278631037,208.8161555480957,1.4103174924790534,3.395878347830136,0.8953045329767839,0.9258073078827614,2.2045418346194867,1.3239909390470137,0.8823908245394015,0.9242171158260518,87.97060803222656,321.0330330410794
noise-game,scale,mnist,42,500,200,1.1,1.0,0.05,iid,1.0,50,20,3.6270973500198354,0.866757647395134,0.5045957156022389,nan,0.7778731723626454,6.487406058311462,1000.0,0.0,nan,0,30523,0,209,4110.323570302572,566.1350015936224,0.8937966295997689,0.9232366576430704,201.37881469726562,208.2291795349121,0.45518797437349956,23.970040826797486,0.9083143313725789,0.8723561999201774,201.37881469726562,208.2291795349121,1.462044705502164,3.4571522251762064,0.8937966295997689,0.9232366576430704,2.2600877133717807,1.3286839061816962,0.8748649067656938,0.9211827021981889,89.33303625488281,349.7637077465261
noise-game,scale,mnist,42,500,200,1.1,1.0,0.05,iid,1.0,50,21,3.663238723892728,0.8681493113438289,0.494825012087822,nan,0.9289412001768748,6.55053102016449,1000.0,0.0,nan,0,30603,0,207,4335.4741510965705,546.9988918911739,0.9113466785484045,0.925130089686085,205.53215535481772,208.6996029663086,0.531304749349753,12.403646703660488,0.8756915976603826,0.8586873057484626,205.53215535481772,208.6996029663086,1.4958519988693855,3.5101080018650332,0.9113466785484045,0.925130089686085,2.3015544000676447,1.3364422163088938,0.8596498128378166,0.9243498966028203,88.41261291503906,322.8509363827873
noise-game,scale,mnist,42,500,200,1.1,1.0,0.05,iid,1.0,50,22,3.708583821983682,0.8693656450510026,0.4861686211824417,nan,0.9137991996187913,6.627058804035187,1000.0,0.0,nan,0,31164,0,214,4524.3290225730825,531.6447788770769,0.9232897449190214,0.92416009565298,208.25222055535568,208.46429542541503,0.41420943172354446,12.208164317309857,0.849510133266449,0.8484256094694138,208.25222055535568,208.46429542541503,1.5507205628516665,3.553609514998442,0.9232897449190214,0.92416009565298,2.351876143710377,1.3331512086538289,0.8485197005750926,0.9240845857719515,91.29930255126953,384.58241440860786
noise-game,scale,mnist,42,500,200,1.1,1.0,0.05,iid,1.0,50,23,3.73980565934293,0.8704229785998663,0.4783729612827301,nan,0.9726607020084674,6.7815963697433475,1000.0,0.0,nan,0,30466,0,208,4538.848385289117,516.1251463293046,0.8757687495678946,0.9142303733752982,197.24226966271033,206.22419860839844,0.3976300679720365,29.19675581008196,0.8977574430979215,0.8493496429920196,197.24226966271033,206.22419860839844,1.6153664929229345,3.6016170312379847,0.8757687495678946,0.9142303733752982,2.4098667082489547,1.3258616438260071,0.8523041096651498,0.9118829503260198,87.61797845458985,324.46011654923893
noise-game,scale,mnist,42,500,200,1.1,1.0,0.05,iid,1.0,50,24,3.779442604063668,0.8713546444972357,0.4711797323822975,nan,0.8177264511585236,6.750332605838776,1000.0,0.0,nan,0,30719,0,211,4786.491593754754,494.72621122446884,0.9080046074459088,0.9216488548589594,204.6724060058594,207.99772171020507,0.41858755350112914,17.025227817296983,0.8456999142964681,0.8283546763658524,204.6724060058594,207.99772171020507,1.6701724253434342,3.6400303168850896,0.9080046074459088,0.9216488548589594,2.4581155819600964,1.3185461414678035,0.8295648092447325,0.9206969306208395,89.33926086425781,341.4852323024302
noise-game,scale,mnist,42,500,200,1.1,1.0,0.05,iid,1.0,50,25,3.8284022706127283,0.8724496442079545,0.46456830859184267,nan,0.7345148772001266,6.846670277118683,1000.0,0.0,nan,0,30650,0,208,4566.4693159309145,484.06063123808764,0.8353772677754764,0.915588590473001,188.42460759480795,206.5860969543457,0.38518789162238437,15.720856270194053,0.9273543556531271,0.824360978603363,188.42460759480795,206.5860969543457,1.7482606471578916,3.678950414866742,0.8353772677754764,0.915588590473001,2.520536554241432,1.3018167611574074,0.8301907923986327,0.9110483269240844,87.15662936401367,303.219516077577
noise-game,scale,mnist,42,500,200,1.1,1.0,0.05,iid,1.0,50,26,3.883081711606218,0.873265311717987,0.45854001939296724,nan,0.9191919381801898,6.879176678657532,1000.0,0.0,nan,0,30684,0,210,4824.646409921301,470.91203627512397,0.8783046857123485,0.9146880230048638,198.21000084510217,206.33603286743164,0.5002983808517456,19.87379323139787,0.8609002278401301,0.8137135830521584,198.21000084510217,206.33603286743164,1.8088211670767786,3.716914141099681,0.8783046857123485,0.9146880230048638,2.5720583566859396,1.2918820114543226,0.8165935191190299,0.9124674437334898,87.68787316894532,313.8056211680034
noise-game,scale,mnist,42,500,200,1.1,1.0,0.05,iid,1.0,50,27,3.9393784541308507,0.8740323124329249,0.453285853266716,nan,0.9625614811392391,6.877084448337555,1000.0,0.0,nan,0,31156,0,212,5116.6077600422395,460.43991925512205,0.8894562621880925,0.9159596120833358,200.81251256606157,206.5859152984619,0.37006157811950235,24.335908848643303,0.8348439160515281,0.8001254698634148,200.81251256606157,206.5859152984619,1.860338291383664,3.752860757250462,0.8894562621880925,0.9159596120833358,2.6173472777303832,1.284904537980116,0.8028453481362162,0.9138833127827868,89.46199154663086,358.140631543485
noise-game,scale,mnist,42,500,200,1.1,1.0,0.05,iid,1.0,50,28,3.97803193571566,0.8748293113708496,0.44827002147833506,nan,0.9223524998216068,6.836163277626038,1000.0,0.0,nan,0,31024,0,214,4960.250538335073,454.9497272880936,0.8361288555240852,0.9196819455910489,188.5732260311351,207.44888748168944,0.4818379195297466,11.004892853200436,0.8936929843005013,0.7831413999199868,188.5732260311351,207.44888748168944,1.9183082912204057,3.7858222100958927,0.8361288555240852,0.9196819455910489,2.6653138587706002,1.2772791090582456,0.7918021231203035,0.9131363118070008,89.39104467773437,350.62840921862994
noise-game,scale,mnist,42,500,200,1.1,1.0,0.05,iid,1.0,50,29,4.037600787888262,0.8755819775660832,0.44342463930447895,nan,0.8365364763885736,6.935323288440705,1000.0,0.0,nan,0,31207,0,211,5302.232424354851,445.5213388647963,0.8728910273399655,0.9105903943953985,196.72532081604004,205.44362495422362,0.42353415861725807,7.7018663430213925,0.8334444370120764,0.783061966598034,196.72532081604004,205.44362495422362,1.9643815667084876,3.82044456858973,0.8728910273399655,0.9105903943953985,2.706806767460985,1.2730689211100557,0.7867940014435185,0.9077978486875885,88.47266024780274,347.87997312527375
noise-game,scale,mnist,42,500,200,1.1,1.0,0.05,iid,1.0,50,30,4.089027304772483,0.8761816451946894,0.4393040782213211,nan,0.8821403546766802,7.011057970523834,1000.0,0.0,nan,0,31286,0,218,5266.56649928601,437.630059474218,0.8613420765724018,0.903102990416605,194.3308701948686,203.663853225708,0.34662408991293475,10.7150652089715,0.8373098116029393,0.7809384742379188,194.3308701948686,203.663853225708,2.0451405327905543,3.856333740894256,0.8613420765724018,0.903102990416605,2.769617816032035,1.252094132008426,0.7865248229858037,0.8989645214770895,90.01609957885742,406.7809497582717
noise-game,scale,mnist,42,500,200,1.1,1.0,0.05,iid,1.0,50,31,4.135563039965408,0.8767293107509613,0.435407074491183,nan,1.1162673930327098,6.904533314704895,1000.0,0.0,nan,0,30681,0,207,5378.4596005111225,426.77284470671947,0.8572800790884242,0.9099346849760714,193.1167335510254,205.28908721923827,0.7895417114098867,14.900834880769253,0.8311628103256226,0.7593721982836723,193.1167335510254,205.28908721923827,2.079156749207999,3.8905351780183164,0.8572800790884242,0.9099346849760714,2.8037081207321264,1.2518226791146372,0.7634358178332167,0.9069542355862047,86.75043649291992,299.79216829495476
noise-game,scale,mnist,42,500,200,1.1,1.0,0.05,iid,1.0,50,32,4.182123857196061,0.8773363131284714,0.43174273778994876,nan,1.0167025258907905,6.836150438785553,1000.0,0.0,nan,0,30648,0,208,5116.209697849348,422.79911733116563,0.7928583120625768,0.9128219096566454,178.79628225473257,205.88689491271973,0.49705565434235793,14.47665956556797,0.908132805274083,0.7429276043176651,178.79628225473257,205.88689491271973,2.138241789988343,3.9242939466697977,0.7928583120625768,0.9128219096566454,2.8526626526609253,1.2394432644051425,0.7530105508549113,0.9055001877377586,87.00346130371094,302.14109907654927
noise-game,scale,mnist,42,500,200,1.1,1.0,0.05,iid,1.0,50,33,4.216834224081317,0.8777523096402486,0.42840771228075025,nan,1.008665996293227,6.831654450893402,1000.0,0.0,nan,0,30602,0,208,5323.967947935151,419.1850856914431,0.8414238193902842,0.9100447268453151,189.70587666829428,205.3014402770996,0.3644460861881574,23.58993817806244,0.8296062846978506,0.7341567894816399,189.70587666829428,205.3014402770996,2.1812231879966886,3.9584798191476898,0.8414238193902842,0.9100447268453151,2.892125840457089,1.2323301040877082,0.7395595910976518,0.9061605245365398,86.67351715087891,295.44926502702083
noise-game,scale,mnist,42,500,200,1.1,1.0,0.05,iid,1.0,50,34,4.292121485199918,0.8782073124249776,0.4255733376741409,nan,1.1149044490378837,6.752352039813996,1000.0,0.0,nan,0,32136,0,220,5530.101876718633,410.34228349996533,0.8509316420267493,0.9124890997512713,192.0704584536345,205.82779418945313,0.4961892236833987,4.893836043477059,0.8044856398001962,0.7180006378889083,192.0704584536345,205.82779418945313,2.2255469844283007,3.9925389903714343,0.8509316420267493,0.9124890997512713,2.9323437868055544,1.230140357031758,0.726920615664512,0.9061401242908945,91.16635876464844,418.5215997290433
noise-game,scale,mnist,42,500,200,1.1,1.0,0.05,iid,1.0,50,35,4.335059390259898,0.8787163098653158,0.42257993410031003,nan,1.0267744213342667,6.777775843143463,1000.0,0.0,nan,0,30564,0,210,5625.536861130383,409.73451715968565,0.8387614387511041,0.9065174679169645,189.06391270955405,204.45679946899415,0.5370880365371704,22.920245515406133,0.8097408612569174,0.7135904790461063,189.06391270955405,204.45679946899415,2.2632874438437613,4.028972123455134,0.8387614387511041,0.9065174679169645,2.9695613156883103,1.2279458558878409,0.7190329535108693,0.902682220983048,86.32025369262695,298.90669153100345
noise-game,scale,mnist,42,500,200,1.1,1.0,0.05,iid,1.0,50,36,4.38252343715127,0.8791096438964208,0.4197471429904302,nan,0.7765903944770495,6.6195083689689636,1000.0,0.0,nan,0,30724,0,206,5891.744807997882,400.75638141359826,0.8203174336430421,0.9136291362194169,184.84763209025064,206.15979835510254,0.3966707686583201,18.229682095646858,0.8242148930827776,0.6904684850573539,184.84763209025064,206.15979835510254,2.3070357903454655,4.0625279688620255,0.8203174336430421,0.9136291362194169,3.0092326617520895,1.219118145526621,0.6980390364550194,0.9083473417339616,86.90026251220704,301.7044279573885
noise-game,scale,mnist,42,500,200,1.1,1.0,0.05,iid,1.0,50,37,4.440004707639251,0.8795116444428762,0.41729149560133616,nan,1.0680975128303876,6.604016795158386,1000.0,0.0,nan,0,30061,0,207,5640.188419826257,398.82939222909874,0.8154058443922896,0.909812015072209,183.8668670654297,205.3360668182373,0.3476171412251212,27.090669331550597,0.8195087340745059,0.6828336529433727,183.8668670654297,205.3360668182373,2.3550285739382675,4.096923070811533,0.8154058443922896,0.909812015072209,3.051786372687574,1.209087054537886,0.6899588941397825,0.9048903663637772,86.17949780273437,283.61590212781715
noise-game,scale,mnist,42,500,200,1.1,1.0,0.05,iid,1.0,50,38,4.48113221246689,0.8797539760669072,0.4152695858478546,nan,1.0765788592398167,6.59190981388092,1000.0,0.0,nan,0,31182,0,220,6073.906018036604,387.31926262464214,0.8575319227917987,0.9054534859931667,193.5979232788086,204.18343406677246,0.48590964327255887,9.097296145558357,0.7460442843536536,0.6759693209826946,193.5979232788086,204.18343406677246,2.3908988543974656,4.133352803313592,0.8575319227917987,0.9054534859931667,3.0878804339639165,1.2124902017949826,0.6834773527724403,0.9003190327930203,90.9660739440918,446.47519391561394
noise-game,scale,mnist,42,500,200,1.1,1.0,0.05,iid,1.0,50,39,4.523669826361105,0.8801106441020966,0.4129134965936343,nan,0.9942010778647202,6.538581411838532,1000.0,0.0,nan,0,30448,0,210,5586.0263867088925,389.7813659916961,0.7731032432156447,0.903674495715606,174.22766817533054,203.79165840148926,0.43709136660282427,14.526627007722855,0.8581413580821111,0.6652901259064674,174.22766817533054,203.79165840148926,2.4327491882181764,4.171237431377281,0.7731032432156447,0.903674495715606,3.128144485481818,1.2103387555787477,0.6770603889031029,0.8957053582390826,86.0465827331543,301.14923245110964
noise-game,scale,mnist,42,500,200,1.1,1.0,0.05,iid,1.0,50,40,4.586174280765087,0.8804023110866547,0.4108564500013987,nan,1.1602856457233428,6.4701089191436765,1000.0,0.0,nan,0,30855,0,211,5843.809591318673,382.75761315776674,0.7922776112484136,0.902583688510841,178.51978352864583,203.59876274108888,0.890789798895518,9.878192942738533,0.8180606921513875,0.6535033617913723,178.51978352864583,203.59876274108888,2.475859293553922,4.209295672880362,0.7922776112484136,0.902583688510841,3.169233845284498,1.2079664290887693,0.664984105769978,0.8948879156785785,86.79509860229493,328.4173330026669
noise-game,scale,mnist,42,500,200,1.1,1.0,0.05,iid,1.0,50,41,4.658750992839047,0.8806129771471024,0.40937888811031975,nan,1.3931668608084968,6.365529744625092,1000.0,0.0,nan,0,31207,0,219,5879.090410428724,386.31161305368005,0.791338282857641,0.9035731597351124,178.4936224895975,203.81850784301758,1.0161436511122661,9.787164036035538,0.8075974013494409,0.6384798927605152,178.4936224895975,203.81850784301758,2.5099272631847347,4.246512093325532,0.791338282857641,0.9035731597351124,3.2045611952410535,1.2184013200480526,0.6559225057539918,0.8919973652589607,89.73810977172852,424.9628041011933
noise-game,scale,mnist,42,500,200,1.1,1.0,0.05,iid,1.0,50,42,4.736736434293251,0.8809099779526393,0.40749477595090866,nan,0.9617455665554319,6.299626786708831,1000.0,0.0,nan,0,31107,0,209,5934.225628005441,384.03637758095925,0.7765298183094141,0.9016239368235571,174.86789485386439,203.4451830291748,0.8025521763733455,6.177428392469883,0.8181514697415488,0.6277630305290223,174.86789485386439,203.4451830291748,2.558696343920359,4.285396733105538,0.7765298183094141,0.9016239368235571,3.24937649959443,1.213060255770699,0.6402183489821781,0.8934402094441272,86.27437426757812,319.772868616536
noise-game,scale,mnist,42,500,200,1.1,1.0,0.05,iid,1.0,50,43,4.837528555924427,0.8809603124856948,0.40609210083882014,nan,1.214447968535953,6.253984055519104,1000.0,0.0,nan,0,31009,0,215,5665.759941673345,379.512329035454,0.7615715968740342,0.8981088552435069,171.55168914794922,202.62960960388185,0.42187248667081195,7.954045044183731,0.8292683329847124,0.6193754053115845,171.55168914794922,202.62960960388185,2.6246473792479397,4.325512412292957,0.7615715968740342,0.8981088552435069,3.304993392465947,1.2009071523962815,0.63670601401854,0.8868351366625412,87.2277046508789,355.7722895144221
noise-game,scale,mnist,42,500,200,1.1,1.0,0.05,iid,1.0,50,44,4.8946849216473245,0.8812026443084081,0.4046068663398425,nan,1.083996132016182,6.06497088432312,1000.0,0.0,nan,0,31099,0,213,6049.789148713393,382.60571500777513,0.7761270753797403,0.9034665687091884,174.93301052517361,203.83922119140624,0.298376868168513,11.584530357122421,0.7949018875757853,0.5971809370815754,174.93301052517361,203.83922119140624,2.6887472746256824,4.364859601723539,0.7761270753797403,0.9034665687091884,3.359192205464825,1.1881942367073208,0.6135065201499047,0.892952298617766,87.83327685546875,370.83469535679217
noise-game,scale,mnist,42,500,200,1.1,1.0,0.05,iid,1.0,50,45,5.066620555334078,0.8813193102677663,0.40348005374272666,nan,1.2907225007102603,5.904755957126618,1000.0,0.0,nan,0,31568,0,218,6107.716954549887,379.5033979391516,0.7836220027040971,0.906579859469052,176.9794427780878,204.47301635742187,0.7342676605497088,6.130285128951073,0.7710360643409547,0.5781997592747211,176.9794427780878,204.47301635742187,2.7214287185268025,4.402142006839517,0.7836220027040971,0.906579859469052,3.3937140338518885,1.1984896603035737,0.5965235710683452,0.894896081224418,89.22234313964844,408.3254712667559
noise-game,scale,mnist,42,500,200,1.1,1.0,0.05,iid,1.0,50,46,5.14012002657823,0.8816673119862874,0.4018902396162351,nan,1.2771236029538242,5.806336840391159,1000.0,0.0,nan,0,30773,0,205,6158.051408595595,379.84951709456533,0.7542162600595053,0.9054998846401412,169.84413840553978,204.3163540649414,2.1917544928464023,4.753386292457581,0.805265643379905,0.5656211893260479,169.84413840553978,204.3163540649414,2.757259789002155,4.440574408703249,0.7542162600595053,0.9054998846401412,3.4305856368825927,1.1988776174470688,0.5781145020966282,0.8976130606098711,85.46311267089844,287.4169378269292
noise-game,scale,mnist,42,500,200,1.1,1.0,0.05,iid,1.0,50,47,5.14012002657823,0.8815919786691666,0.40112209210793176,nan,1.4401176291353561,5.6510518014431,1000.0,0.0,nan,0,31543,0,213,5614.9613122974515,381.7811586648687,0.7522719679701744,0.9076267138119403,169.66527961282168,204.67702095031737,0.6577197260716382,2.330948383063078,0.796369219527525,0.5478025282919406,169.66527961282168,204.67702095031737,2.8123752394339134,4.478163856814712,0.7522719679701744,0.9076267138119403,3.478690686386232,1.1948269493529498,0.5672754948864335,0.8954560655201892,87.63942788696289,343.62114808406085
noise-game,scale,mnist,42,500,200,1.1,1.0,0.05,iid,1.0,50,48,5.14012002657823,0.8818866469462713,0.39976907322804134,nan,1.2692910487001592,5.495581899881363,1000.0,0.0,nan,0,30388,0,208,6447.1191866548215,382.3127908543567,0.8130589605235652,0.9094471146761635,183.37476695667613,205.12439430236816,1.01515823060816,12.043263685703277,0.686036226424304,0.5302657978236676,183.37476695667613,205.12439430236816,2.826832276342763,4.51406046910887,0.8130589605235652,0.9094471146761635,3.5017235534492053,1.2040357481973754,0.5383865310682505,0.9044221398151274,86.08400259399414,294.7617384481488
noise-game,scale,mnist,42,500,200,1.1,1.0,0.05,iid,1.0,50,49,5.197857103797928,0.8821459780136744,0.3985160854458809,nan,1.5375329797918147,5.392893607616425,1000.0,0.0,nan,0,30482,0,206,5865.578301328294,381.5712075838796,0.7496045090030949,0.9078598773772316,169.25071716308594,204.82136360168457,2.4860819469798696,13.190158457756043,0.7764084014025602,0.5180855967104435,169.25071716308594,204.82136360168457,2.840928001139355,4.549205366947508,0.7496045090030949,0.9078598773772316,3.5242389474626163,1.2197646224515015,0.5315526623578998,0.8996095975093856,85.65206121826172,281.67120566277436
noise-game,scale,mnist,42,500,200,1.1,1.0,0.05,iid,1.0,50,50,5.14012002657823,0.882137979666392,0.3978456872701645,0.8574733959783974,1.3585234731435776,5.422353849411011,1000.0,0.6775750063083443,1.0,30340,466,71,139,5958.9189090901,0.0,0.7313449788247347,0.0,164.9675805228097,0.0,0.4470104532582419,10.5331082855165,0.794215977191925,0.0,164.9675805228097,0.0,2.900928642413124,0.0,0.7313449788247347,0.0,2.900928642413124,1.1366259546539659,0.794215977191925,0.7313449788247347,7.698487091064453,278.0828824242047
noise-game,scale,mnist,42,500,200,1.1,1.0,0.05,iid,1.0,50,51,5.189122391698059,0.8822973116238912,0.3968814530968666,0.9722616610845198,1.3488311171531677,7.111107292175293,1000.0,0.6022846787076006,1.0,30327,381,57,149,6059.4072859543285,0.0,0.7186793489622194,0.0,162.1365009654652,0.0,1.1453052000565962,8.80656157553196,0.803189608183774,0.0,162.1365009654652,0.0,2.93970643582001,0.0,0.7186793489622194,0.0,2.93970643582001,1.140506824356855,0.803189608183774,0.7186793489622194,5.94500503540039,222.1782671516587
noise-game,scale,mnist,42,500,200,1.1,1.0,0.05,iid,1.0,50,52,5.194253122102357,0.8823823098341624,0.39612458835045494,0.8985219816583047,1.421372814820363,8.488855066299438,1000.0,0.5856451998219993,1.0,30328,443,72,137,5683.6464380421185,0.0,0.6961018921179793,0.0,157.10538306603064,0.0,0.655474841594696,11.954866810441017,0.8306145851428692,0.0,157.10538306603064,0.0,2.9979234383380526,0.0,0.6961018921179793,0.0,2.9979234383380526,1.1474623133334547,0.8306145851428692,0.6961018921179793,6.8078999328613286,246.29134564849178
noise-game,scale,mnist,42,500,200,1.1,1.0,0.05,iid,1.0,50,53,5.194253122102357,0.8825119775533676,0.3952322907249133,0.8953090170208716,1.0508110548059146,9.72308153629303,1000.0,0.6811793560663729,1.0,30254,444,101,107,6438.965016195776,0.0,0.7227809772643273,0.0,162.78845087687174,0.0,0.40500032901763916,21.656157895624638,0.7736897592743238,0.0,162.78845087687174,0.0,3.0427526649705343,0.0,0.7227809772643273,0.0,3.0427526649705343,1.155230776486274,0.7736897592743238,0.7227809772643273,6.51153803507487,257.55860064783104
noise-game,scale,mnist,42,500,200,1.1,1.0,0.05,iid,1.0,50,54,5.194253122102357,0.8825776455799739,0.3946864400307337,0.9066271951194274,1.4418086356976454,12.115036549568176,1000.0,0.5472425539425069,1.0,30490,590,38,176,6258.22391802236,0.0,0.7163041228998435,0.0,161.5884848201976,0.0,1.0980873809141272,9.149421429634094,0.7708172096925623,0.0,161.5884848201976,0.0,3.092237429086106,0.0,0.7163041228998435,0.0,3.092237429086106,1.1730207146355938,0.7708172096925623,0.7163041228998435,9.156680806477864,354.63268868793375
noise-game,scale,mnist,42,500,200,1.1,1.0,0.05,iid,1.0,50,55,5.282587583260621,0.8827106455961863,0.393987271686395,0.9350743765580631,1.3450742409779475,12.644847047328948,1000.0,0.6099313404354538,1.0,30212,390,102,108,6088.135827658649,0.0,0.7041671571633336,0.0,158.66529141939603,0.0,0.9564430255156297,19.562652005553247,0.7795001497635474,0.0,158.66529141939603,0.0,3.1289589715203516,0.0,0.7041671571633336,0.0,3.1289589715203516,1.1925408290653272,0.7795001497635474,0.7041671571633336,6.875495961507162,263.81921919854136
noise-game,scale,mnist,42,500,200,1.1,1.0,0.05,iid,1.0,50,56,5.387102299270631,0.8829279780387879,0.3930530218283335,0.9464514276428023,1.0162510573863983,14.65292294025421,1000.0,0.6300180405608036,1.0,30105,254,103,104,6455.4133716400265,0.0,0.6927973285988906,0.0,156.4156509399414,0.0,0.5414560824632645,16.24700068414211,0.7922192215919495,0.0,156.4156509399414,0.0,3.17221514995669,0.0,0.6927973285988906,0.0,3.17221514995669,1.1900201418966718,0.7922192215919495,0.6927973285988906,5.21385503133138,215.1804457213342
noise-game,scale,mnist,42,500,200,1.1,1.0,0.05,iid,1.0,50,57,5.403424519231914,0.8830586463212967,0.39231571853160857,0.8459826242307452,1.069179892539978,16.924959969520568,1000.0,0.34848472625342214,1.0,30277,561,79,139,6206.843296519145,0.0,0.6577674637440173,0.0,148.37579345703125,0.0,0.26673304885625837,11.364467985630036,0.8491645246744156,0.0,148.37579345703125,0.0,3.2949988418886824,0.0,0.6577674637440173,0.0,3.2949988418886824,1.1875644711161224,0.8491645246744156,0.6577674637440173,9.891719563802083,413.7895531012763
noise-game,scale,mnist,42,500,200,1.1,1.0,0.05,iid,1.0,50,58,5.403424519231914,0.8831146452824274,0.39180711527665457,0.9023953653682456,1.203063043455283,19.131899933815003,1000.0,0.48179312583423717,1.0,30617,939,68,152,6384.058502503382,0.0,0.6823727694993954,0.0,153.93126678466797,0.0,0.43476494153340656,11.437445712685586,0.787258692085743,0.0,153.93126678466797,0.0,3.4143846197939767,0.0,0.6823727694993954,0.0,3.4143846197939767,1.1831494121401895,0.787258692085743,0.6823727694993954,12.314501342773438,510.7246802002706
noise-game,scale,mnist,42,500,200,1.1,1.0,0.05,iid,1.0,50,59,5.403424519231914,0.8832483096917471,0.3910819000999133,0.9115946002181412,1.0530160506566366,20.505386033058166,1000.0,0.5084766314623085,1.0,30268,422,75,137,6569.966824290431,0.0,0.6936970290050676,0.0,156.53837890625,0.0,0.7815693418184916,14.557813452482224,0.7540990153948466,0.0,156.53837890625,0.0,3.471121593338904,0.0,0.6936970290050676,0.0,3.471121593338904,1.1790063662329737,0.7540990153948466,0.6936970290050676,7.8269189453125,328.4983412145216
noise-game,scale,mnist,42,500,200,1.1,1.0,0.05,iid,1.0,50,60,5.614279050067113,0.8833333112796148,0.3906499453385671,0.9368635611329705,1.580621103445689,21.553126721382142,1000.0,0.6641147364302987,1.0,30294,402,73,135,6126.105889923371,0.0,0.6911918185523739,0.0,155.6678098042806,0.0,2.095361510912577,14.115300429463387,0.7405663927396139,0.0,155.6678098042806,0.0,3.5007184011916017,0.0,0.6911918185523739,0.0,3.5007184011916017,1.1932476551903728,0.7405663927396139,0.6911918185523739,6.2267123921712235,245.04423559693484
noise-game,scale,mnist,42,500,200,1.1,1.0,0.05,iid,1.0,50,61,5.614279050067113,0.8833153094847997,0.3904843916495641,0.8405714430424642,1.4381163287907839,22.810126814842224,1000.0,0.42602721891669093,1.0,30171,419,101,111,6319.516745397168,0.0,0.6728806872640449,0.0,151.66613388061523,0.0,0.5811972673982382,19.67759033769369,0.7681517824530602,0.0,151.66613388061523,0.0,3.5596148811265635,0.0,0.6728806872640449,0.0,3.5596148811265635,1.1913463180970998,0.7681517824530602,0.6728806872640449,8.088860473632813,337.040893087849
noise-game,scale,mnist,42,500,200,1.1,1.0,0.05,iid,1.0,50,62,5.614279050067113,0.8833059765895208,0.3900694489479065,0.9292702870919779,1.2543401047587395,24.650394961833953,1000.0,0.544555577350815,1.0,30436,564,56,156,6092.170867327501,0.0,0.6427599316563561,0.0,144.98530864715576,0.0,0.6047591231763363,10.338363733291626,0.820379875600338,0.0,144.98530864715576,0.0,3.6426036021764623,0.0,0.6427599316563561,0.0,3.6426036021764623,1.1890817133130243,0.820379875600338,0.6427599316563561,7.732549794514974,324.9157795908
noise-game,scale,mnist,42,500,200,1.1,1.0,0.05,iid,1.0,50,63,5.614279050067113,0.8833063125610352,0.38998634696006773,0.8861404976131375,1.3167011878992383,25.607366077899933,1000.0,0.5552060580056293,1.0,30464,690,77,139,6469.779506606563,0.0,0.6811342133936483,0.0,153.6546960127981,0.0,0.9860692290883315,11.681484351754188,0.7220515389191476,0.0,153.6546960127981,0.0,3.7029735389359963,0.0,0.6811342133936483,0.0,3.7029735389359963,1.2064036438092856,0.7220515389191476,0.6811342133936483,9.731464080810547,409.7527020850824
noise-game,scale,mnist,42,500,200,1.1,1.0,0.05,iid,1.0,50,64,5.614279050067113,0.8831133113304774,0.39024560739596686,0.9235906766053744,1.7109232114420996,27.154857203960418,1000.0,0.7200042102861554,1.0,30893,962,15,200,6319.434643786906,0.0,0.6621327497102194,0.0,149.4656049940321,0.0,1.7429969873693254,5.387385244071484,0.751962509420183,0.0,149.4656049940321,0.0,3.7786134845458546,0.0,0.6621327497102194,0.0,3.7786134845458546,1.1934995026793023,0.751962509420183,0.6621327497102194,8.967936299641927,379.16607862721435
noise-game,scale,mnist,42,500,200,1.1,1.0,0.05,iid,1.0,50,65,5.614279050067113,0.8831619773308436,0.3899609833955765,0.8937759537483241,1.2741921449962414,27.44639466047287,1000.0,0.6437176449349217,1.0,30575,757,59,157,6311.338137607101,0.0,0.6423763898156212,0.0,144.73276399311266,0.0,0.7097218852294119,10.352572917938232,0.7729224374419764,0.0,144.73276399311266,0.0,3.8310238499992297,0.0,0.6423763898156212,0.0,3.8310238499992297,1.2226911357865295,0.7729224374419764,0.6423763898156212,9.166408386230469,399.71808204844973
noise-game,scale,mnist,42,500,200,1.1,1.0,0.05,iid,1.0,50,66,5.817597065439444,0.8831296449899674,0.38979241987069446,0.8887228321153164,1.463309422135353,28.758605036735535,1000.0,0.5136295648389021,1.0,30360,574,94,118,6064.079642755704,0.0,0.6396705764897836,0.0,144.3109016418457,0.0,1.257056262344122,13.355606045722961,0.7714060544967651,0.0,144.3109016418457,0.0,3.870242405799561,0.0,0.6396705764897836,0.0,3.870242405799561,1.2460949832930808,0.7714060544967651,0.6396705764897836,7.696581420898437,323.4175809469709
noise-game,scale,mnist,42,500,200,1.1,1.0,0.05,iid,1.0,50,67,5.817597065439444,0.883085311849912,0.39001099159320196,0.8369847240198195,1.319939285516739,30.47610910654068,1000.0,0.4505826041967677,1.0,30383,630,71,146,6391.831727508684,0.0,0.6446399942684602,0.0,145.38676071166992,0.0,0.3492689818143845,9.958226868510247,0.7737230241298676,0.0,145.38676071166992,0.0,3.9766415212855533,0.0,0.6446399942684602,0.0,3.9766415212855533,1.2063600533440118,0.7737230241298676,0.6446399942684602,9.692450714111327,426.1221151672456
noise-game,scale,mnist,42,500,200,1.1,1.0,0.05,iid,1.0,50,68,5.987258242527832,0.8829386438926061,0.3902673487861951,0.8267142779775113,1.5730674437114172,31.784037704467774,1000.0,0.5682209597695576,1.0,30675,824,23,194,6241.641677873765,0.0,0.6368202786866173,0.0,143.64308021182106,0.0,0.7049813355718341,4.6623617923259735,0.7621648141316005,0.0,143.64308021182106,0.0,4.070550699698177,0.0,0.6368202786866173,0.0,4.070550699698177,1.198505022529184,0.7621648141316005,0.6368202786866173,10.055015614827473,436.91491745116355
noise-game,scale,mnist,42,500,200,1.1,1.0,0.05,iid,1.0,50,69,5.987258242527832,0.8832719775040945,0.38943507879972455,0.9904573327530957,0.9303134249316322,32.297343907356264,1000.0,0.4361256309067938,1.0,30096,262,121,83,6313.582195384627,0.0,0.6230323224473555,0.0,140.64898851182727,0.0,2.6400815976990595,12.381874947249889,0.783930606312222,0.0,140.64898851182727,0.0,4.104577064719216,0.0,0.6230323224473555,0.0,4.104577064719216,1.186928531597975,0.783930606312222,0.6230323224473555,4.219469655354818,189.4074658615388
noise-game,scale,mnist,42,500,200,1.1,1.0,0.05,iid,1.0,50,70,5.987258242527832,0.8832539780934652,0.38925559798876447,0.9396491228070175,1.682758241891861,34.87557628631592,1000.0,0.3331326929218977,1.0,29912,118,135,67,6250.966209474086,0.0,0.626750838790081,0.0,141.69924545288086,0.0,2.502571076154709,55.365516929626466,0.7405672296881676,0.0,141.69924545288086,0.0,4.138247481735228,0.0,0.626750838790081,0.0,4.138247481735228,1.1889231416653971,0.7405672296881676,0.626750838790081,3.7786465454101563,166.6924322526423
noise-game,scale,mnist,42,500,200,1.1,1.0,0.05,iid,1.0,50,71,6.226487341245442,0.8832366456588109,0.3892745301127434,0.7919528216089666,1.4736857742071152,42.83540240049362,1000.0,0.5807596996364961,1.0,30035,278,146,61,5970.068345148086,0.0,0.6132859865499232,0.0,138.16109313964844,0.0,1.5303284168243407,274.92072237491607,0.7668692529201507,0.0,138.16109313964844,0.0,4.1732405958408885,0.0,0.6132859865499232,0.0,4.1732405958408885,1.1981405238139118,0.7668692529201507,0.6132859865499232,4.605369771321614,199.00227817160288
noise-game,scale,mnist,42,500,200,1.1,1.0,0.05,iid,1.0,50,72,6.226487341245442,0.8832659794886907,0.389234901368618,0.9479452261916872,1.5571473598480225,74.96266579389572,1000.0,0.4830429343424998,1.0,30376,504,65,145,6513.971578412955,0.0,0.6251730569774419,0.0,141.16468404134113,0.0,1.449175810813904,76.95373844385148,0.7535038153330486,0.0,141.16468404134113,0.0,4.232183036845087,0.0,0.6251730569774419,0.0,4.232183036845087,1.2032554245920275,0.7535038153330486,0.6251730569774419,7.058234202067057,325.6985789206477
noise-game,scale,mnist,42,500,200,1.1,1.0,0.05,iid,1.0,50,73,6.226487341245442,0.8828983108202616,0.38999325384696326,0.9121906166789073,1.656334000825882,81.28990231275559,1000.0,0.5057145230156859,1.0,30459,666,59,158,6227.864522132704,0.0,0.6221112570419802,0.0,140.24658279418946,0.0,1.4750144243240357,24.697472153902055,0.7361645966768264,0.0,140.24658279418946,0.0,4.302423292940311,0.0,0.6221112570419802,0.0,4.302423292940311,1.2110961869032724,0.7361645966768264,0.6221112570419802,9.349772186279298,415.1909681421802
noise-game,scale,mnist,42,500,200,1.1,1.0,0.05,iid,1.0,50,74,6.226487341245442,0.8829753120740255,0.3899001494050026,0.8760137966521675,1.4656696756680807,83.80388974666596,1000.0,0.6900116730577496,1.0,30517,592,29,182,6429.888249160114,0.0,0.617828498338763,0.0,139.34392191569012,0.0,1.0263911366462708,8.092699554413556,0.7551870524883271,0.0,139.34392191569012,0.0,4.369109996752931,0.0,0.617828498338763,0.0,4.369109996752931,1.1891858129063018,0.7551870524883271,0.617828498338763,6.967196095784505,321.49441245800574
noise-game,scale,mnist,42,500,200,1.1,1.0,0.05,iid,1.0,50,75,6.226487341245442,0.8829776453971863,0.390001299281915,0.9220921230830343,1.6031768385853087,84.17365636110306,1000.0,0.5564420830545086,1.0,30401,480,43,168,6525.690139883677,0.0,0.6319618225962554,0.0,142.66500745500838,0.0,0.815112612077168,11.925178169310094,0.7021168512957436,0.0,142.66500745500838,0.0,4.410056939878872,0.0,0.6319618225962554,0.0,4.410056939878872,1.1898011958134498,0.7021168512957436,0.6319618225962554,6.6577003479003904,304.53220652790486
noise-game,scale,mnist,42,500,200,1.1,1.0,0.05,iid,1.0,50,76,6.337869138333807,0.8827023116747538,0.3906475554903348,0.9066381097586431,1.8537558075040579,84.54807184457779,1000.0,0.530039631575768,1.0,30426,563,63,148,6046.077632143468,0.0,0.607793965044367,0.0,136.99524974822998,0.0,1.8391303047537804,142.31227186918258,0.7777880635112524,0.0,136.99524974822998,0.0,4.468069070684607,0.0,0.607793965044367,0.0,4.468069070684607,1.178579698329574,0.7777880635112524,0.607793965044367,7.306413319905599,322.45747371431827
noise-game,scale,mnist,42,500,200,1.1,1.0,0.05,iid,1.0,50,77,6.337869138333807,0.8825699778397879,0.39101425419251123,0.89221745457232,1.7097778074881609,96.3014567542076,1000.0,0.33624775973708754,1.0,30119,435,122,92,6390.887699692208,0.0,0.6126003271012921,0.0,138.13891422047334,0.0,2.1896599390927483,55.402760400772095,0.7201854306108811,0.0,138.13891422047334,0.0,4.521493131052841,0.0,0.6126003271012921,0.0,4.521493131052841,1.1809862488296885,0.7201854306108811,0.6126003271012921,7.827871805826823,362.1503029825585
noise-game,scale,mnist,42,500,200,1.1,1.0,0.05,iid,1.0,50,78,6.396595930102288,0.8825013118982316,0.3913363992174466,0.9583722463910848,1.9476566043767063,103.79857945203781,1000.0,0.7547442901799496,1.0,30496,472,17,189,6206.739722779079,0.0,0.6003753436374802,0.0,135.16956121271306,0.0,3.278254920786077,9.595700302124023,0.7696347019889138,0.0,135.16956121271306,0.0,4.545763424386407,0.0,0.6003753436374802,0.0,4.545763424386407,1.1923866282304827,0.7696347019889138,0.6003753436374802,4.956217244466146,227.58045650189956
noise-game,scale,mnist,42,500,200,1.1,1.0,0.05,iid,1.0,50,79,6.396595930102288,0.8825536469618479,0.39139549881219865,0.7915657494122763,1.4756819605827332,103.96231896400451,1000.0,0.5601360866197609,1.0,30274,512,101,111,6602.245214929982,0.0,0.6033796472182325,0.0,136.13640880584717,0.0,0.8121636062860489,581.6868619927764,0.7664063759148121,0.0,136.13640880584717,0.0,4.60955442719629,0.0,0.6033796472182325,0.0,4.60955442719629,1.169373457926135,0.7664063759148121,0.6033796472182325,7.260608469645183,352.1197447962657
noise-game,scale,mnist,42,500,200,1.1,1.0,0.05,iid,1.0,50,80,6.396595930102288,0.8824476436773936,0.3916448818643888,0.8482516425550699,1.4979201443493366,139.16527727127075,1000.0,0.47545636308360695,1.0,30297,489,76,136,6708.000340352986,0.0,0.6100576262667644,0.0,137.58128547668457,0.0,0.983299482613802,126.71875498980283,0.7245699800550938,0.0,137.58128547668457,0.0,4.654833538477139,0.0,0.6100576262667644,0.0,4.654833538477139,1.172416403035216,0.7245699800550938,0.6100576262667644,7.33766855875651,357.76001815215926
noise-game,scale,mnist,42,500,200,1.1,1.0,0.05,iid,1.0,50,81,6.396595930102288,0.88249831199646,0.3915634212891261,0.8918507982080689,1.506329676934651,152.18447863578797,1000.0,0.7124928747346992,1.0,30494,540,35,175,7125.6370940648785,0.0,0.606375335501942,0.0,136.87093571254186,0.0,1.083409343447004,14.683906638026237,0.7476036548614502,0.0,136.87093571254186,0.0,4.698351435422834,0.0,0.606375335501942,0.0,4.698351435422834,1.1652614255202682,0.7476036548614502,0.606375335501942,6.387310333251953,332.52973105636096
noise-game,scale,mnist,42,500,200,1.1,1.0,0.05,iid,1.0,50,82,6.396595930102288,0.8826643097400665,0.3912825906276703,0.9627297774333807,1.464707863330841,153.48872877597807,1000.0,0.5580066637693756,1.0,29858,78,154,46,6940.694235852674,0.0,0.6002290721471661,0.0,135.49668884277344,0.0,2.956598329544067,1088.926512989998,0.7318828105926514,0.0,135.49668884277344,0.0,4.711835271455855,0.0,0.6002290721471661,0.0,4.711835271455855,1.1671835852715888,0.7318828105926514,0.6002290721471661,2.2582781473795572,115.67823726421123
noise-game,scale,mnist,42,500,200,1.1,1.0,0.05,iid,1.0,50,83,6.396595930102288,0.882479977607727,0.3920305096109708,0.879798515324481,1.9413838744163514,238.393440618515,1000.0,0.5467952931274696,1.0,30318,474,76,134,6598.663758519994,0.0,0.6009998760296459,0.0,135.46460774739583,0.0,3.5495747566223144,35.0792470061779,0.7895893613497417,0.0,135.46460774739583,0.0,4.754631502921152,0.0,0.6009998760296459,0.0,4.754631502921152,1.168450063334247,0.7895893613497417,0.6009998760296459,6.773230387369792,329.93318792599973
noise-game,scale,mnist,42,500,200,1.1,1.0,0.05,iid,1.0,50,84,6.42874718626527,0.8823839777708054,0.3924132264653842,0.8872299199688076,1.6396630321230208,241.3876980638504,1000.0,0.7753311924447716,1.0,30632,666,29,181,7015.822642490619,0.0,0.6022613258430379,0.0,135.86565617152624,0.0,1.7656359246798925,8.099421477913857,0.7485078019755227,0.0,135.86565617152624,0.0,4.793289984871208,0.0,0.6022613258430379,0.0,4.793289984871208,1.1710978136928105,0.7485078019755227,0.6022613258430379,6.340397288004557,327.4050566495622
noise-game,scale,mnist,42,500,200,1.1,1.0,0.05,iid,1.0,50,85,6.42874718626527,0.8797746443748474,40.92947808454434,0.9176476339250048,1.9102989335854847,242.0453001523018,1000.0,0.35555097377402795,0.997979797979798,29987,302,163,46,6814.418483446335,0.0,0.6002290721471661,0.0,135.42180887858072,0.0,492.53546685973805,1185.8599296855928,0.7767298718293508,0.0,135.42180887858072,0.0,4.827799367482153,0.0,0.6002290721471661,0.0,4.827799367482153,1.1681022139949548,0.7767298718293508,0.6002290721471661,5.416872355143229,272.5767393378533
noise-game,scale,mnist,42,500,200,1.1,1.0,0.05,iid,1.0,50,86,6.42874718626527,0.8800519797702631,4.04649908999602,0.8762261284654369,2.0031402598727834,323.1584199786186,1000.0,0.596334569452849,1.0,30202,345,97,110,6400.092622521039,0.0,0.6029492591039761,0.0,136.0342351740057,0.0,4.413551547310569,827.6505106210709,0.7429676164280284,0.0,136.0342351740057,0.0,4.852094048562405,0.0,0.6029492591039761,0.0,4.852094048562405,1.1744944407164577,0.7429676164280284,0.6029492591039761,4.987921956380208,234.67006282577137
noise-game,scale,mnist,42,500,200,1.1,1.0,0.05,iid,1.0,50,87,6.8029316906565445,0.8802829759319624,1.0384062606096267,0.920637011528852,1.4650753004984423,381.6745329332352,1000.0,0.7859399766700389,1.0,30330,389,58,149,7167.216684648138,0.0,0.6099525000299315,0.0,137.6304335160689,0.0,1.40485511042855,40.308085195720196,0.7167373245412653,0.0,137.6304335160689,0.0,4.895418073075481,0.0,0.6099525000299315,0.0,4.895418073075481,1.152927872014007,0.7167373245412653,0.6099525000299315,5.046449228922526,262.797945103765
noise-game,scale,mnist,42,500,200,1.1,1.0,0.05,iid,1.0,50,88,6.8029316906565445,0.8806826427578927,0.6966195497910181,0.9358580520205795,2.05233097076416,385.69148388624194,1000.0,0.5304377603962858,1.0,30037,286,152,55,6866.330566433967,0.0,0.6002290721471661,0.0,135.2835693359375,0.0,2.942488193511963,1343.3708525323868,0.7492015719413757,0.0,135.2835693359375,0.0,4.918080880757312,0.0,0.6002290721471661,0.0,4.918080880757312,1.1565278673898356,0.7492015719413757,0.6002290721471661,4.509452311197917,228.87768554779885
noise-game,scale,mnist,42,500,200,1.1,1.0,0.05,iid,1.0,50,89,6.8029316906565445,0.8803986451029777,0.8762079900503159,0.9060006576372879,1.691322853932014,455.08123890638353,1000.0,0.7107936430533771,1.0,30454,463,21,188,7281.246775139581,0.0,0.6002290721471661,0.0,135.29766845703125,0.0,2.0922940235871534,10.078867075443268,0.7309800478128287,0.0,135.29766845703125,0.0,4.961780030489358,0.0,0.6002290721471661,0.0,4.961780030489358,1.1426883274623592,0.7309800478128287,0.6002290721471661,5.862898966471354,315.5206935893819
noise-game,scale,mnist,42,500,200,1.1,1.0,0.05,iid,1.0,50,90,6.993192606782565,0.8807829773426056,0.5927203035354615,0.8626166889362293,1.8301412074462227,455.5930829310417,1000.0,0.53834972483842,1.0,30625,891,55,165,6983.979544475985,0.0,0.6002290721471659,0.0,135.51773801057234,0.0,1.7344244977702266,88.27052316665649,0.7295553476914115,0.0,135.51773801057234,0.0,5.033668886314573,0.0,0.6002290721471659,0.0,5.033668886314573,1.1201965397054023,0.7295553476914115,0.6002290721471659,10.389693247477213,535.438431743159
noise-game,scale,mnist,42,500,200,1.1,1.0,0.05,iid,1.0,50,91,6.993192606782565,0.881309976975123,0.47736867030461627,0.7929503368208421,1.8418898463249207,464.55196563482286,1000.0,0.42793488181789574,1.0,29964,239,165,42,7001.227853118275,0.0,0.6002290721471661,0.0,135.40508880615235,0.0,4.296266388893128,1106.4232736206054,0.7449305832386017,0.0,135.40508880615235,0.0,5.060618846678561,0.0,0.6002290721471661,0.0,5.060618846678561,1.1167392412761483,0.7449305832386017,0.6002290721471661,4.513502960205078,233.37426177060917
noise-game,scale,mnist,42,500,200,1.1,1.0,0.05,iid,1.0,50,92,6.993192606782565,0.8809863114356995,0.5073687916000684,0.825963004865633,1.8425940535962582,528.5903042817116,1000.0,0.3816860512430178,1.0,30220,391,64,149,7038.666830464081,0.0,0.6023745972524277,0.0,136.05178356170654,0.0,2.5269727408885956,20.082075217962267,0.7223202921450138,0.0,136.05178356170654,0.0,5.093104967075637,0.0,0.6023745972524277,0.0,5.093104967075637,1.120941023241923,0.7223202921450138,0.6023745972524277,7.256095123291016,375.39556429141766
noise-game,scale,mnist,42,500,200,1.1,1.0,0.05,iid,1.0,50,93,7.349417001027606,0.8809209754069646,0.47223090708255766,0.9274726724613951,2.0752480663359165,528.5899697184562,1000.0,0.5434714708085681,1.0,30334,495,74,139,6830.73720489502,0.0,0.6002290721471661,0.0,135.51895236968994,0.0,2.6478533893823624,58.787469775676726,0.737522266805172,0.0,135.51895236968994,0.0,5.123827574070868,0.0,0.6002290721471661,0.0,5.123827574070868,1.129538948722511,0.737522266805172,0.6002290721471661,7.227677459716797,364.30598426106775
noise-game,scale,mnist,42,500,200,1.1,1.0,0.05,iid,1.0,50,94,7.349417001027606,0.8809203110138575,0.49668260902166367,0.9513091030350399,1.534637134183537,533.3785839605331,1000.0,0.5797638357797417,1.0,30238,341,78,129,7473.9491472392165,0.0,0.6002290721471661,0.0,135.4480341131037,0.0,1.9350296258926392,45.84271289646625,0.7573389573530718,0.0,135.4480341131037,0.0,5.159926542176879,0.0,0.6002290721471661,0.0,5.159926542176879,1.0946359500407152,0.7573389573530718,0.6002290721471661,4.966427917480469,274.0448020654379
noise-game,scale,mnist,42,500,200,1.1,1.0,0.05,iid,1.0,50,95,7.349417001027606,0.8810473114252091,0.46347531785567603,0.8652504554570662,1.6312024420813511,539.077323513031,1000.0,0.5094238170757441,1.0,30485,702,71,146,7383.455288711962,0.0,0.600229072147166,0.0,135.33554398386102,0.0,1.1402582902657359,313.8602927482128,0.7128526756637975,0.0,135.33554398386102,0.0,5.211026612826858,0.0,0.600229072147166,0.0,5.211026612826858,1.0795808751277325,0.7128526756637975,0.600229072147166,8.571251118977864,467.61883495175744
noise-game,scale,mnist,42,500,200,1.1,1.0,0.05,iid,1.0,50,96,7.49017623638829,0.8808869775136312,0.4570232946674029,0.7281644572843788,1.5157559216022491,563.2123296165466,1000.0,0.47159543765755857,1.0,30420,818,119,97,7090.378155067828,0.0,0.6002290721471659,0.0,135.46642608642577,0.0,1.2884963870048523,1523.6822968691588,0.7396396666765213,0.0,135.46642608642577,0.0,5.25635945229552,0.0,0.6002290721471659,0.0,5.25635945229552,1.0715552063462008,0.7396396666765213,0.6002290721471659,9.031095072428386,472.69187700452187
noise-game,scale,mnist,42,500,200,1.1,1.0,0.05,iid,1.0,50,97,7.49017623638829,0.8807803118228912,0.4669743467370669,0.8875282028623533,1.7025570571422577,648.5438645410537,1000.0,0.5064979002846075,1.0,30535,639,32,182,7898.458823833977,0.0,0.600229072147166,0.0,135.41342078314887,0.0,1.8021469579802618,10.28879571557045,0.7337186104721494,0.0,135.41342078314887,0.0,5.298235195938412,0.0,0.600229072147166,0.0,5.298235195938412,1.0630047348318619,0.7337186104721494,0.600229072147166,8.124805246988933,473.9075294300386
noise-game,scale,mnist,42,500,200,1.1,1.0,0.05,iid,1.0,50,98,7.49017623638829,0.8808306433757146,0.4571121008197467,0.9126679636920964,2.129055455327034,648.9250073027611,1000.0,0.5375162378252056,1.0,30024,179,115,90,7028.031741101231,0.0,0.6002290721471661,0.0,135.23431396484375,0.0,5.8755225241184235,1482.0961179828644,0.7777562811970711,0.0,135.23431396484375,0.0,5.314682209359758,0.0,0.6002290721471661,0.0,5.314682209359758,1.0627431410299175,0.7777562811970711,0.6002290721471661,3.606248372395833,187.4141797626995
noise-game,scale,mnist,42,500,200,1.1,1.0,0.05,iid,1.0,50,99,7.49017623638829,0.8808846433957418,0.4600901192426681,0.8961763498206752,1.7027319222688675,735.4405026602745,1000.0,0.489609448522492,1.0,30219,303,61,147,7357.302327799004,0.0,0.6002290721471661,0.0,135.53145472208658,0.0,2.126073181629181,16.877636742591857,0.7189822047948837,0.0,135.53145472208658,0.0,5.331469910199254,0.0,0.6002290721471661,0.0,5.331469910199254,1.0689433673144928,0.7189822047948837,0.6002290721471661,5.4212581888834634,294.2920931119601
noise-game,scale,mnist,42,500,200,1.1,1.0,0.05,iid,1.0,50,100,7.49017623638829,0.8807813131809235,0.4508519732952118,0.8943014933825049,1.9991137725966317,736.5222216081619,1000.0,0.4679958894507214,1.0,30157,349,96,116,7938.6598341278195,0.0,0.6002290721471661,0.0,135.46146937779017,0.0,3.488116434642247,742.0866821932792,0.7694585238184247,0.0,135.46146937779017,0.0,5.360424940525433,0.0,0.6002290721471661,0.0,5.360424940525433,1.0653503023501512,0.7694585238184247,0.6002290721471661,6.321535237630209,370.4707922592982
noise-game,scale,mnist,42,500,200,1.1,1.0,0.05,iid,1.0,50,101,7.49017623638829,0.8807836443185806,0.45836782147487004,0.8236993897871806,1.6179703978391795,787.0736356067657,1000.0,0.5157745886178433,1.0,30191,336,84,125,7615.212562344434,0.0,0.6002290721471661,0.0,135.4409907414363,0.0,1.9341025260778575,132.16728862822055,0.6971832399184887,0.0,135.4409907414363,0.0,5.388602945793224,0.0,0.6002290721471661,0.0,5.388602945793224,1.0617345241945109,0.6971832399184887,0.6002290721471661,5.869109598795573,329.99254436825885
noise-game,scale,mnist,42,500,200,1.1,1.0,0.05,iid,1.0,50,102,7.49017623638829,0.8805209791660309,0.4559458390871684,0.925070085818241,1.790823354440577,801.7148006892204,1000.0,0.6657689944843268,1.0,30713,799,40,174,7619.964722255478,0.0,0.6002290721471661,0.0,135.29143299775964,0.0,1.8497461290920483,83.49352441728115,0.725369435899398,0.0,135.29143299775964,0.0,5.422686943754823,0.0,0.6002290721471661,0.0,5.422686943754823,1.0574156800527352,0.725369435899398,0.6002290721471661,7.666514536539713,431.79800092781034
noise-game,scale,mnist,42,500,200,1.1,1.0,0.05,iid,1.0,50,103,7.49017623638829,0.8800246437390645,0.5328218773007393,0.8447286520371894,1.6984107080433104,809.7684908604622,1000.0,0.5451329659657592,1.0,30487,583,25,189,8178.156428673519,0.0,0.600229072147166,0.0,135.39944203694662,0.0,1.468693595793512,10.096921223402024,0.746902346611023,0.0,135.39944203694662,0.0,5.473689895185063,0.0,0.600229072147166,0.0,5.473689895185063,1.0043940182707396,0.746902346611023,0.600229072147166,8.123966522216797,490.68938572041117
noise-game,scale,mnist,42,500,200,1.1,1.0,0.05,iid,1.0,50,104,7.49017623638829,0.8804096446434657,0.4615280254681905,0.9011757432514065,1.6861279328664145,809.6445593643189,1000.0,0.6727476693430492,1.0,30503,610,57,154,8032.207041239529,0.0,0.6009431393020023,0.0,135.5199178059896,0.0,2.2793923536936442,27.40444087803364,0.7102532505989074,0.0,135.5199178059896,0.0,5.502818592804129,0.0,0.6009431393020023,0.0,5.502818592804129,1.0025286112153542,0.7102532505989074,0.6009431393020023,6.7759958902994795,401.6103520619763
noise-game,scale,mnist,42,500,200,1.1,1.0,0.05,iid,1.0,50,105,7.49017623638829,0.88044797817866,0.4577336990833282,0.9219708900023861,1.9934491770608085,813.7076245045662,1000.0,0.4940084586466166,1.0,29926,130,141,63,7760.312359223223,0.0,0.6002290721471661,0.0,135.49627031598772,0.0,3.1269700867789134,1913.4234805345536,0.7672958629471915,0.0,135.49627031598772,0.0,5.5194431485162845,0.0,0.6002290721471661,0.0,5.5194431485162845,0.9947497687498736,0.7672958629471915,0.6002290721471661,3.16157964070638,181.07395504854188
noise-game,scale,mnist,42,500,200,1.1,1.0,0.05,iid,1.0,50,106,7.49017623638829,0.8802803101142248,0.4592050451040268,0.8422102594740511,1.6831383009751637,924.1664284706115,1000.0,0.42429390865505934,1.0,30298,494,64,150,8052.983567258245,0.0,0.6019634150359826,0.0,135.8498018052843,0.0,1.2408047914505005,18.84690392076969,0.7004595034652286,0.0,135.8498018052843,0.0,5.544020342749813,0.0,0.6019634150359826,0.0,5.544020342749813,1.0060585962421604,0.7004595034652286,0.6019634150359826,8.150988108317057,483.1790140354947
noise-game,scale,mnist,42,500,200,1.1,1.0,0.05,iid,1.0,50,107,7.49017623638829,0.879987976749738,0.4584057159225146,0.8668286996951876,2.0946020632982254,923.4730165863037,1000.0,0.5855955000313104,1.0,30329,491,69,143,7731.17968545413,0.0,0.6002290721471661,0.0,135.51004314422607,0.0,3.3684112280607224,64.80381922960281,0.7261791713535786,0.0,135.51004314422607,0.0,5.566451215076817,0.0,0.6002290721471661,0.0,5.566451215076817,1.0163197730368743,0.7261791713535786,0.6002290721471661,7.2272023010253905,412.32958322422024
noise-game,scale,mnist,42,500,200,1.1,1.0,0.05,iid,1.0,50,108,7.49017623638829,0.879817643960317,0.4562579830487569,0.9498724438602146,2.084748531381289,930.6765810060501,1000.0,0.6057106002461142,1.0,30379,388,26,181,7723.099785950639,0.0,0.6002290721471661,0.0,135.63997650146484,0.0,4.662268181641896,17.069555468559265,0.6904154668251673,0.0,135.63997650146484,0.0,5.583159478364468,0.0,0.6002290721471661,0.0,5.583159478364468,1.0248655083004745,0.6904154668251673,0.6002290721471661,5.425599060058594,308.92399143802555
noise-game,scale,mnist,42,500,200,1.1,1.0,0.05,iid,1.0,50,109,7.49017623638829,0.8793063110113144,0.46741249909003574,0.8800336573082527,2.0053791541319628,929.2269594025612,1000.0,0.5796615836876523,1.0,30885,1147,33,189,7758.591034284581,0.0,0.600229072147166,0.0,135.38893655630258,0.0,1.6660546499949236,11.015273737609386,0.7489982614150414,0.0,135.38893655630258,0.0,5.635224308998553,0.0,0.600229072147166,0.0,5.635224308998553,1.0115612161433742,0.7489982614150414,0.600229072147166,11.733707834879556,672.4112229713304
noise-game,scale,mnist,42,500,200,1.1,1.0,0.05,iid,1.0,50,110,7.49017623638829,0.8790643113851547,0.45701061775286994,0.8256183742259983,2.1050935089588165,932.0456151008606,1000.0,0.48711871917055305,1.0,30605,888,39,182,8261.964864955173,0.0,0.6002290721471661,0.0,135.46997197469076,0.0,3.177876134713491,71.35484197854996,0.7438250233729681,0.0,135.46997197469076,0.0,5.683436340548531,0.0,0.6002290721471661,0.0,5.683436340548531,0.9985954641654631,0.7438250233729681,0.6002290721471661,10.83759775797526,660.9571891964138
noise-game,scale,mnist,42,500,200,1.1,1.0,0.05,iid,1.0,50,111,7.49017623638829,0.8789996427297592,0.461955956419309,0.8154465846658517,2.154558462756021,937.0322317886353,1000.0,0.48229288326283865,1.0,30267,369,55,155,8615.741492764128,0.0,0.6002290721471661,0.0,135.4213420322963,0.0,3.4268446138926913,35.03450442790985,0.7635845158781324,0.0,135.4213420322963,0.0,5.711382229667771,0.0,0.6002290721471661,0.0,5.711382229667771,0.9892415947305029,0.7635845158781324,0.6002290721471661,6.319662628173828,402.06793632899263
noise-game,scale,mnist,42,500,200,1.1,1.0,0.05,iid,1.0,50,112,7.49017623638829,0.8790956437587738,0.4587352831164996,0.9555805805467739,2.086626246571541,939.8295635533333,1000.0,0.8028174982490364,1.0,30175,239,72,132,7042.098452996134,0.0,0.6002290721471661,0.0,135.1713161468506,0.0,7.184142291545868,41.485845093727114,0.7631183788180351,0.0,135.1713161468506,0.0,5.722208251139187,0.0,0.6002290721471661,0.0,5.722208251139187,0.9968292322741544,0.7631183788180351,0.6002290721471661,3.6045684305826824,187.7892920798969
noise-game,scale,mnist,42,500,200,1.1,1.0,0.05,iid,1.0,50,113,7.49017623638829,0.878542979756991,0.47204599002997083,0.7650534111353955,2.2013734728097916,942.6214359021187,1000.0,0.5071019004596132,1.0,30146,403,115,98,7765.414361971202,0.0,0.6002290721471661,0.0,135.5589780807495,0.0,2.8787771463394165,380.26414071559907,0.7006998918950558,0.0,135.5589780807495,0.0,5.74935763659453,0.0,0.6002290721471661,0.0,5.74935763659453,0.9987065041825717,0.7006998918950558,0.6002290721471661,7.22981216430664,414.1554326384641
noise-game,scale,mnist,42,500,200,1.1,1.0,0.05,iid,1.0,50,114,7.49017623638829,0.8786946431795756,0.4547635672489802,0.933536787770201,1.8405198905617,972.9260747122764,1000.0,0.7616061433122691,1.0,30607,713,55,157,7886.31348232067,0.0,0.6027187605986879,0.0,136.08097432454426,0.0,2.7332581520080566,17.33146242439747,0.6670794711137812,0.0,136.08097432454426,0.0,5.773048112921254,0.0,0.6027187605986879,0.0,5.773048112921254,0.998305556346583,0.6670794711137812,0.6027187605986879,6.804048716227213,394.31567411603356
noise-game,scale,mnist,42,500,200,1.1,1.0,0.05,iid,1.0,50,115,7.49017623638829,0.8784936439990997,0.4600109087427457,0.9206144793954046,1.920222814877828,974.4870655632019,1000.0,0.5169570554264703,1.0,30383,464,41,170,8163.982974064945,0.0,0.6002290721471663,0.0,135.61760355631512,0.0,2.240565776824951,49.58061566233635,0.7043904781341552,0.0,135.61760355631512,0.0,5.797358103640689,0.0,0.6002290721471663,0.0,5.797358103640689,1.0020676426438033,0.7043904781341552,0.6002290721471663,6.780880177815755,408.1991487032473
noise-game,scale,mnist,42,500,200,1.1,1.0,0.05,iid,1.0,50,116,7.522735911044826,0.8779643116394679,0.46083474238713584,0.7191377687575103,2.217519321224906,978.9553413271904,1000.0,0.44711828795252545,1.0,30314,643,81,138,8010.843505629886,0.0,0.6002290721471659,0.0,135.25557708740234,0.0,3.0552108829671685,521.5343244314193,0.7236776866696097,0.0,135.25557708740234,0.0,5.832371211888923,0.0,0.6002290721471659,0.0,5.832371211888923,1.0051920219578514,0.7236776866696097,0.6002290721471659,9.918742319742838,587.461857079525
noise-game,scale,mnist,42,500,200,1.1,1.0,0.05,iid,1.0,50,117,7.522735911044826,0.8781626429160436,0.45941552887360254,0.9026539751434147,1.8563035238872876,1019.5962284970284,1000.0,0.46717579559374384,1.0,30236,284,50,156,8812.98433820053,0.0,0.6002290721471661,0.0,135.37337424538353,0.0,3.0955804586410522,64.2646912074089,0.7533503662456166,0.0,135.37337424538353,0.0,5.863214890979819,0.0,0.6002290721471661,0.0,5.863214890979819,0.9698182857671255,0.7533503662456166,0.6002290721471661,4.963690388997396,323.14275906735276
noise-game,scale,mnist,42,500,200,1.1,1.0,0.05,iid,1.0,50,118,7.539064909485271,0.8771553132931391,0.46641989797353745,0.829406033661033,2.37338782787323,1024.7153400707246,1000.0,0.5063490842251666,1.0,30821,1064,22,199,7385.469939586938,0.0,0.6002290721471661,0.0,135.46704833984376,0.0,2.974242715835571,12.025959100723266,0.7273524343967438,0.0,135.46704833984376,0.0,5.906799347175896,0.0,0.6002290721471661,0.0,5.906799347175896,0.9607828580511675,0.7273524343967438,0.6002290721471661,11.28892069498698,615.4558282989115
noise-game,scale,mnist,42,500,200,1.1,1.0,0.05,iid,1.0,50,119,7.539064909485271,0.8772743113835653,0.46474951356649397,0.8855485356819157,1.8437230199575425,1025.4161103105546,1000.0,0.4869572123141716,1.0,30457,672,59,158,8704.21628270893,0.0,0.6002290721471659,0.0,135.43055572509766,0.0,2.4642400979995727,204.76882440805434,0.7523956418037414,0.0,135.43055572509766,0.0,5.93887393547351,0.0,0.6002290721471659,0.0,5.93887393547351,0.9541539851531189,0.7523956418037414,0.6002290721471659,9.028703715006511,580.2810855139287
noise-game,scale,mnist,42,500,200,1.1,1.0,0.05,iid,1.0,50,120,7.539064909485271,0.8767896449565887,0.4612549365560214,0.8504391756744537,2.293610686347598,1040.0310514068603,1000.0,0.5484040011774177,1.0,30625,808,39,178,8063.148612815688,0.0,0.6002290721471659,0.0,135.43089149111793,0.0,3.0534958442052207,17.727161839008332,0.7516834906169346,0.0,135.43089149111793,0.0,5.966714655249605,0.0,0.6002290721471659,0.0,5.966714655249605,0.9627067248235666,0.7516834906169346,0.6002290721471659,9.480162404378255,564.420402897098
noise-game,scale,mnist,42,500,200,1.1,1.0,0.05,iid,1.0,50,121,7.594761300286557,0.8765149788061778,0.46462146550416944,0.866103042239083,2.270943115739261,1041.6486625909806,1000.0,0.507720018617305,1.0,30295,512,86,129,7462.24393170178,0.0,0.6002290721471661,0.0,135.31995705997244,0.0,3.6966402530670166,51.76883315324783,0.6927848177797654,0.0,135.31995705997244,0.0,5.988325176629272,0.0,0.6002290721471661,0.0,5.988325176629272,0.9730168154232783,0.6927848177797654,0.6002290721471661,7.668130900065104,422.86048946310086
noise-game,scale,mnist,42,500,200,1.1,1.0,0.05,iid,1.0,50,122,7.594761300286557,0.8762583084901174,0.4684122011065483,0.8669863622075361,2.575335355905386,1047.264095184803,1000.0,0.5574481858826774,1.0,30270,362,61,149,8146.256392570104,0.0,0.6002290721471661,0.0,135.40400578425482,0.0,6.13612882907574,72.92448671460151,0.7769491901764503,0.0,135.40400578425482,0.0,6.005636799968161,0.0,0.6002290721471661,0.0,6.005636799968161,0.9744075113460297,0.7769491901764503,0.6002290721471661,5.867506917317709,353.00444367803783
noise-game,scale,mnist,42,500,200,1.1,1.0,0.05,iid,1.0,50,123,7.594761300286557,0.8762476466099421,0.4684202009439468,0.8806965174129353,2.495901942253113,1050.360894165039,1000.0,0.4605873768346197,1.0,30044,222,120,86,6975.777217615899,0.0,0.6002290721471661,0.0,135.37514411078558,0.0,4.2030953831142845,2365.222129907608,0.6788453989558749,0.0,135.37514411078558,0.0,6.016108590160501,0.0,0.6002290721471661,0.0,6.016108590160501,0.9786232086308868,0.6788453989558749,0.6002290721471661,4.061254323323568,209.27331652847695
noise-game,scale,mnist,42,500,200,1.1,1.0,0.05,iid,1.0,50,124,7.594761300286557,0.8764556447664896,0.46852565109729766,0.9702174296291943,1.566673904657364,1185.157695786953,1000.0,0.5236741540201357,1.0,30123,222,82,123,8025.642633113787,0.0,0.6002290721471661,0.0,135.3251020643446,0.0,1.3951386147075229,245.6587418818474,0.6209727894100878,0.0,135.3251020643446,0.0,6.031513827438997,0.0,0.6002290721471661,0.0,6.031513827438997,0.974429340495598,0.6209727894100878,0.6002290721471661,4.059753061930339,240.76927899341362
noise-game,scale,mnist,42,500,200,1.1,1.0,0.05,iid,1.0,50,125,7.594761300286557,0.8762093124787013,0.474178003569444,0.9406848561059465,2.161934558550517,1205.7428152489663,1000.0,0.7117874476445178,1.0,30452,581,72,139,9676.521239293212,0.0,0.6002290721471663,0.0,135.44275410970053,0.0,4.191596364974975,135.47372413396835,0.7875421841939291,0.0,135.44275410970053,0.0,6.052498453488367,0.0,0.6002290721471663,0.0,6.052498453488367,0.9774632775006463,0.7875421841939291,0.6002290721471663,6.772137705485026,483.8260619646606
noise-game,scale,mnist,42,500,200,1.1,1.0,0.05,iid,1.0,50,126,7.594761300286557,0.8764123117923737,0.465049601495266,0.9158983053316537,2.3585951179265976,1217.3621000051498,1000.0,0.6375080695019553,1.0,30012,224,138,66,9132.077568215478,0.0,0.6002290721471661,0.0,135.30488395690918,0.0,6.15616637468338,126.82577813863755,0.75825584679842,0.0,135.30488395690918,0.0,6.0619104802054,0.0,0.6002290721471661,0.0,6.0619104802054,0.9787344130513089,0.75825584679842,0.6002290721471661,3.6081302388509116,243.52206848574608
noise-game,scale,mnist,42,500,200,1.1,1.0,0.05,iid,1.0,50,127,7.594761300286557,0.8758029804627101,0.4706379254659017,0.8692447900648377,2.3896625377237797,1229.0736835622788,1000.0,0.4934811723904792,1.0,30293,439,63,151,8564.787571117013,0.0,0.6002290721471661,0.0,135.4249963760376,0.0,3.0840110182762146,75.09442625522614,0.6994218546897173,0.0,135.4249963760376,0.0,6.0920933990476955,0.0,0.6002290721471661,0.0,6.0920933990476955,0.9599150872754615,0.6994218546897173,0.6002290721471661,7.222666473388672,456.788670459574
noise-game,scale,mnist,42,500,200,1.1,1.0,0.05,iid,1.0,50,128,7.594761300286557,0.8760803123315175,0.4739323528607686,0.8400892132334139,1.5454156001408894,1235.5833243227005,1000.0,0.580815330788228,1.0,30146,370,127,81,10789.247568701461,0.0,0.6002290721471661,0.0,135.43261082967123,0.0,2.391127626101176,221.2988793247938,0.7485928485790888,0.0,135.43261082967123,0.0,6.110565838553417,0.0,0.6002290721471661,0.0,6.110565838553417,0.9565619217989916,0.7485928485790888,0.6002290721471661,5.417304433186849,431.56990274805844
noise-game,scale,mnist,42,500,200,1.1,1.0,0.05,iid,1.0,50,129,7.68194057176097,0.8757616454362869,0.4753648188710213,0.8724983264621825,2.0788262950049505,1253.9623294258117,1000.0,0.5368323276608303,1.0,30488,623,45,170,9211.641609049195,0.0,0.600229072147166,0.0,135.40364922417535,0.0,3.2264862987730236,69.91150150299072,0.7593699594338735,0.0,135.40364922417535,0.0,6.133312119336556,0.0,0.600229072147166,0.0,6.133312119336556,0.961880827501463,0.7593699594338735,0.600229072147166,8.124218953450521,552.6984965429517
noise-game,scale,mnist,42,500,200,1.1,1.0,0.05,iid,1.0,50,130,7.68194057176097,0.8757129794359207,0.47136156996091205,0.9407745574957695,2.314605615355752,1261.1444078493118,1000.0,0.5680735893941345,1.0,30199,337,91,115,8920.103704002431,0.0,0.6002290721471661,0.0,135.35839150168678,0.0,4.329206510023638,211.1340789270401,0.7459536248987372,0.0,135.35839150168678,0.0,6.151004352757817,0.0,0.6002290721471661,0.0,6.151004352757817,0.955805655349441,0.7459536248987372,0.6002290721471661,4.963141021728515,327.07046914675584
noise-game,scale,mnist,42,500,200,1.1,1.0,0.05,iid,1.0,50,131,7.68194057176097,0.8755966454744339,0.47615955501794816,0.8529955008056186,2.412890380079096,1268.589056839943,1000.0,0.7115311388328783,1.0,30305,350,50,157,8519.070924146676,0.0,0.6002290721471661,0.0,135.58178433504972,0.0,6.437893780795011,280.95540659427644,0.7059987593780864,0.0,135.58178433504972,0.0,6.164318927904946,0.0,0.6002290721471661,0.0,6.164318927904946,0.9606144665508628,0.7059987593780864,0.6002290721471661,4.971332092285156,312.3659338853782
noise-game,scale,mnist,42,500,200,1.1,1.0,0.05,iid,1.0,50,132,7.724794367485531,0.8754033118486404,0.4730579014619192,0.7570422607933329,2.0729231869473175,1275.6496884441376,1000.0,0.30417007397337864,1.0,29987,382,152,63,8791.685848920746,0.0,0.6002290721471661,0.0,135.38102273380056,0.0,3.7102704328649185,1072.6293207228184,0.7017068582422593,0.0,135.38102273380056,0.0,6.1930347765896325,0.0,0.6002290721471661,0.0,6.1930347765896325,0.9497718422125229,0.7017068582422593,0.6002290721471661,7.671591288248698,498.1955314388423
noise-game,scale,mnist,42,500,200,1.1,1.0,0.05,iid,1.0,50,133,7.741694406179333,0.8749153097470601,0.4761620996395747,0.9166519613525264,2.5574041044010833,1333.4423259210587,1000.0,0.5559464707709101,1.0,30503,619,47,167,8411.106860685291,0.0,0.6002290721471661,0.0,135.3892561968635,0.0,4.563144908231847,464.45117032527924,0.7388198761379018,0.0,135.3892561968635,0.0,6.215172539100574,0.0,0.6002290721471661,0.0,6.215172539100574,0.9509336235189881,0.7388198761379018,0.6002290721471661,7.672057851155599,476.62938877216646
noise-game,scale,mnist,42,500,200,1.1,1.0,0.05,iid,1.0,50,134,7.741694406179333,0.8747499752044677,0.4810205868879954,0.9279587099788354,2.260368053118388,1345.6458839988709,1000.0,0.6960869956253826,1.0,30472,591,65,146,8441.744069820177,0.0,0.6002290721471663,0.0,135.3819844563802,0.0,2.5207365413506824,375.98947894096375,0.6825535813967387,0.0,135.3819844563802,0.0,6.241264363438406,0.0,0.6002290721471663,0.0,6.241264363438406,0.9331602662876934,0.6825535813967387,0.6002290721471663,6.76909922281901,422.08720349100895
noise-game,scale,mnist,42,500,200,1.1,1.0,0.05,iid,1.0,50,135,7.741694406179333,0.874611978729566,0.4782158489028613,0.9047152812377534,2.056282464663188,1363.6660432958604,1000.0,0.44744785675735904,1.0,30269,391,56,156,8249.706796393393,0.0,0.6002290721471663,0.0,135.54149068196614,0.0,3.225046157836914,404.59966969013215,0.6314201494057973,0.0,135.54149068196614,0.0,6.258087633045314,0.0,0.6002290721471663,0.0,6.258087633045314,0.9397325512323732,0.6314201494057973,0.6002290721471663,6.777074534098308,412.48533981966966
noise-game,scale,mnist,42,500,200,1.1,1.0,0.05,iid,1.0,50,136,7.785111002547088,0.874733978509903,0.47985401352246604,0.94954955281291,1.923928235967954,1381.828811531067,1000.0,0.6793005586477928,1.0,30325,462,88,119,9953.09767354201,0.0,0.6002290721471661,0.0,135.39488728841147,0.0,3.413386662801107,1092.5345316517353,0.6781061676641306,0.0,135.39488728841147,0.0,6.273825627765508,0.0,0.6002290721471661,0.0,6.273825627765508,0.9392436563853821,0.6781061676641306,0.6002290721471661,5.415795491536458,398.12390694168033
noise-game,scale,mnist,42,500,200,1.1,1.0,0.05,iid,1.0,50,137,7.909543825337474,0.8741523120800654,0.4845673147837321,0.8639834797539667,2.7977662086486816,1435.3886769104004,1000.0,0.612927632448856,1.0,30667,723,19,193,8507.879235012377,0.0,0.6002290721471661,0.0,135.5820285572725,0.0,8.314094571506276,26.512025904655456,0.7233454830506268,0.0,135.5820285572725,0.0,6.2952885522459505,0.0,0.6002290721471661,0.0,6.2952885522459505,0.9404452717681636,0.7233454830506268,0.6002290721471661,7.682981618245443,482.1131566507014
noise-game,scale,mnist,42,500,200,1.1,1.0,0.05,iid,1.0,50,138,7.909543825337474,0.8739366445938747,0.48417637139558795,0.9226773751775418,2.5977699023026686,1437.860453271866,1000.0,0.595442634344484,1.0,30189,350,96,113,9384.004484111214,0.0,0.6002290721471661,0.0,135.40809396597055,0.0,8.38761256291316,224.8073675584793,0.7292273136285635,0.0,135.40809396597055,0.0,6.3132911517345764,0.0,0.6002290721471661,0.0,6.3132911517345764,0.9433750629059944,0.7292273136285635,0.6002290721471661,5.867684071858724,406.64019431148597
noise-game,scale,mnist,42,500,200,1.1,1.0,0.05,iid,1.0,50,139,7.909543825337474,0.8736476437250773,0.4864229721824328,0.9211581439203922,2.4001064265475556,1458.7914370918274,1000.0,0.6062012592208607,1.0,30504,618,47,167,9547.807094974336,0.0,0.6002290721471661,0.0,135.52423993278953,0.0,4.7186629421570725,83.12249781489372,0.7133229374885559,0.0,135.52423993278953,0.0,6.335948022092753,0.0,0.6002290721471661,0.0,6.335948022092753,0.9422877062589918,0.7133229374885559,0.6002290721471661,7.679706929524739,541.0424020485456
noise-game,scale,mnist,42,500,200,1.1,1.0,0.05,iid,1.0,50,140,7.909543825337474,0.873900310198466,0.48650399297475816,0.9002391395154552,1.9559423544190147,1469.9077811193465,1000.0,0.3909218090871444,1.0,30224,231,30,177,10612.406202274045,0.0,0.6002290721471661,0.0,135.28198658336294,0.0,3.736101659861478,206.0970516061783,0.7590360316363248,0.0,135.28198658336294,0.0,6.349945549128782,0.0,0.6002290721471661,0.0,6.349945549128782,0.9460652286550614,0.7590360316363248,0.6002290721471661,4.960339508056641,389.12156075004833
noise-game,scale,mnist,42,500,200,1.1,1.0,0.05,iid,1.0,50,141,8.03397664812786,0.873407311240832,0.48911871910095217,0.8073074353748291,2.566275916993618,1484.261166472435,1000.0,0.40290226019592557,1.0,30126,337,85,128,9212.14327312469,0.0,0.6002290721471661,0.0,135.53030681610107,0.0,4.6830021142959595,901.8545868420601,0.7600363753736019,0.0,135.53030681610107,0.0,6.370137418749196,0.0,0.6002290721471661,0.0,6.370137418749196,0.952596705988771,0.7600363753736019,0.6002290721471661,7.228283030192057,491.3143078999834
