algorithm,attack_type,dataset,seed,n_nodes,n_attackers,noise_mult,clip_bound,sampling_rate,split_mode,dirichlet_alpha,start_round,round,epsilon,accuracy,test_loss,f1_score,mean_update_norm_honest,mean_update_norm_attacker,best_alpha,precision,recall,total_tp_all,total_fp_all,total_fn_all,total_tn_all,sigma_dp_honest,sigma_dp_attacker,trust_honest,trust_attacker,eps_n_honest,eps_n_attacker,nsr_honest,nsr_attacker,sigma_n_honest,sigma_n_attacker,noise_norm_honest,noise_norm_attacker,n_dp_norm_honest,n_dp_norm_attacker,krum_score_honest,krum_score_attacker,eps_avg,eps_std,avg_trust,avg_sigma_dp_precap,avg_n_dp_norm_postcap,avg_nsr
noise-game,scale,fashion_mnist,42,500,100,1.1,1.0,0.05,iid,1.0,50,0,1.9060445256894678,0.4576347377151251,1.9727922281622887,nan,0.5635412782430649,0.5640535992383957,1000.0,0.0,nan,0,10552,0,110,1.0,1.0,1.0,1.0,0.05718133577068404,1.906044525689468,959.2692011536615,959.8655770581192,1.0,1.0,225.4163589477539,225.6212565612793,225.4163589477539,225.6212565612793,0.6252379715442657,0.9493413174152374,0.4269539737544407,0.7946720006967081,1.0,1.0,50.53424392700195,214.99557623931173
noise-game,scale,fashion_mnist,42,500,100,1.1,1.0,0.05,iid,1.0,50,1,1.944340680556434,0.5716417348384857,1.706325060427189,nan,0.5999166934113753,0.9634616696834564,1000.0,0.0,nan,0,10850,0,114,1.0041713642446863,1.1128589916135827,0.9857365457635177,0.8759565895795822,0.13952257425594855,1.9366991246570924,1112.336226628929,1225.0399441417953,1.0041713642446863,1.1128589916135827,226.6093211926912,250.9303370666504,226.6093211926912,250.9303370666504,0.6157133767479345,1.6591611844301224,0.4989578843361773,0.8461780472407957,0.8934844817434039,1.0955055048908178,58.797221618652344,287.2767654402583
noise-game,scale,fashion_mnist,42,500,100,1.1,1.0,0.05,iid,1.0,50,2,2.0460317277155124,0.6214977335929871,1.4820750123262405,nan,0.602169793844223,1.527288327217102,1000.0,0.0,nan,0,10942,0,116,0.9824840135768456,1.0299527660702257,0.9976684927940369,0.949240807890892,0.23320122053834105,2.023574473088079,1190.5661395610218,1220.4788420424175,0.9824840135768456,1.0299527660702257,221.7323112487793,232.3420018005371,221.7323112487793,232.3420018005371,0.6051118075847626,1.8272574073076249,0.5912758710482886,0.9121430772360952,0.9573120887080828,1.022041307321329,55.33769281005859,291.7184139909244
noise-game,scale,fashion_mnist,42,500,100,1.1,1.0,0.05,iid,1.0,50,3,2.1775818827617455,0.6508469845354558,1.3060775017738342,nan,0.5842640775221365,2.0049935281276703,1000.0,0.0,nan,0,11477,0,123,0.9727059375520428,1.0110574465150142,0.9976707564459907,0.9581512701511383,0.3592811550594942,2.1431568960870755,1325.9643492797923,1315.7235660283995,0.9727059375520428,1.0110574465150142,219.35717829951534,228.02066879272462,219.35717829951534,228.02066879272462,0.6563036530106156,2.9943230652809145,0.7160563032650105,0.985941600507757,0.9665530507020125,1.0029039761055638,57.44942138671875,334.7467880667886
noise-game,scale,fashion_mnist,42,500,100,1.1,1.0,0.05,iid,1.0,50,4,2.339534230065903,0.673102733194828,1.176382281780243,nan,0.5696393118964301,2.4408842611312864,1000.0,0.0,nan,0,10803,0,113,0.9621763946920532,1.0026184062137153,0.9985564417309232,0.9564639604091645,0.44686399033743124,2.2822551256707713,1514.4394327971133,1447.6419858070187,0.9621763946920532,1.0026184062137153,217.01810540093317,226.08325927734376,217.01810540093317,226.08325927734376,0.5796715650293562,1.5067771124839782,0.8139422174040992,1.043995276772175,0.9628848473904497,0.9964492858121059,53.029303649902346,344.0482167420997
noise-game,scale,fashion_mnist,42,500,100,1.1,1.0,0.05,iid,1.0,50,5,2.450922381603684,0.6903877331316471,1.082180552482605,nan,0.6907740235328674,2.830943944454193,1000.0,0.0,nan,0,11468,0,112,0.9684225554518017,1.0013622959430495,0.9819253583749136,0.9472967612743378,0.5166683266119148,2.4140012984152124,1784.156712567018,1581.793610030331,0.9684225554518017,1.0013622959430495,218.40975697835287,226.04427261352538,218.40975697835287,226.04427261352538,0.5994703272978464,3.8100967955589295,0.8961349209725744,1.092285142703639,0.952579089645612,0.9963375897664182,53.07160577392578,380.58836365847884
noise-game,scale,fashion_mnist,42,500,100,1.1,1.0,0.05,iid,1.0,50,6,2.491692336138226,0.7021534821391106,1.011785826086998,nan,0.6731904281510247,3.197278232574463,1000.0,0.0,nan,0,10733,0,115,0.9689313366025166,0.9987165016522256,0.9711532957024045,0.9395263189077377,0.5880072769840694,2.469923063226064,2014.9580292856201,1671.840285298223,0.9689313366025166,0.9987165016522256,218.53299543592664,225.28143463134765,218.53299543592664,225.28143463134765,0.558963762389289,1.8301227617263793,0.9643904342324684,1.116093246024181,0.9443507729950598,0.9941730018988801,52.92347476196289,406.90654611392694
noise-game,scale,fashion_mnist,42,500,100,1.1,1.0,0.05,iid,1.0,50,7,2.537062132640696,0.7102907311916351,0.9578715935349464,nan,0.6410682743245905,3.5262603402137755,1000.0,0.0,nan,0,10932,0,118,0.9593447859734681,0.998865700936442,0.9710948683998801,0.9287083637714386,0.6786512562017414,2.5079048927569003,2262.830732161665,1701.8547559926571,0.9593447859734681,0.998865700936442,216.59021828391334,225.37837158203126,216.59021828391334,225.37837158203126,0.5496821403503418,2.4593730568885803,1.0445019835127731,1.1343473733090705,0.9363518318191904,0.9917389785660695,54.60564392089844,439.9355034136447
noise-game,scale,fashion_mnist,42,500,100,1.1,1.0,0.05,iid,1.0,50,8,2.580667257641605,0.716894981265068,0.9148864088952542,nan,0.6764869447107669,3.8697403407096864,1000.0,0.0,nan,0,11588,0,122,0.990666026790778,0.9898317534883233,0.9268243047926161,0.9277280622720718,0.7721808941904362,2.549299432471914,2588.5812564558587,1654.4973870451017,0.990666026790778,0.9898317534883233,223.40400978370948,223.45411544799805,223.40400978370948,223.45411544799805,0.5337009319552669,3.732056555747986,1.1276046018467318,1.1500749497589917,0.9275359248551797,0.9900091186786089,56.75463961791992,470.68286525763665
noise-game,scale,fashion_mnist,42,500,100,1.1,1.0,0.05,iid,1.0,50,9,2.633042732891819,0.7226382315158844,0.8796754917502403,nan,0.6779922991991043,4.178641777038575,1000.0,0.0,nan,0,11618,0,118,0.9859806126092531,0.9841872509827606,0.921165369451046,0.9231276196241379,0.8556157708958275,2.593050511076409,2803.240017469654,1564.9902684670099,0.9859806126092531,0.9841872509827606,222.5046272277832,222.07203964233398,222.5046272277832,222.07203964233398,0.6349573830763499,4.236077401638031,1.2031027189319439,1.1620540838390918,0.9227478292680555,0.9845343532330492,55.09463003540039,447.5535745319454
noise-game,scale,fashion_mnist,42,500,100,1.1,1.0,0.05,iid,1.0,50,10,2.708735056842882,0.7275157319009304,0.8505075818300247,nan,0.7484518761436144,4.48742591381073,1000.0,0.0,nan,0,11425,0,117,0.9493484400175104,0.9749588155563599,0.9508077129721642,0.9225038707256317,0.9476590673257616,2.6421393626436367,2936.961521285057,1440.4534486741925,0.9493484400175104,0.9749588155563599,214.20414352416992,219.90399963378906,214.20414352416992,219.90399963378906,0.6710283855597178,3.3247259998321534,1.2865551263893362,1.1721186985592826,0.9279820337410896,0.970001968677873,54.26259881591797,429.0648427565212
noise-game,scale,fashion_mnist,42,500,100,1.1,1.0,0.05,iid,1.0,50,11,2.7782710833554702,0.7321309810876846,0.8255908644199371,nan,0.8122959683338801,4.779511394500733,1000.0,0.0,nan,0,11771,0,119,0.9724957282879161,0.9659308479729957,0.9144243448972702,0.9217525768280029,1.0164940456008913,2.697810199483432,3204.7309979704164,1300.929701203811,0.9724957282879161,0.9659308479729957,219.28894488016763,217.95929763793944,219.28894488016763,217.95929763793944,0.7253712440530459,6.111859560012817,1.3527572763773992,1.1813658719912905,0.9203342093575385,0.9672014699694318,54.11772888183594,414.0130281433422
noise-game,scale,fashion_mnist,42,500,100,1.1,1.0,0.05,iid,1.0,50,12,2.873420175309413,0.7358967296779155,0.8043712851405144,nan,0.715378638194955,5.035417160987854,1000.0,0.0,nan,0,11960,0,118,0.9879470923219303,0.9603664900522908,0.8860927638800248,0.9171898061037064,1.0914290808303329,2.757541992315476,3454.513825272229,1180.0254228657964,0.9879470923219303,0.9603664900522908,222.79982459026834,216.71729721069335,222.79982459026834,216.71729721069335,0.5787064199862273,5.771001482009888,1.4246516631273616,1.1875236084259055,0.9113749120293594,0.9655238384441747,53.59225137329101,394.9127205356819
noise-game,scale,fashion_mnist,42,500,100,1.1,1.0,0.05,iid,1.0,50,13,2.9680104407617702,0.7398887310922145,0.7856692312657834,nan,0.8366243332624436,5.279873948097229,1000.0,0.0,nan,0,10436,0,116,0.9697703419958449,0.9540218521696944,0.8955980092287064,0.9135328364372254,1.1365529310572837,2.823633435482448,3568.173733503968,1071.6938148411384,0.9697703419958449,0.9540218521696944,218.67208557128907,215.20658737182617,218.67208557128907,215.20658737182617,0.5121504411101341,7.227138303518295,1.4739690319423167,1.197370514541114,0.9105436985691389,0.956646600474053,51.7882008972168,357.0657123083864
noise-game,scale,fashion_mnist,42,500,100,1.1,1.0,0.05,iid,1.0,50,14,3.045043820273931,0.7433102297782898,0.7693134737014771,nan,0.8031928082307179,5.429713048934937,1000.0,0.0,nan,0,10787,0,111,0.9462498369377851,0.9591084255475241,0.9115536053975423,0.8967627078294754,1.189122145247549,2.8883955701814354,3629.1130202017594,989.4858549026023,0.9462498369377851,0.9591084255475241,213.63080647786458,216.3201075744629,213.63080647786458,216.3201075744629,0.47927278677622476,1.5395778799057007,1.528976830234326,1.204882788856611,0.8986919553383537,0.9574312183375582,49.672945709228514,306.7705615865732
noise-game,scale,fashion_mnist,42,500,100,1.1,1.0,0.05,iid,1.0,50,15,3.143941477523299,0.7461762312054634,0.7552802036702633,nan,0.8307693458738781,5.6151106071472165,1000.0,0.0,nan,0,10853,0,115,0.9702787169342104,0.9562318290496076,0.8726969616753715,0.889017117023468,1.2424369891912663,2.9592080770267337,3891.965130285502,923.9612149008116,0.9702787169342104,0.9562318290496076,218.9291519891648,215.58468429565428,218.9291519891648,215.58468429565428,0.46814772202855065,2.4321667850017548,1.5857912067583597,1.2125660695135807,0.8861846933680132,0.9586697186824726,52.31196124267578,348.2547784521535
noise-game,scale,fashion_mnist,42,500,100,1.1,1.0,0.05,iid,1.0,50,16,3.3084493390494973,0.7488377316296101,0.7426465205848217,nan,1.0083929017186164,5.805662541389466,1000.0,0.0,nan,0,11696,0,114,0.9630716248376932,0.9506366833022102,0.8698249787092209,0.8844175177812577,1.275022745125432,3.0342711199887678,4015.417765429448,866.7042458527183,0.9630716248376932,0.9506366833022102,217.09433822631837,214.4134426879883,217.09433822631837,214.4134426879883,0.9383880659937859,10.67049280643463,1.626872420098099,1.227132512335645,0.8819854279359182,0.952709173558124,51.56646206665039,333.9575597877216
noise-game,scale,fashion_mnist,42,500,100,1.1,1.0,0.05,iid,1.0,50,17,3.468119430100983,0.7516239804029464,0.7309614525735378,nan,0.7084090361992518,5.967643222808838,1000.0,0.0,nan,0,10687,0,115,0.9636545930603576,0.9469501132296547,0.8577755358484056,0.8775754368305206,1.3351772884421513,3.1152641387677558,4190.362507109996,817.0471494668386,0.9636545930603576,0.9469501132296547,217.60164727105035,213.53658660888672,217.60164727105035,213.53658660888672,0.46257195042239296,2.4268453121185303,1.6911946585072724,1.2333574815182498,0.8745551129518929,0.9494982542207792,50.54097662353516,314.26248014932753
noise-game,scale,fashion_mnist,42,500,100,1.1,1.0,0.05,iid,1.0,50,18,3.5171678777683315,0.7539982317388058,0.7209302513301372,nan,0.8597102732885451,6.079964528083801,1000.0,0.0,nan,0,11040,0,116,0.9787958190617905,0.947550965947284,0.8281686504681905,0.8655755311250687,1.3846992328291337,3.1958665082930673,4365.696787369522,776.3398579392357,0.9787958190617905,0.947550965947284,220.9000273204985,213.70614791870116,220.9000273204985,213.70614791870116,0.5678763063181014,3.051419824361801,1.7469326879219202,1.2419552891309678,0.8590834278705691,0.9529736264051736,52.01903073120117,338.627236657367
noise-game,scale,fashion_mnist,42,500,100,1.1,1.0,0.05,iid,1.0,50,19,3.5475801020981987,0.7563069798052311,0.7114031080901623,nan,0.8385953423049715,6.156487016677857,1000.0,0.0,nan,0,11156,0,114,0.9547871528001539,0.950433959275352,0.8454240196281009,0.850688117146492,1.434084642353011,3.2681008266632743,4399.473432624985,741.1805833213579,0.9547871528001539,0.950433959275352,215.26163906521268,214.326787109375,215.26163906521268,214.326787109375,0.43247704870171017,5.5802742910385135,1.8008878792150638,1.2471233184799093,0.8498851192199578,0.9510980057452372,50.614776428222655,306.6171602387711
noise-game,scale,fashion_mnist,42,500,100,1.1,1.0,0.05,iid,1.0,50,20,3.584251479323516,0.7583259803056717,0.7030179902911187,nan,0.731556315313686,6.214026508331298,1000.0,0.0,nan,0,11150,0,116,0.9371873815035842,0.9535727134786106,0.8553167473186146,0.8353036576509476,1.4937810026138185,3.335398279657874,4562.149048318103,719.4553428238797,0.9371873815035842,0.9535727134786106,211.45919453014028,215.17659637451172,211.45919453014028,215.17659637451172,0.56596185808832,2.721628484725952,1.8621044580226296,1.2488979252198764,0.8389125754598712,0.9506179814831142,52.339523834228515,344.62562669077255
noise-game,scale,fashion_mnist,42,500,100,1.1,1.0,0.05,iid,1.0,50,21,3.62308253010945,0.7601734812557698,0.6953715604543685,nan,0.8144960820674896,6.243141794204712,1000.0,0.0,nan,0,10623,0,111,0.9467872867162235,0.958027074125347,0.8319692969322204,0.8181030178070068,1.5253942515029895,3.394415913360935,4742.476145681429,700.5517140376418,0.9467872867162235,0.958027074125347,213.2117665608724,216.0185806274414,213.2117665608724,216.0185806274414,0.5164184590180715,1.8157866883277893,1.8991985838745784,1.2555472187922208,0.8199116629102956,0.9565610148980699,49.60006912231445,282.38462717797125
noise-game,scale,fashion_mnist,42,500,100,1.1,1.0,0.05,iid,1.0,50,22,3.6577936137702682,0.761900729984045,0.688038050532341,nan,0.888145633365797,6.356980180740356,1000.0,0.0,nan,0,11229,0,117,0.9700272961166935,0.952124821207248,0.7912715582743935,0.813579415678978,1.5731410025847397,3.4541319616368042,4825.741802539868,671.8334665601923,0.9700272961166935,0.952124821207248,218.72134598441747,214.79184127807616,218.72134598441747,214.79184127807616,0.5334871618644051,5.220838284492492,1.9493391943951526,1.2580283721019618,0.809408027709015,0.9554724384667378,53.01955017089844,356.3508162288724
noise-game,scale,fashion_mnist,42,500,100,1.1,1.0,0.05,iid,1.0,50,23,3.6867561167546516,0.763880981206894,0.681531567722559,nan,0.7804180085659027,6.317140254974365,1000.0,0.0,nan,0,10831,0,113,0.9617514461862743,0.9606628146685757,0.7895396202802658,0.7909097719192505,1.6275696561687363,3.50337318744298,4799.682096202709,656.0285551390743,0.9617514461862743,0.9606628146685757,217.01244269476996,216.76972152709962,217.01244269476996,216.76972152709962,0.39081565539042157,2.4970894718170165,2.002730362423585,1.2543203519677202,0.7907007657370325,0.9608288771034791,51.16639224243164,303.9942664911124
noise-game,scale,fashion_mnist,42,500,100,1.1,1.0,0.05,iid,1.0,50,24,3.7079750145493118,0.7655212301015853,0.6753219467401504,nan,0.8089035796491724,6.385403707027435,1000.0,0.0,nan,0,10916,0,116,0.9587610203590049,0.9570896275530457,0.7811758675073323,0.783300624191761,1.6764521029535413,3.5510441071095395,5086.580180762334,638.670531569464,0.9587610203590049,0.9570896275530457,216.122802734375,215.9861296081543,216.122802734375,215.9861296081543,0.40667475054138585,5.644833779335022,2.0513705037847414,1.2519341976241498,0.78296137732618,0.9573564885892912,51.40989242553711,321.0241531828614
noise-game,scale,fashion_mnist,42,500,100,1.1,1.0,0.05,iid,1.0,50,25,3.7397889225980157,0.7668577298521996,0.6699303780496121,nan,0.6742872446775436,6.447819786071777,1000.0,0.0,nan,0,10683,0,111,0.8843101032505957,0.9532158981266161,0.8645233511924744,0.776046559214592,1.733722008487629,3.589832586273998,4782.1526590018275,626.5272487808937,0.8843101032505957,0.9532158981266161,199.40581512451172,214.9584632873535,199.40581512451172,214.9584632873535,0.4140107844557081,1.3101603609323502,2.104944124044903,1.2442675597066266,0.7869121301592442,0.9447537829664031,48.57505548095703,259.2057242082299
noise-game,scale,fashion_mnist,42,500,100,1.1,1.0,0.05,iid,1.0,50,26,3.777480726456681,0.7683082309365272,0.6644252987205982,nan,0.7375722527503967,6.354021193981171,1000.0,0.0,nan,0,10312,0,114,0.981805040218724,0.9627863813638851,0.7266675041002386,0.7513333749771118,1.777465773769339,3.622843873545215,5321.4283694852975,608.3950102052182,0.981805040218724,0.9627863813638851,221.8063991771025,217.1615771484375,221.8063991771025,217.1615771484375,0.41572776612113505,4.104839963912964,2.146541393724514,1.2395052394594854,0.747749445020643,0.9655497762402291,50.973733001708986,302.6075666035437
noise-game,scale,fashion_mnist,42,500,100,1.1,1.0,0.05,iid,1.0,50,27,3.806955703307726,0.7697632296383381,0.659668006002903,nan,0.7817131786242776,6.144233021736145,1000.0,0.0,nan,0,10581,0,119,0.949905585602107,0.9812511349257375,0.7556574513082919,0.7145958960056304,1.8295127980829662,3.6508182398806235,5318.398365490357,601.8528019511215,0.949905585602107,0.9812511349257375,214.1725782311481,221.4047557067871,214.1725782311481,221.4047557067871,0.36808264903400256,3.2676037713885306,2.193773886442498,1.2297489490484157,0.7222740730134453,0.9753897720440831,54.13288973999023,365.01688520278077
noise-game,scale,fashion_mnist,42,500,100,1.1,1.0,0.05,iid,1.0,50,28,3.83229193350963,0.7710572302341461,0.6550237385928631,nan,0.7445307179139211,6.2217674684524535,1000.0,0.0,nan,0,11524,0,122,0.9192365972279349,0.9730835456715677,0.7837306536160983,0.712484150826931,1.8935596007363222,3.679012181826045,5135.406975776674,594.4064319861118,0.9192365972279349,0.9730835456715677,207.31349416879507,219.40728118896484,207.31349416879507,219.40728118896484,0.47417041200857896,3.8342167031764984,2.2506501169542665,1.2171032587559956,0.7271858101326322,0.9619722705958975,54.66175793457031,385.92244913760936
noise-game,scale,fashion_mnist,42,500,100,1.1,1.0,0.05,iid,1.0,50,29,3.861987509068662,0.7722317311167717,0.6506908525526524,nan,0.713848642177052,6.161369602680207,1000.0,0.0,nan,0,10672,0,112,0.9476990718089157,0.9761398117313772,0.7334689100583395,0.6954599234461785,1.9235691533668777,3.707121424038229,5441.967745324744,586.7059316461167,0.9476990718089157,0.9761398117313772,214.0634994506836,220.18033325195313,214.0634994506836,220.18033325195313,0.36769704189565444,1.338274866938591,2.2802796075011478,1.2146849776431021,0.7012579044548132,0.9718013937771032,51.74235263061524,313.2520251609141
noise-game,scale,fashion_mnist,42,500,100,1.1,1.0,0.05,iid,1.0,50,30,3.9014609089190575,0.7733994795382023,0.6466892404854298,nan,0.7751439488851107,6.168817420005798,1000.0,0.0,nan,0,10982,0,124,0.9326335442436953,0.9727900801105386,0.741076396061824,0.6868707424402237,1.983214890301199,3.7333389763415776,5488.139653254272,580.3584611340349,0.9326335442436953,0.9727900801105386,210.30213928222656,219.60049530029298,210.30213928222656,219.60049530029298,0.278703032204738,1.535046843290329,2.333239707509275,1.2015943966612679,0.6980560360446809,0.964503810804682,54.855810302734376,401.4549541960291
noise-game,scale,fashion_mnist,42,500,100,1.1,1.0,0.05,iid,1.0,50,31,3.9268320619465475,0.7745392297208309,0.6427349036931992,nan,1.004739035578335,6.040448255538941,1000.0,0.0,nan,0,10727,0,111,0.9276679879371074,0.9798666086773273,0.7351941676700816,0.664025257229805,2.0076185445686265,3.757163614314061,5398.187975787041,568.9045284101842,0.9276679879371074,0.9798666086773273,209.34038947610293,220.9959912109375,209.34038947610293,220.9959912109375,0.5901261690784904,2.069267965555191,2.3575275585177136,1.2006632328884788,0.6743660390886486,0.972282193697979,51.316771484375,297.31929685879624
noise-game,scale,fashion_mnist,42,500,100,1.1,1.0,0.05,iid,1.0,50,32,3.958134922332725,0.775510729700327,0.6393070445954799,nan,0.8488591216504574,5.961704065799713,1000.0,0.0,nan,0,11323,0,117,0.9131024124364527,0.9820404534922875,0.742541316151619,0.6476048257946968,2.058445775658742,3.7790166971070054,5393.002659753485,567.2094168162321,0.9131024124364527,0.9820404534922875,206.011083984375,221.49455764770508,206.011083984375,221.49455764770508,0.27089462578296664,4.179506859779358,2.402559959948394,1.1882903865403847,0.6634275741875172,0.9705507799829817,52.539354888916016,329.1619897533859
noise-game,scale,fashion_mnist,42,500,100,1.1,1.0,0.05,iid,1.0,50,33,4.000719486081567,0.7765467312932014,0.6359716117382049,nan,0.9331520290838348,5.877285797595977,1000.0,0.0,nan,0,10689,0,113,0.9259644687752494,0.9839554381220189,0.7120129358437326,0.6313493457436562,2.0905083774069317,3.8006533176316135,5597.8859081812625,561.844121086746,0.9259644687752494,0.9839554381220189,208.6542731391059,221.9733413696289,208.6542731391059,221.9733413696289,0.30041860044002533,3.1477602314949036,2.432537365451868,1.1821240358803728,0.6436539611826508,0.9751093580521729,51.90622210693359,313.89271691187463
noise-game,scale,fashion_mnist,42,500,100,1.1,1.0,0.05,iid,1.0,50,34,4.043568288667389,0.7774712298810482,0.6328199933469295,nan,0.9196522831916809,5.898955376148224,1000.0,0.0,nan,0,11802,0,124,0.934203493677253,0.9772509164241677,0.6874930524620516,0.6270136795938015,2.12714444985317,3.8235012376026076,5619.130480288713,552.8826092983508,0.934203493677253,0.9772509164241677,211.00933416958512,220.3597817993164,211.00933416958512,220.3597817993164,0.3724939576510725,7.366427855491638,2.4664158074030578,1.1774068172780934,0.6406098176804624,0.9675735888299002,56.310497741699216,436.48608971641545
noise-game,scale,fashion_mnist,42,500,100,1.1,1.0,0.05,iid,1.0,50,35,4.096253170405897,0.7783204807341099,0.6298563715815544,nan,0.93402293138206,5.6983852708339695,1000.0,0.0,nan,0,10994,0,112,0.9176251723799898,0.9867251900866174,0.6978278961032629,0.5997703033685684,2.1615669062260565,3.845963774109537,5600.8572145216385,548.7038049593295,0.9176251723799898,0.9867251900866174,206.9480972290039,222.496923828125,206.9480972290039,222.496923828125,0.4062054920941591,3.3101786947250367,2.4984462798027525,1.1711281551525428,0.6132954885733539,0.9771941531615651,51.121723876953126,288.9681918565583
noise-game,scale,fashion_mnist,42,500,100,1.1,1.0,0.05,iid,1.0,50,36,4.171252844837775,0.7789107301831245,0.6272876785695553,nan,0.7585750086741014,5.698850011825561,1000.0,0.0,nan,0,10913,0,117,0.8630264607980681,0.9807354870730091,0.7629987881942228,0.5942829784750938,2.2237372577972354,3.8676981396803223,5459.679329453402,546.7049083011611,0.8630264607980681,0.9807354870730091,194.70139936967328,221.1586541748047,194.70139936967328,221.1586541748047,0.3448509479110891,1.448256275355816,2.5525294341738527,1.1512275096276963,0.6247071408834614,0.9595092692201508,52.798592407226565,349.56687215618194
noise-game,scale,fashion_mnist,42,500,100,1.1,1.0,0.05,iid,1.0,50,37,4.259771620011398,0.7798097304999828,0.6247344328463078,nan,0.8550474366971424,5.591041209697724,1000.0,0.0,nan,0,10513,0,109,0.8686351771049304,0.982275736765242,0.7424467865909848,0.5779254147410393,2.267450337884753,3.8897577215257737,5541.164819948897,537.6374083027667,0.8686351771049304,0.982275736765242,195.73983546665735,221.54947387695313,195.73983546665735,221.54947387695313,0.36906734321798595,2.1710145181417464,2.591911814612957,1.13974332223461,0.5981297937401554,0.9683198785613442,49.79061016845703,262.6800966191225
noise-game,scale,fashion_mnist,42,500,100,1.1,1.0,0.05,iid,1.0,50,38,4.303083175079712,0.7804262299835681,0.6223024027049542,nan,0.9254822502844036,5.377338562011719,1000.0,0.0,nan,0,11912,0,128,0.9562305833360877,0.9907408766141371,0.60171875404194,0.5512548840045929,2.2909000183330352,3.910374493594677,6062.43425208704,535.6446614160521,0.9562305833360877,0.9907408766141371,215.58553838729858,223.61078872680665,215.58553838729858,223.61078872680665,0.5473944661207497,9.180203938484192,2.6147949133853636,1.1408683328117972,0.5634885494681922,0.9823747449103675,58.519632202148436,495.12472441678096
noise-game,scale,fashion_mnist,42,500,100,1.1,1.0,0.05,iid,1.0,50,39,4.340619518943759,0.7812889803946018,0.6196534051001072,nan,0.7164701975882053,5.270096060037613,1000.0,0.0,nan,0,11078,0,116,0.9136805046615422,0.9911894674672415,0.6505114428699017,0.5360321934521198,2.327832172213694,3.9310266508744447,5734.898911420062,540.6735143025354,0.9136805046615422,0.9911894674672415,206.21647415161132,223.55313690185548,206.21647415161132,223.55313690185548,0.29803507328033446,2.4232343995571135,2.6484710679458443,1.1324853971954285,0.5551120683550834,0.9782713069996251,52.95928634643555,337.53065931730964
noise-game,scale,fashion_mnist,42,500,100,1.1,1.0,0.05,iid,1.0,50,40,4.387616990406908,0.7818112318217755,0.6178127901256084,nan,0.8623429064949354,5.3255154275894165,1000.0,0.0,nan,0,11386,0,120,0.9120075819709782,0.9802052223811658,0.6394445647795995,0.5377056404948235,2.36755770818394,3.954045008243083,5770.706646245261,533.2990058834886,0.9120075819709782,0.9802052223811658,205.7978801727295,221.0668637084961,205.7978801727295,221.0668637084961,0.37041133269667625,4.397196776866913,2.6848551681957686,1.1246088787900235,0.5573970451951027,0.967005679075968,54.091670989990234,383.65372019647026
noise-game,scale,fashion_mnist,42,500,100,1.1,1.0,0.05,iid,1.0,50,41,4.425423609384981,0.7828077302873134,0.6154762774705886,nan,1.0549856046835582,5.1609770917892455,1000.0,0.0,nan,0,11700,0,124,0.9023600699734969,0.9838660709477769,0.6403077979882558,0.5174931061267852,2.403996391941312,3.9759370484978156,5834.101789674728,527.3676327090612,0.9023600699734969,0.9838660709477769,203.45893096923828,221.9145314025879,203.45893096923828,221.9145314025879,0.3805578475197156,5.4666779470443725,2.7183845232526127,1.1199438273632278,0.545834958094817,0.9650569937998661,56.590442138671875,455.51963392229595
noise-game,scale,fashion_mnist,42,500,100,1.1,1.0,0.05,iid,1.0,50,42,4.453985786591802,0.7830912306904793,0.6137411744892597,nan,0.7742222810492796,4.905760848522187,1000.0,0.0,nan,0,10793,0,111,0.858687303465114,0.9929978988842306,0.693110935828265,0.4886953730881214,2.4424754711883128,3.996812143059777,5711.35163194436,527.904147175972,0.858687303465114,0.9929978988842306,193.8244655833525,223.996388092041,193.8244655833525,223.996388092041,0.46786565640393424,2.4063220763206483,2.7533428055626055,1.1102194173334585,0.5183967796401081,0.9734826841652134,51.38930944824219,299.7667849213026
noise-game,scale,fashion_mnist,42,500,100,1.1,1.0,0.05,iid,1.0,50,43,4.6201033593564445,0.7838272295892239,0.6116853111982345,nan,0.9268806433677673,4.906623013019562,1000.0,0.0,nan,0,11198,0,122,0.8419620036545412,0.9850409053453401,0.705687575340271,0.4857384572550654,2.4868261987718445,4.018435010492801,5580.8461965149045,530.2346651357022,0.8419620036545412,0.9850409053453401,189.84890258789062,222.30396713256835,189.84890258789062,222.30396713256835,0.344583705663681,2.388955330848694,2.793147961116036,1.1032217641172373,0.5297282808721065,0.9564251250071804,53.9532385559082,385.0892428528857
noise-game,scale,fashion_mnist,42,500,100,1.1,1.0,0.05,iid,1.0,50,44,4.6201033593564445,0.7843467299640179,0.6099031643569469,nan,0.9443236523204379,4.766399934887886,1000.0,0.0,nan,0,10970,0,122,0.8591730900707695,0.9858971123789891,0.665955741096426,0.469190436899662,2.544799904215507,4.039966235986097,5701.194751830033,523.5956730376595,0.8591730900707695,0.9858971123789891,193.8021777117694,222.4699969482422,193.8021777117694,222.4699969482422,0.5346223700929571,2.969473730921745,2.8438331705696256,1.0887975318161631,0.5110224307052732,0.958955784801651,54.959316986083984,412.5836512063536
noise-game,scale,fashion_mnist,42,500,100,1.1,1.0,0.05,iid,1.0,50,45,4.6201033593564445,0.7848139800131321,0.6083495275676251,nan,1.0430513685941696,4.6424411618709565,1000.0,0.0,nan,0,11697,0,121,0.889268283918959,0.9854942426960975,0.6053497141599655,0.4544373704493046,2.5602228264381695,4.061858012752966,5965.2639397989915,519.1013788576146,0.889268283918959,0.9854942426960975,200.6065216064453,222.4230648803711,200.6065216064453,222.4230648803711,0.3847614002227783,11.365685467720033,2.8605498637011286,1.093693490964611,0.48461983919143675,0.9662490509406698,54.514939056396486,402.0834727614725
noise-game,scale,fashion_mnist,42,500,100,1.1,1.0,0.05,iid,1.0,50,46,4.6418344701202585,0.7855622293055058,0.6064599825441838,nan,1.0197326229264339,4.427866716980934,1000.0,0.0,nan,0,10713,0,109,0.8576846380075545,0.9903735273016756,0.6413640776028235,0.4311750599741936,2.5852109188501275,4.082974233739271,5799.977588717538,519.2338954030259,0.8576846380075545,0.9903735273016756,193.4205790201823,223.29205200195312,193.4205790201823,223.29205200195312,0.7808097700277964,3.746902596950531,2.884763581827957,1.092586756573692,0.4585910187953192,0.9730662808720074,50.4610277709961,277.84610674213127
noise-game,scale,fashion_mnist,42,500,100,1.1,1.0,0.05,iid,1.0,50,47,4.7464023579153265,0.7858017286658288,0.6052298650145531,nan,1.0614884666034154,4.2991803109645845,1000.0,0.0,nan,0,12091,0,123,0.8660234335863288,0.989617170957264,0.6143675350717136,0.416618272960186,2.6397906002272045,4.104817817069238,5775.483674400716,523.2040599981472,0.8660234335863288,0.989617170957264,195.42895017351424,223.3688836669922,195.42895017351424,223.3688836669922,0.3175529720527785,9.53697643995285,2.9327960435956113,1.0830963400010993,0.45987592404708266,0.9625810409073718,55.617797943115235,428.0678977660695
noise-game,scale,fashion_mnist,42,500,100,1.1,1.0,0.05,iid,1.0,50,48,4.7464023579153265,0.7863444803655147,0.6036968879401684,nan,1.1444347966462374,4.2001018679142,1000.0,0.0,nan,0,10418,0,110,0.8568946538163325,0.9868631925585849,0.6151944845914841,0.4051556560397148,2.6552689810242276,4.126642275120436,5803.424022344822,521.0483642605243,0.8568946538163325,0.9868631925585849,193.4151611328125,222.57550720214843,193.4151611328125,222.57550720214843,0.5954388584941626,2.9788495075702666,2.949543639843469,1.0881524544230983,0.43412652894340714,0.9689364975596535,50.70438659667969,289.9192415671392
noise-game,scale,fashion_mnist,42,500,100,1.1,1.0,0.05,iid,1.0,50,49,5.021730474964191,0.7868142299354076,0.6022960646450519,nan,1.1461891802027822,3.7908608001470565,1000.0,0.0,nan,0,10621,0,111,0.8415096284234332,1.0022302165274508,0.626390184275806,0.3640433614328504,2.668414071841272,4.146385074869578,5637.211467356431,518.7737139158304,0.8415096284234332,1.0022302165274508,189.9570598602295,225.98944412231447,189.9570598602295,225.98944412231447,0.7909835666650906,0.6441461933217942,2.9640082724469337,1.0966040934189625,0.4002291301008442,0.9800618595475865,51.27651473999023,284.1455097385719
noise-game,scale,fashion_mnist,42,500,100,1.1,1.0,0.05,iid,1.0,50,50,5.074807043784342,0.7871717309951782,0.601165769547224,0.9159418950996896,0.9650399770055499,2.1824287497997283,1000.0,0.4895453946309277,1.0,10579,728,0,115,0.8576686849601588,0.0,0.585943395892779,0.0,2.708118414515953,0.0,5676.162624946478,0.0,0.8576686849601588,0.0,193.4425811767578,0.0,193.4425811767578,0.0,0.4390286249773843,3.7353202784061432,2.708118414515953,1.0299453839128871,0.585943395892779,0.8576686849601588,10.155735511779785,297.9985378096901
noise-game,scale,fashion_mnist,42,500,100,1.1,1.0,0.05,iid,1.0,50,51,5.189122391698059,0.7875647301971912,0.5998851577937603,0.8907067101726476,1.1018943032797646,2.1630555415153503,1000.0,0.482897742777046,1.0,10384,476,0,112,0.8414143787003858,0.0,0.5988000438493841,0.0,2.7360474874637783,0.0,5754.142042641342,0.0,0.8414143787003858,0.0,189.81453031652114,0.0,189.81453031652114,0.0,0.8813782579758588,3.7798592805862428,2.7360474874637783,1.0310323783569595,0.5988000438493841,0.8414143787003858,8.067117538452148,244.55103681225708
noise-game,scale,fashion_mnist,42,500,100,1.1,1.0,0.05,iid,1.0,50,52,5.194253122102357,0.7879399798810482,0.5988428474962711,0.868364181407053,1.0712180540842169,2.1550164997577665,1000.0,0.33026897666087307,1.0,10184,298,0,114,0.8113001857002983,0.0,0.6365002902115092,0.0,2.772584729484631,0.0,5473.97230487941,0.0,0.8113001857002983,0.0,183.08850187413833,0.0,183.08850187413833,0.0,0.4214242731823641,2.0996571362018583,2.772584729484631,1.0306927383812314,0.6365002902115092,0.8113001857002983,7.781261329650879,232.64382295737494
noise-game,scale,fashion_mnist,42,500,100,1.1,1.0,0.05,iid,1.0,50,53,5.194253122102357,0.7884074790775776,0.5976096239686012,0.8807672849948216,0.9030516793330511,2.144540001153946,1000.0,0.6669543288918763,1.0,10588,704,0,114,0.8431916218817538,0.0,0.5685716536309984,0.0,2.8040087245453402,0.0,5839.329232214234,0.0,0.8431916218817538,0.0,190.0008299085829,0.0,190.0008299085829,0.0,0.5230339078439606,8.423040628433228,2.8040087245453402,1.0315362911878592,0.5685716536309984,0.8431916218817538,8.550037345886231,262.76981544964053
noise-game,scale,fashion_mnist,42,500,100,1.1,1.0,0.05,iid,1.0,50,54,5.194253122102357,0.7888414791226387,0.5966773000359535,0.9083821177172989,0.9939098851038859,2.1880493009090425,1000.0,0.4499817417873829,1.0,10701,943,0,122,0.8721737829860261,0.0,0.5033438033782519,0.0,2.8231587201823243,0.0,6018.425504033192,0.0,0.8721737829860261,0.0,196.98509509746845,0.0,196.98509509746845,0.0,0.43299233798797315,6.306055958271027,2.8231587201823243,1.03533940614145,0.5033438033782519,0.8721737829860261,12.80403118133545,391.1976577621574
noise-game,scale,fashion_mnist,42,500,100,1.1,1.0,0.05,iid,1.0,50,55,5.194253122102357,0.788834230452776,0.596120558232069,0.8987750952186496,1.0412965397040048,2.140977236032486,1000.0,0.32889140250430576,1.0,10027,249,65,47,0.8187256297753064,0.0,0.5809413313865661,0.0,2.8406556960581475,0.0,5617.858753703601,0.0,0.8187256297753064,0.0,184.49770914713542,0.0,184.49770914713542,0.0,0.4049684147040049,3.504549045562744,2.8406556960581475,1.0412870481347007,0.5809413313865661,0.8187256297753064,6.918664093017578,210.66970326388505
noise-game,scale,fashion_mnist,42,500,100,1.1,1.0,0.05,iid,1.0,50,56,5.230932639938371,0.7897032305598259,0.5941592712700366,0.9281831810205711,0.7302495849629244,2.937387856245041,1000.0,0.36480811261513013,1.0,10111,193,15,93,0.825719522876292,0.0,0.5586692492167155,0.0,2.863720702926811,0.0,5686.289594746377,0.0,0.825719522876292,0.0,186.3288942972819,0.0,186.3288942972819,0.0,0.34985943262775737,0.9697204619646073,2.863720702926811,1.0389166123963824,0.5586692492167155,0.825719522876292,5.589866828918457,170.5886878423913
noise-game,scale,fashion_mnist,42,500,100,1.1,1.0,0.05,iid,1.0,50,57,5.2606088041605705,0.7896512293815613,0.5939158317446709,0.9358719767476587,0.7791050098836422,3.047162309885025,1000.0,0.28345616913346605,1.0,10419,678,0,121,0.7589028997321321,0.0,0.6727846771478653,0.0,2.9584302077934717,0.0,5572.769418975063,0.0,0.7589028997321321,0.0,171.19817749023437,0.0,171.19817749023437,0.0,0.23496187835931778,2.7896257781982423,2.9584302077934717,1.023450691069976,0.6727846771478653,0.7589028997321321,10.699886093139648,348.2980886859414
noise-game,scale,fashion_mnist,42,500,100,1.1,1.0,0.05,iid,1.0,50,58,5.2606088041605705,0.7901349802315235,0.5928383313119412,0.9115441424091099,0.9429372747739156,3.0292302453517914,1000.0,0.37518678050058113,1.0,10663,963,0,122,0.7907926783803048,0.0,0.5929496034427926,0.0,3.019674498593418,0.0,5880.833829683053,0.0,0.7907926783803048,0.0,178.27569410536023,0.0,178.27569410536023,0.0,0.5275641122349987,6.823486132621765,3.019674498593418,1.0200293562060436,0.5929496034427926,0.7907926783803048,12.033609352111817,396.956283503606
noise-game,scale,fashion_mnist,42,500,100,1.1,1.0,0.05,iid,1.0,50,59,5.2606088041605705,0.7903574801981449,0.5921577316522598,0.9217259699024801,0.7989489510655403,3.0521568489074706,1000.0,0.4763638869391923,1.0,10478,606,0,116,0.8378804062877098,0.0,0.49261376820504665,0.0,3.0509908934039176,0.0,5909.749044305238,0.0,0.8378804062877098,0.0,189.0045593261719,0.0,189.0045593261719,0.0,0.3904307600110769,6.11496593952179,3.0509908934039176,1.0141178840011031,0.49261376820504665,0.8378804062877098,9.450227966308594,295.48745221526195
noise-game,scale,fashion_mnist,42,500,100,1.1,1.0,0.05,iid,1.0,50,60,5.2606088041605705,0.7905689792335033,0.5916293135285378,0.9268813572969605,1.0223543521235972,3.0419627726078033,1000.0,0.5622275682260373,1.0,10479,572,0,111,0.8151955497444456,0.0,0.5146168628159691,0.0,3.0737020445335395,0.0,5884.332255497553,0.0,0.8151955497444456,0.0,183.89297305836396,0.0,183.89297305836396,0.0,0.36053556028534384,3.622136311531067,3.0737020445335395,1.0231276003787642,0.5146168628159691,0.8151955497444456,7.8154513549804685,250.08412085864597
noise-game,scale,fashion_mnist,42,500,100,1.1,1.0,0.05,iid,1.0,50,61,5.316298322484005,0.7906159807741642,0.5913245709240437,0.8799689313067771,1.0641428530216217,3.074502600431442,1000.0,0.39143717265545164,1.0,10395,545,0,114,0.7578885034404967,0.0,0.6161771942126123,0.0,3.122511605019548,0.0,5557.085257420725,0.0,0.7578885034404967,0.0,171.042430676912,0.0,171.042430676912,0.0,0.45782940638692754,3.206638617515564,3.122511605019548,1.0177841243116998,0.6161771942126123,0.7578885034404967,8.12451545715332,263.96154972748445
noise-game,scale,fashion_mnist,42,500,100,1.1,1.0,0.05,iid,1.0,50,62,5.316298322484005,0.7911397302150727,0.5902346190810204,0.9021612271520039,0.9745855236595328,3.0561505901813506,1000.0,0.3411754377086591,1.0,10355,549,0,118,0.7652976542187946,0.0,0.587892426008528,0.0,3.17512267653253,0.0,5592.769028167436,0.0,0.7652976542187946,0.0,172.7965191927823,0.0,172.7965191927823,0.0,0.345008756626736,4.750631394386292,3.17512267653253,1.0117723149372349,0.587892426008528,0.7652976542187946,9.503808555603028,307.6022965492089
noise-game,scale,fashion_mnist,42,500,100,1.1,1.0,0.05,iid,1.0,50,63,5.316298322484005,0.7913862296938896,0.5897983142733574,0.8259220834890233,1.0830791614673756,3.069761136770248,1000.0,0.3536556844575414,1.0,10427,731,0,122,0.7744098668466621,0.0,0.5459598413220158,0.0,3.2190307469509194,0.0,5600.4058089532255,0.0,0.7744098668466621,0.0,174.71688390661168,0.0,174.71688390661168,0.0,0.5794345278430868,3.5511090683937074,3.2190307469509194,1.0250891593671496,0.5459598413220158,0.7744098668466621,11.793389663696288,378.02739210434265
noise-game,scale,fashion_mnist,42,500,100,1.1,1.0,0.05,iid,1.0,50,64,5.316298322484005,0.7914834801852703,0.5896048359572887,0.9204807007738685,1.4111013399518055,3.0437472546100617,1000.0,0.5966208109995899,1.0,10907,1086,0,119,0.7224104588265858,0.0,0.6359764195006826,0.0,3.2731335600202205,0.0,5393.0380130870235,0.0,0.7224104588265858,0.0,162.8289091690727,0.0,162.8289091690727,0.0,2.9548550818277444,19.93885286808014,3.2731335600202205,1.0345437858612334,0.6359764195006826,0.7224104588265858,9.36266227722168,310.09968575250383
noise-game,scale,fashion_mnist,42,500,100,1.1,1.0,0.05,iid,1.0,50,65,5.329987240490565,0.7919257307052612,0.5888029415905476,0.8976698167131539,1.0884061706066133,3.0410923528671265,1000.0,0.46209247006791215,1.0,10680,898,0,120,0.7346867413985744,0.0,0.5926775503158569,0.0,3.3114515107323723,0.0,5689.142729384845,0.0,0.7346867413985744,0.0,165.803466796875,0.0,165.803466796875,0.0,0.5615122842788697,9.717745704650879,3.3114515107323723,1.0455417126939652,0.5926775503158569,0.7346867413985744,10.362716674804688,355.57142058655285
noise-game,scale,fashion_mnist,42,500,100,1.1,1.0,0.05,iid,1.0,50,66,5.329987240490565,0.7921849784255027,0.5882390141487122,0.9741963635196839,1.0507792035738628,3.0436479949951174,1000.0,0.21125721989543128,1.0,10176,310,0,112,0.7375682621356399,0.0,0.5729585803217359,0.0,3.3338864824587096,0.0,5750.473238312733,0.0,0.7375682621356399,0.0,166.35064188639322,0.0,166.35064188639322,0.0,0.6227172729041841,1.333935096859932,3.3338864824587096,1.0545127241442962,0.5729585803217359,0.7375682621356399,7.485778884887695,258.771295724073
noise-game,scale,fashion_mnist,42,500,100,1.1,1.0,0.05,iid,1.0,50,67,5.44502506622284,0.7920787313580513,0.5882546503841877,0.8378753405277941,0.8996454114941034,3.0561365139484407,1000.0,0.27557730072119263,1.0,10233,454,0,117,0.7300147040402428,0.0,0.5969675735316493,0.0,3.4056903896540405,0.0,5369.627110540093,0.0,0.7300147040402428,0.0,164.7153979214755,0.0,164.7153979214755,0.0,0.2972286218269305,0.545127705335617,3.4056903896540405,1.0390105074574763,0.5969675735316493,0.7300147040402428,9.059346885681153,295.3294910797051
noise-game,scale,fashion_mnist,42,500,100,1.1,1.0,0.05,iid,1.0,50,68,5.44502506622284,0.7923912286758423,0.5878196051716804,0.8321885554287972,1.1597729689545102,3.050846560001373,1000.0,0.3329452089060118,1.0,10428,732,0,122,0.723404878608912,0.0,0.5789308779769473,0.0,3.4677900039728797,0.0,5412.014469459468,0.0,0.723404878608912,0.0,163.1350193730107,0.0,163.1350193730107,0.0,0.5014884538120694,2.975522382259369,3.4677900039728797,1.039192779655205,0.5789308779769473,0.723404878608912,11.011613807678224,365.3109766885141
noise-game,scale,fashion_mnist,42,500,100,1.1,1.0,0.05,iid,1.0,50,69,5.44502506622284,0.7927067294716835,0.5871483209729195,0.7660256410256411,0.794963963329792,3.0643024218082426,1000.0,0.22335140018066846,1.0,9977,146,62,45,0.6839773085138203,0.0,0.6698603058854739,0.0,3.507071794415986,0.0,5548.0553174908955,0.0,0.6839773085138203,0.0,154.44736353556314,0.0,154.44736353556314,0.0,0.6851087833444277,2.752670854330063,3.507071794415986,1.026610808267973,0.6698603058854739,0.6839773085138203,4.6334209060668945,166.44165952472682
noise-game,scale,fashion_mnist,42,500,100,1.1,1.0,0.05,iid,1.0,50,70,5.44502506622284,0.7928044806420803,0.5867754645645619,0.9564113095634118,1.309734731912613,3.634635511636734,1000.0,0.3528668492613774,1.0,10189,319,34,74,0.6968039647489686,0.0,0.5968643128871918,0.0,3.539993392082564,0.0,5297.709958268964,0.0,0.6968039647489686,0.0,157.28163381723257,0.0,157.28163381723257,0.0,0.7457319910709674,3.4795906484127044,3.539993392082564,1.037313446846766,0.5968643128871918,0.6968039647489686,5.111653099060058,172.1755736437413
noise-game,scale,fashion_mnist,42,500,100,1.1,1.0,0.05,iid,1.0,50,71,5.44502506622284,0.7928859810531139,0.5866995802521706,0.938294043771664,1.0764963784638573,3.7865500712394713,1000.0,0.4177439855806747,1.0,10375,485,2,110,0.7092227367685551,0.0,0.5574471529792336,0.0,3.5673798801218504,0.0,5443.193132488087,0.0,0.7092227367685551,0.0,160.05817996754365,0.0,160.05817996754365,0.0,0.5151198103147394,2.614312018752098,3.5673798801218504,1.0445595989395648,0.5574471529792336,0.7092227367685551,6.802472648620605,231.33570813074368
noise-game,scale,fashion_mnist,42,500,100,1.1,1.0,0.05,iid,1.0,50,72,5.44502506622284,0.7931234790384769,0.5863070158660412,0.8892378821388256,1.0258760938518925,3.8224509572982788,1000.0,0.26058658421271097,1.0,10221,357,0,114,0.7375241383681117,0.0,0.4848059164850335,0.0,3.6045925358359225,0.0,5761.2473445602045,0.0,0.7375241383681117,0.0,166.4236064710115,0.0,166.4236064710115,0.0,0.5776968096431933,1.878953234553337,3.6045925358359225,1.0449207972093701,0.4848059164850335,0.7375241383681117,7.905121307373047,273.6592488666097
noise-game,scale,fashion_mnist,42,500,100,1.1,1.0,0.05,iid,1.0,50,73,5.44502506622284,0.7932092303037643,0.5863825818896293,0.9033368015106789,1.046863605470761,3.8118412613868715,1000.0,0.360337175149879,1.0,10377,585,0,120,0.7347124248210563,0.0,0.47630742062693054,0.0,3.653864335775287,0.0,5531.010577133653,0.0,0.7347124248210563,0.0,165.74027152683425,0.0,165.74027152683425,0.0,0.4308071142953375,6.038422222137451,3.653864335775287,1.0484358104869156,0.47630742062693054,0.7347124248210563,9.530065612792969,318.033108185185
noise-game,scale,fashion_mnist,42,500,100,1.1,1.0,0.05,iid,1.0,50,74,5.44502506622284,0.7932589817047119,0.5860552507638931,0.8787702779543828,0.8767634747843993,3.833858461380005,1000.0,0.30812312869943664,1.0,10316,480,0,114,0.7285525467283112,0.0,0.486581970986567,0.0,3.6995230551117197,0.0,5691.098336962753,0.0,0.7285525467283112,0.0,164.16808118318258,0.0,164.16808118318258,0.0,0.4451320171356201,1.9956963843107223,3.6995230551117197,1.037573017836977,0.486581970986567,0.7285525467283112,7.797983856201172,270.3271710057308
noise-game,scale,fashion_mnist,42,500,100,1.1,1.0,0.05,iid,1.0,50,75,5.44502506622284,0.7932469810545445,0.5863387176394462,0.8209906469997492,1.360438186871378,3.8361487793922424,1000.0,0.4213343671371028,1.0,10345,484,0,115,0.6842867813999177,0.0,0.5513648724085406,0.0,3.7428085218606864,0.0,5379.148078561591,0.0,0.6842867813999177,0.0,154.31062879060445,0.0,154.31062879060445,0.0,0.8397842135868574,7.63519948720932,3.7428085218606864,1.0541737821502313,0.5513648724085406,0.6842867813999177,7.329754867553711,255.5095337316756
noise-game,scale,fashion_mnist,42,500,100,1.1,1.0,0.05,iid,1.0,50,76,5.445114821245902,0.7937259793281555,0.5855743910372257,0.8766394544369085,1.181479734679063,3.8459705340862276,1000.0,0.31204500867049645,1.0,10186,316,0,114,0.7040830835730185,0.0,0.5178700097733073,0.0,3.7893595640698603,0.0,5401.248599831489,0.0,0.7040830835730185,0.0,158.7487733629015,0.0,158.7487733629015,0.0,0.266807419144445,1.7045245969295502,3.7893595640698603,1.0582940132785241,0.5178700097733073,0.7040830835730185,7.143694801330566,243.056186992417
noise-game,scale,fashion_mnist,42,500,100,1.1,1.0,0.05,iid,1.0,50,77,5.511929721514252,0.7937269808351993,0.585956020206213,0.9281031802533539,1.3573076611473447,3.8530450010299684,1000.0,0.37448713365307723,1.0,10369,555,0,116,0.6717674021406098,0.0,0.5605022580850691,0.0,3.842946923394213,0.0,5180.233057998079,0.0,0.6717674021406098,0.0,151.39967055547805,0.0,151.39967055547805,0.0,1.3113822937011719,7.273684363365174,3.842946923394213,1.0720772385769262,0.5605022580850691,0.6717674021406098,7.948482704162598,271.96223554489916
noise-game,scale,fashion_mnist,42,500,100,1.1,1.0,0.05,iid,1.0,50,78,5.511929721514252,0.7939639814198017,0.5855410288274289,0.9603339311108404,1.1806058926241738,3.8042877566814424,1000.0,0.5290790451610569,1.0,10457,513,0,110,0.6879488235949766,0.0,0.507645206792014,0.0,3.8637444742334854,0.0,5003.954797957369,0.0,0.6879488235949766,0.0,155.09259796142578,0.0,155.09259796142578,0.0,0.8165124314171928,5.091957486867905,3.8637444742334854,1.0832063583159803,0.507645206792014,0.6879488235949766,5.4282409286499025,175.13841792850792
noise-game,scale,fashion_mnist,42,500,100,1.1,1.0,0.05,iid,1.0,50,79,5.798897492197789,0.7940422280132771,0.5857059852778912,0.87333133784022,1.035156282939409,3.853011348247528,1000.0,0.25014500375596765,1.0,10137,297,0,116,0.6749468830459208,0.0,0.5337332283195696,0.0,3.9137938473466924,0.0,5439.12214075458,0.0,0.6749468830459208,0.0,152.18887489720396,0.0,152.18887489720396,0.0,0.5114129718981291,1.9824299907684326,3.9137938473466924,1.080000145866681,0.5337332283195696,0.6749468830459208,7.228971557617188,258.35830168584255
noise-game,scale,fashion_mnist,42,500,100,1.1,1.0,0.05,iid,1.0,50,80,5.798897492197789,0.7939152298867702,0.5862743304669857,0.8966877759606567,1.1672495924260304,3.829246511459351,1000.0,0.5038136142647346,1.0,10726,917,0,119,0.6694096588084973,0.0,0.527621032913094,0.0,3.968119382497369,0.0,5143.708136082437,0.0,0.6694096588084973,0.0,150.98975339143172,0.0,150.98975339143172,0.0,0.7271656235275061,12.568750610351563,3.968119382497369,1.0922542278613854,0.527621032913094,0.6694096588084973,8.681910820007325,295.7632178247401
noise-game,scale,fashion_mnist,42,500,100,1.1,1.0,0.05,iid,1.0,50,81,5.798897492197789,0.7942154808342456,0.5858225414156913,0.8596216717081154,1.1122382769459171,3.8262769603729248,1000.0,0.45715152509311324,1.0,10387,518,0,115,0.6783030252518681,0.0,0.4897472556484373,0.0,4.0062549425992815,0.0,5276.858297496457,0.0,0.6783030252518681,0.0,152.93036691766036,0.0,152.93036691766036,0.0,0.2531603206145136,5.5149118518829345,4.0062549425992815,1.098398173551408,0.4897472556484373,0.6783030252518681,7.264192428588867,250.6507691310817
noise-game,scale,fashion_mnist,42,500,100,1.1,1.0,0.05,iid,1.0,50,82,5.798897492197789,0.7943972304463387,0.5854645174741745,0.9410919540229885,0.8306095997492472,3.8462289667129514,1000.0,0.2965811965811966,1.0,9840,53,99,2,0.690611280407324,0.0,0.5104439606269201,0.0,4.027837208323385,0.0,5210.855468058173,0.0,0.690611280407324,0.0,155.49908447265625,0.0,155.49908447265625,0.0,0.31558079024155933,6.887402992248536,4.027837208323385,1.0831675515533625,0.5104439606269201,0.690611280407324,2.332486267089844,78.16283202087259
noise-game,scale,fashion_mnist,42,500,100,1.1,1.0,0.05,iid,1.0,50,83,5.8647175872102455,0.7942689797282219,0.5862159444391728,0.9305144069493154,1.2092548161745071,4.303553650379181,1000.0,0.3879311707691727,1.0,10310,436,0,112,0.6645026953262211,0.0,0.5326808111535178,0.0,4.073097576075972,0.0,5169.599627380828,0.0,0.6645026953262211,0.0,150.02889590793185,0.0,150.02889590793185,0.0,0.4521736337078942,3.2010675042867662,4.073097576075972,1.075108598315491,0.5326808111535178,0.6645026953262211,6.751300315856934,232.6319832321373
noise-game,scale,fashion_mnist,42,500,100,1.1,1.0,0.05,iid,1.0,50,84,5.8647175872102455,0.7942947302758694,0.5860325431823731,0.8473420838212361,1.177340272963047,4.332756621837616,1000.0,0.5166319537627817,1.0,10715,984,0,121,0.6402565096391458,0.0,0.5754604706168175,0.0,4.1331560226001605,0.0,5319.2807965552565,0.0,0.6402565096391458,0.0,144.4179528808594,0.0,144.4179528808594,0.0,0.43756776213645937,7.9813159084320064,4.1331560226001605,1.0955105197329815,0.5754604706168175,0.6402565096391458,9.026122055053712,332.4550497847034
noise-game,scale,fashion_mnist,42,500,100,1.1,1.0,0.05,iid,1.0,50,85,5.8647175872102455,0.7946007299423218,0.5858942976593972,0.9227871309554354,1.3484882768243551,4.335307452678681,1000.0,0.27478818659950366,1.0,10244,364,5,105,0.6327582060898732,0.0,0.5570260602980852,0.0,4.173186982302477,0.0,5612.940015725571,0.0,0.6327582060898732,0.0,142.68623638153076,0.0,142.68623638153076,0.0,1.6231959089636803,6.101331660747528,4.173186982302477,1.1017507837313896,0.5570260602980852,0.6327582060898732,5.70744945526123,224.51760062902287
noise-game,scale,fashion_mnist,42,500,100,1.1,1.0,0.05,iid,1.0,50,86,5.8647175872102455,0.7946359802782536,0.586015710234642,0.8956302966369127,1.2263446641399671,4.419067466259003,1000.0,0.4306933242166546,1.0,10408,549,0,115,0.6507697626897126,0.0,0.4944857880473137,0.0,4.2073677744136,0.0,4943.916455177736,0.0,0.6507697626897126,0.0,146.77101617110404,0.0,146.77101617110404,0.0,0.5748726288346868,5.516467881202698,4.2073677744136,1.1108859275515786,0.4944857880473137,0.6507697626897126,6.971623268127441,234.8360316209424
noise-game,scale,fashion_mnist,42,500,100,1.1,1.0,0.05,iid,1.0,50,87,5.975089703943918,0.794874729514122,0.5861458897590637,0.9131283916107584,0.8484811399664197,4.436712465286255,1000.0,0.4879151019347806,1.0,10275,335,0,110,0.6891555919558792,0.0,0.38413604561771664,0.0,4.239996265750843,0.0,5473.870498197658,0.0,0.6891555919558792,0.0,155.34349605015345,0.0,155.34349605015345,0.0,0.14407485084874289,0.758268506154418,4.239996265750843,1.1037082511392573,0.38413604561771664,0.6891555919558792,5.437022361755371,191.585467436918
noise-game,scale,fashion_mnist,42,500,100,1.1,1.0,0.05,iid,1.0,50,88,6.127944033798075,0.794827978760004,0.5863620194792748,0.8966841186023222,1.3725126420750338,4.438987693786621,1000.0,0.3885885886378955,1.0,10306,429,5,108,0.6401820549322791,0.0,0.504737509524121,0.0,4.271153503960914,0.0,5145.888782123693,0.0,0.6401820549322791,0.0,144.51777738683364,0.0,144.51777738683364,0.0,0.6007457007380093,5.967994363307953,4.271153503960914,1.1100363931035853,0.504737509524121,0.6401820549322791,6.142005538940429,218.70027324025693
noise-game,scale,fashion_mnist,42,500,100,1.1,1.0,0.05,iid,1.0,50,89,6.127944033798075,0.7947507287561894,0.586682911068201,0.9380307477153489,1.2607949897646904,4.635580751895905,1000.0,0.5546015570526743,1.0,10480,561,0,111,0.6263340838048657,0.0,0.5394046977162361,0.0,4.31354570062717,0.0,4867.607175538375,0.0,0.6263340838048657,0.0,141.52850818634033,0.0,141.52850818634033,0.0,1.682439647614956,7.924160308837891,4.31354570062717,1.1102256781024795,0.5394046977162361,0.6263340838048657,5.661140327453613,194.70428702153498
noise-game,scale,fashion_mnist,42,500,100,1.1,1.0,0.05,iid,1.0,50,90,6.307040021465897,0.7947142301499843,0.5869852754473687,0.8132423150111678,1.2477143242955209,4.65707674741745,1000.0,0.33641241183820764,1.0,10469,844,0,125,0.6366404452215743,0.0,0.5003111290434996,0.0,4.399018828067981,0.0,5289.984599632765,0.0,0.6366404452215743,0.0,143.50316619873047,0.0,143.50316619873047,0.0,0.21765239536762238,10.141291451454162,4.399018828067981,1.1037096347987119,0.5003111290434996,0.6366404452215743,10.762737464904784,396.7488449724574
noise-game,scale,fashion_mnist,42,500,100,1.1,1.0,0.05,iid,1.0,50,91,6.307040021465897,0.7949364790320397,0.5868948122859001,0.8961760857887618,1.1343503261313719,4.624599521160126,1000.0,0.48110538330300395,1.0,10279,408,15,98,0.6343946212462259,0.0,0.4830311106189209,0.0,4.443807360250409,0.0,5255.737503908091,0.0,0.6343946212462259,0.0,143.18575062471277,0.0,143.18575062471277,0.0,0.5073507612242418,4.315804443359375,4.443807360250409,1.0992677938579076,0.4830311106189209,0.6343946212462259,6.0853944015502925,223.3688439160939
noise-game,scale,fashion_mnist,42,500,100,1.1,1.0,0.05,iid,1.0,50,92,6.307040021465897,0.7949402283132077,0.5871983233094216,0.9241376961453872,1.0865861792117357,5.005262467861176,1000.0,0.30507077034222463,1.0,10276,444,0,116,0.6492530570239147,0.0,0.4429848831146955,0.0,4.478260447311751,0.0,5202.544910729815,0.0,0.6492530570239147,0.0,146.4901252746582,0.0,146.4901252746582,0.0,0.37572791874408723,3.0726362681388855,4.478260447311751,1.1006749198811654,0.4429848831146955,0.6492530570239147,7.324506263732911,260.12724553649076
noise-game,scale,fashion_mnist,42,500,100,1.1,1.0,0.05,iid,1.0,50,93,6.726732542453303,0.7950374799966812,0.587624928355217,0.8512875226861446,1.2912603063242776,5.008185179233551,1000.0,0.3622636120498551,1.0,10293,466,0,117,0.6301412438105165,0.0,0.47287377644152867,0.0,4.514646586445807,0.0,4977.42718057714,0.0,0.6301412438105165,0.0,141.94376772925966,0.0,141.94376772925966,0.0,0.5842906719162351,2.1640449321269988,4.514646586445807,1.1099688446443408,0.47287377644152867,0.6301412438105165,7.452047805786133,261.3149269802998
noise-game,scale,fashion_mnist,42,500,100,1.1,1.0,0.05,iid,1.0,50,94,6.726732542453303,0.795036978572607,0.5879595865309238,0.936662697452056,1.0948718134313822,4.9904633903503415,1000.0,0.5529305163526199,1.0,10462,540,0,110,0.6291051569632582,0.0,0.4828128721565008,0.0,4.557529501654092,0.0,5227.902504395799,0.0,0.6291051569632582,0.0,142.04817295074463,0.0,142.04817295074463,0.0,0.7407847559079528,7.9945989608764645,4.557529501654092,1.086303300455873,0.4828128721565008,0.6291051569632582,5.681926918029785,209.11610017583197
noise-game,scale,fashion_mnist,42,500,100,1.1,1.0,0.05,iid,1.0,50,95,6.726732542453303,0.7949222287535668,0.58840849801898,0.8978411789842986,0.9693375527858734,4.995626127719879,1000.0,0.34976656051014743,1.0,10496,760,0,122,0.6435711354195006,0.0,0.43735236703203273,0.0,4.619971598548017,0.0,5191.816876654377,0.0,0.6435711354195006,0.0,145.30751917912409,0.0,145.30751917912409,0.0,0.19417795431441986,4.299278202056885,4.619971598548017,1.0729387293444883,0.43735236703203273,0.6435711354195006,9.444988746643066,337.4680969825346
noise-game,scale,fashion_mnist,42,500,100,1.1,1.0,0.05,iid,1.0,50,96,6.925866909080116,0.7950214798748493,0.588711359500885,0.8160714776809148,0.9545101414745053,4.980919377803803,1000.0,0.18658176576009763,1.0,10135,518,34,87,0.6249491704047206,0.0,0.4822863475419581,0.0,4.6665798744407425,0.0,4895.209060421716,0.0,0.6249491704047206,0.0,140.84326299031576,0.0,140.84326299031576,0.0,0.29210537920395535,5.872888096570969,4.6665798744407425,1.0739624370823457,0.4822863475419581,0.6249491704047206,8.450595779418945,293.71254362530294
noise-game,scale,fashion_mnist,42,500,100,1.1,1.0,0.05,iid,1.0,50,97,6.925866909080116,0.7952109789848327,0.588496690094471,0.8753331507305288,1.2098995887097859,5.758559594154358,1000.0,0.34894979997637965,1.0,10405,568,0,115,0.6174962527713607,0.0,0.5021974997861045,0.0,4.7115715461975265,0.0,5283.768838364338,0.0,0.6174962527713607,0.0,139.26802644275483,0.0,139.26802644275483,0.0,0.6237475112790153,7.163694596290588,4.7115715461975265,1.069273310228277,0.5021974997861045,0.6174962527713607,7.311571388244629,277.3978640141278
noise-game,scale,fashion_mnist,42,500,100,1.1,1.0,0.05,iid,1.0,50,98,6.925866909080116,0.7952554799616337,0.5889499808847904,0.8849676889329173,1.262727775211845,5.800523064136505,1000.0,0.4612116562277679,1.0,10237,309,0,110,0.6255718047369613,0.0,0.5022831859865359,0.0,4.742394359765481,0.0,4926.667430996104,0.0,0.6255718047369613,0.0,140.98397282191686,0.0,140.98397282191686,0.0,0.5267965751034873,3.4668236511945723,4.742394359765481,1.0615871234390013,0.5022831859865359,0.6255718047369613,4.93443904876709,172.43336008486364
noise-game,scale,fashion_mnist,42,500,100,1.1,1.0,0.05,iid,1.0,50,99,6.925866909080116,0.7952752290666103,0.5895528241991996,0.8848548778046873,1.2055613361299038,5.756158211231232,1000.0,0.4472918792222675,1.0,10510,649,0,115,0.6145668654667211,0.0,0.48380981795489786,0.0,4.779054338051222,0.0,4984.150290727406,0.0,0.6145668654667211,0.0,138.55756225585938,0.0,138.55756225585938,0.0,1.2712222389876842,7.575429184436798,4.779054338051222,1.0660678411643854,0.48380981795489786,0.6145668654667211,6.9278781127929685,249.2075145363703
noise-game,scale,fashion_mnist,42,500,100,1.1,1.0,0.05,iid,1.0,50,100,6.925866909080116,0.7954124806821347,0.5894178037345409,0.7222716884012367,1.2314015501423885,5.734503645896911,1000.0,0.23657037933353722,1.0,10067,282,28,87,0.6076172597662822,0.0,0.4834563473337575,0.0,4.820046855408424,0.0,5349.119752182001,0.0,0.6076172597662822,0.0,137.0205182527241,0.0,137.0205182527241,0.0,0.8087186625129298,7.295814886093139,4.820046855408424,1.061095452514009,0.4834563473337575,0.6076172597662822,6.508474617004395,254.08318822864504
noise-game,scale,fashion_mnist,42,500,100,1.1,1.0,0.05,iid,1.0,50,101,6.925866909080116,0.7953184786438942,0.5902036046981811,0.8644692106605901,1.2272212220863863,6.372037377357483,1000.0,0.5003317763525501,1.0,10575,746,0,117,0.6098995910899668,0.0,0.49308548359708354,0.0,4.86094705900266,0.0,5156.271567551949,0.0,0.6098995910899668,0.0,137.5336782282049,0.0,137.5336782282049,0.0,0.6655688610943881,8.706065944433213,4.86094705900266,1.059303434263464,0.49308548359708354,0.6098995910899668,7.56435230255127,283.59493621535717
noise-game,scale,fashion_mnist,42,500,100,1.1,1.0,0.05,iid,1.0,50,102,6.925866909080116,0.7953224797546864,0.5906946009397507,0.8926301094485928,1.2501736941436927,6.318945064544677,1000.0,0.44121734065669976,1.0,10577,793,0,120,0.606761211251264,0.0,0.481432327379783,0.0,4.909092673544501,0.0,4871.861067229679,0.0,0.606761211251264,0.0,136.942751566569,0.0,136.942751566569,0.0,0.7569209113717079,11.517944803237915,4.909092673544501,1.0562056129467263,0.481432327379783,0.606761211251264,8.216565093994141,292.31166403378074
noise-game,scale,fashion_mnist,42,500,100,1.1,1.0,0.05,iid,1.0,50,103,6.925866909080116,0.7953144776821136,0.591197554320097,0.8989471965642661,1.114614895079285,6.333011376857757,1000.0,0.4509427956540259,1.0,10618,816,0,118,0.6214468539541221,0.0,0.46466498364073533,0.0,4.974281227046695,0.0,5376.166446787639,0.0,0.6214468539541221,0.0,140.21039199829102,0.0,140.21039199829102,0.0,0.12822394497925416,5.4175920486450195,4.974281227046695,1.0096973474949813,0.46466498364073533,0.6214468539541221,8.41262351989746,322.5699868072584
noise-game,scale,fashion_mnist,42,500,100,1.1,1.0,0.05,iid,1.0,50,104,6.925866909080116,0.7952127300202847,0.5915679673850537,0.9179992632280229,1.043262128802863,6.3550562357902525,1000.0,0.5117010587877998,1.0,10689,849,0,116,0.6224555855194184,0.0,0.4233477088538083,0.0,5.018696433113689,0.0,5186.991194604289,0.0,0.6224555855194184,0.0,140.50828621604225,0.0,140.50828621604225,0.0,0.23880439285527577,4.962539056539535,5.018696433113689,0.9960210077498047,0.4233477088538083,0.6224555855194184,7.727955741882324,285.28451570323597
noise-game,scale,fashion_mnist,42,500,100,1.1,1.0,0.05,iid,1.0,50,105,6.925866909080116,0.7952054806053639,0.5920002608001232,0.8600550459422808,1.402615697760331,6.347021613121033,1000.0,0.5261203788170102,1.0,10529,725,13,101,0.60686372176025,0.0,0.5018305453030687,0.0,5.0500307996801554,0.0,5121.631907148314,0.0,0.60686372176025,0.0,136.87346609015214,0.0,136.87346609015214,0.0,0.6765271613472387,9.733271589279175,5.0500307996801554,0.9959587384235246,0.5018305453030687,0.60686372176025,6.501489639282227,243.27751558954492
noise-game,scale,fashion_mnist,42,500,100,1.1,1.0,0.05,iid,1.0,50,106,6.925866909080116,0.7952752293646336,0.5924265737831592,0.9177540196138884,1.0965378107503057,6.84572169303894,1000.0,0.35967962569614237,1.0,10535,748,0,119,0.6148763985072294,0.0,0.41131924247990054,0.0,5.077086095796185,0.0,5065.773338373689,0.0,0.6148763985072294,0.0,138.71561686197916,0.0,138.71561686197916,0.0,0.4330344817135483,12.316420106887817,5.077086095796185,1.00867189942102,0.41131924247990054,0.6148763985072294,8.32293701171875,303.9464003024213
noise-game,scale,fashion_mnist,42,500,100,1.1,1.0,0.05,iid,1.0,50,107,6.925866909080116,0.795432729870081,0.592768442928791,0.8743445894072975,1.3642584908949702,6.864940962791443,1000.0,0.41919436052562986,1.0,10341,534,26,89,0.6149117063455636,0.0,0.4244203928269838,0.0,5.102131772730872,0.0,5319.740311965493,0.0,0.6149117063455636,0.0,138.77194454795435,0.0,138.77194454795435,0.0,0.17180392106896952,13.880133565664291,5.102131772730872,1.0118772375265863,0.4244203928269838,0.6149117063455636,6.591667366027832,252.6876648183609
noise-game,scale,fashion_mnist,42,500,100,1.1,1.0,0.05,iid,1.0,50,108,6.925866909080116,0.7951909784972667,0.5940908394753933,0.9104970445969385,1.3495927933189604,7.683753695487976,1000.0,0.42893569525649183,1.0,10448,563,0,113,0.6028727023423607,0.0,0.4467211282915539,0.0,5.1346854019484125,0.0,5321.607080691539,0.0,0.6028727023423607,0.0,135.8369598388672,0.0,135.8369598388672,0.0,1.073741101556354,8.539407331943512,5.1346854019484125,1.0072977214479633,0.4467211282915539,0.6028727023423607,6.112663192749023,239.47231863111924
noise-game,scale,fashion_mnist,42,500,100,1.1,1.0,0.05,iid,1.0,50,109,6.925866909080116,0.7951412285864353,0.5945331670343876,0.895651733292045,1.1743942314025126,7.692083745002747,1000.0,0.3714661752680206,1.0,10766,1162,0,128,0.6031678896173545,0.0,0.46245934836792224,0.0,5.193576563922187,0.0,5313.944308837872,0.0,0.6031678896173545,0.0,136.20775858561197,0.0,136.20775858561197,0.0,0.29417395862666046,9.496781067848206,5.193576563922187,0.9946822443866031,0.46245934836792224,0.6031678896173545,11.237140083312989,438.40040547912446
noise-game,scale,fashion_mnist,42,500,100,1.1,1.0,0.05,iid,1.0,50,110,6.925866909080116,0.7951547291874885,0.595245026499033,0.8790946885298381,1.314437208376054,7.649913821220398,1000.0,0.28365647834692426,1.0,10442,807,0,125,0.6113657654366196,0.0,0.4335307379991844,0.0,5.244509634893234,0.0,5284.984077817788,0.0,0.6113657654366196,0.0,137.96172780004042,0.0,137.96172780004042,0.0,0.3971719282422343,8.658215775489808,5.244509634893234,0.9839887760504629,0.4335307379991844,0.6113657654366196,10.00222526550293,383.1613456417896
noise-game,scale,fashion_mnist,42,500,100,1.1,1.0,0.05,iid,1.0,50,111,6.925866909080116,0.7950289787352085,0.5958403341472149,0.8659045635486142,1.4002373069524765,7.650492465496063,1000.0,0.3999240715745494,1.0,10402,545,0,115,0.6002290721471659,0.0,0.4930784240365028,0.0,5.280723896176971,0.0,5066.155236212938,0.0,0.6002290721471659,0.0,135.17740631103516,0.0,135.17740631103516,0.0,0.97821004986763,8.617285876274108,5.280723896176971,0.9739045947694197,0.4930784240365028,0.6002290721471659,6.758870315551758,253.30776181064687
noise-game,scale,fashion_mnist,42,500,100,1.1,1.0,0.05,iid,1.0,50,112,6.925866909080116,0.7954159775376319,0.5957490226626396,0.9106837168210871,1.3477516387190138,7.670368134975433,1000.0,0.5432411600139694,1.0,10345,416,0,109,0.6002290721471661,0.0,0.48093835903065546,0.0,5.296993956507599,0.0,5219.630365371808,0.0,0.6002290721471661,0.0,135.28505488804407,0.0,135.28505488804407,0.0,1.1989654217447554,4.709719856977463,5.296993956507599,0.9834500084345864,0.48093835903065546,0.6002290721471661,4.734976921081543,182.6870627880133
noise-game,scale,fashion_mnist,42,500,100,1.1,1.0,0.05,iid,1.0,50,113,6.925866909080116,0.7951754754781724,0.5970503064990044,0.8880423504791343,1.410391433238983,7.660450987815857,1000.0,0.4513465354818731,1.0,10535,756,0,119,0.6032017345820614,0.0,0.44542969316244124,0.0,5.338778921322157,0.0,5106.68794934878,0.0,0.6032017345820614,0.0,136.1430529785156,0.0,136.1430529785156,0.0,0.25455749660730365,8.30354540348053,5.338778921322157,0.9762124616611142,0.44542969316244124,0.6032017345820614,8.508940811157226,319.1679968342988
noise-game,scale,fashion_mnist,42,500,100,1.1,1.0,0.05,iid,1.0,50,114,7.0069468580115215,0.7949307309091092,0.5975299388170242,0.9108544355498066,1.2622310916582744,7.612425746917725,1000.0,0.6036129404386164,1.0,10799,941,0,116,0.6102940562438008,0.0,0.42069450003050624,0.0,5.370053120215086,0.0,5341.734809823484,0.0,0.6102940562438008,0.0,137.55039905366442,0.0,137.55039905366442,0.0,1.1257664930252802,13.935450716018677,5.370053120215086,0.9731612338962197,0.42069450003050624,0.6102940562438008,7.221395950317383,280.44107751573296
noise-game,scale,fashion_mnist,42,500,100,1.1,1.0,0.05,iid,1.0,50,115,7.066765636356497,0.7951729802787304,0.5978842267394066,0.950317739420579,1.128564687818289,7.61878039598465,1000.0,0.4087663533486333,1.0,10507,644,0,115,0.6049510620663117,0.0,0.4196409836411476,0.0,5.3980870467693,0.0,5315.382243191057,0.0,0.6049510620663117,0.0,136.64019775390625,0.0,136.64019775390625,0.0,0.4483525902032852,3.025933669805527,5.3980870467693,0.9755258520858687,0.4196409836411476,0.6049510620663117,6.832009887695312,265.76911215955283
noise-game,scale,fashion_mnist,42,500,100,1.1,1.0,0.05,iid,1.0,50,116,7.066765636356497,0.7950959791243076,0.598733881264925,0.876917518528936,1.3988255182137856,7.659789311885834,1000.0,0.3361609682658492,1.0,10393,683,0,120,0.6062889921825062,0.0,0.43305354250165135,0.0,5.428947396137063,0.0,5274.014357813022,0.0,0.6062889921825062,0.0,136.88397216796875,0.0,136.88397216796875,0.0,0.22812061627896932,7.0205353307724,5.428947396137063,0.9810747218900697,0.43305354250165135,0.6062889921825062,8.897458190917968,342.8109332578464
noise-game,scale,fashion_mnist,42,500,100,1.1,1.0,0.05,iid,1.0,50,117,7.25376146172036,0.7950324785709381,0.5993346454203129,0.9112221190408953,1.4598197691580828,7.649927487373352,1000.0,0.4001747827019827,1.0,10363,462,0,111,0.6002290721471661,0.0,0.5321839942651636,0.0,5.46803432548294,0.0,5535.301023000663,0.0,0.6002290721471661,0.0,135.28611037310432,0.0,135.28611037310432,0.0,1.5780012151774239,10.996158332824708,5.46803432548294,0.9510486223913216,0.5321839942651636,0.6002290721471661,5.749659690856934,235.25029347752817
noise-game,scale,fashion_mnist,42,500,100,1.1,1.0,0.05,iid,1.0,50,118,7.25376146172036,0.7949242281913758,0.6007517285645008,0.9074586229126733,1.607839353125671,7.671198134422302,1000.0,0.28916166485287714,1.0,10492,845,0,125,0.6017650154584203,0.0,0.486597940325737,0.0,5.50908490807218,0.0,5388.832398345236,0.0,0.6017650154584203,0.0,135.6871101116312,0.0,135.6871101116312,0.0,0.6073322062348497,9.770639028549194,5.50908490807218,0.9488753552587109,0.486597940325737,0.6017650154584203,9.837315483093262,390.69034888002966
noise-game,scale,fashion_mnist,42,500,100,1.1,1.0,0.05,iid,1.0,50,119,7.25376146172036,0.7946574792265892,0.6012150500714779,0.8454719616005323,1.2646393616768448,7.640789160728454,1000.0,0.2725348361043625,1.0,10121,403,30,88,0.6026647109819194,0.0,0.4708940657702359,0.0,5.545531178499601,0.0,5233.280435499443,0.0,0.6026647109819194,0.0,135.87537384033203,0.0,135.87537384033203,0.0,0.228198231367225,11.113201112747193,5.545531178499601,0.9349326734306872,0.4708940657702359,0.6026647109819194,7.473145561218262,287.83042395246935
noise-game,scale,fashion_mnist,42,500,100,1.1,1.0,0.05,iid,1.0,50,120,7.313614531726643,0.7947522291541099,0.6019345813989639,0.9326292301508768,1.304197928080192,8.801035151481628,1000.0,0.4058607732096008,1.0,10708,944,0,120,0.6047192863659093,0.0,0.4303850554502927,0.0,5.577082862624731,0.0,5263.998927858131,0.0,0.6047192863659093,0.0,136.3594196026142,0.0,136.3594196026142,0.0,0.41103953696214235,17.213939790725707,5.577082862624731,0.9391686922830544,0.4303850554502927,0.6047192863659093,8.863362274169923,342.15993031077846
noise-game,scale,fashion_mnist,42,500,100,1.1,1.0,0.05,iid,1.0,50,121,7.458225283221327,0.7945402298867702,0.603361789882183,0.9423638430184306,1.6397471880773082,8.844652562141418,1000.0,0.40920486682583057,1.0,10564,765,0,121,0.6010589260372515,0.0,0.4802533448673785,0.0,5.6050283102271825,0.0,5335.778069579236,0.0,0.6010589260372515,0.0,135.58671887715658,0.0,135.58671887715658,0.0,0.8263957399218876,19.04087377548218,5.6050283102271825,0.9428164290619732,0.4802533448673785,0.6010589260372515,8.135203132629394,320.14668417475417
noise-game,scale,fashion_mnist,42,500,100,1.1,1.0,0.05,iid,1.0,50,122,7.458225283221327,0.7947164812684059,0.6039932611584663,0.8880975842064899,1.703276762836858,8.798022243976593,1000.0,0.5248062522396953,1.0,10538,651,0,115,0.600229072147166,0.0,0.5374708497210553,0.0,5.6317600880765255,0.0,5677.337451832311,0.0,0.600229072147166,0.0,135.47624527780633,0.0,135.47624527780633,0.0,1.4760755488747044,13.805496807098388,5.6317600880765255,0.9395397712953446,0.5374708497210553,0.600229072147166,6.435121650695801,269.6735289620348
noise-game,scale,fashion_mnist,42,500,100,1.1,1.0,0.05,iid,1.0,50,123,7.458225283221327,0.7944647301733494,0.6048575019836426,0.8729935631920462,1.91749507188797,8.874174840450287,1000.0,0.33939337944755904,1.0,10088,210,32,76,0.6002290721471661,0.0,0.5325890978177389,0.0,5.64424744324533,0.0,5313.057273945354,0.0,0.6002290721471661,0.0,135.29412587483725,0.0,135.29412587483725,0.0,2.4130988717079163,9.662477130889892,5.64424744324533,0.9460732678158202,0.5325890978177389,0.6002290721471661,4.058823776245117,159.3917182183606
noise-game,scale,fashion_mnist,42,500,100,1.1,1.0,0.05,iid,1.0,50,124,7.458225283221327,0.7946257303655148,0.6052804642915726,0.9207767665525319,1.2045696480199695,9.983267760276794,1000.0,0.5366495167357581,1.0,10372,466,0,112,0.6002290721471661,0.0,0.4423568956553936,0.0,5.669944319969243,0.0,5312.7179572371215,0.0,0.6002290721471661,0.0,135.2106637954712,0.0,135.2106637954712,0.0,0.8253062814474106,3.5620409202575685,5.669944319969243,0.9339791609747953,0.4423568956553936,0.6002290721471661,5.408426551818848,212.50871828948485
noise-game,scale,fashion_mnist,42,500,100,1.1,1.0,0.05,iid,1.0,50,125,7.458225283221327,0.7942492315173149,0.6061504307389259,0.9322639680542613,1.474832453188442,10.014539570808411,1000.0,0.5425166755022,1.0,10569,715,0,116,0.6002290721471659,0.0,0.5237502505381902,0.0,5.691978177321082,0.0,5302.114379202276,0.0,0.6002290721471659,0.0,135.3556671142578,0.0,135.3556671142578,0.0,1.049975798243568,13.601878805160522,5.691978177321082,0.9421540800193181,0.5237502505381902,0.6002290721471659,7.106172523498535,278.3610049081194
noise-game,scale,fashion_mnist,42,500,100,1.1,1.0,0.05,iid,1.0,50,126,7.458225283221327,0.7945459794998169,0.6062769243121147,0.9399426769018324,1.4814285131601186,10.01821259021759,1000.0,0.6832671730434808,1.0,10335,386,0,109,0.6004102483820517,0.0,0.4643751044686024,0.0,5.705621919681619,0.0,5734.725044767257,0.0,0.6004102483820517,0.0,135.61562758225662,0.0,135.61562758225662,0.0,1.6373617465679462,5.119548377990722,5.705621919681619,0.9486163663692477,0.4643751044686024,0.6004102483820517,4.40750789642334,186.37856395493586
noise-game,scale,fashion_mnist,42,500,100,1.1,1.0,0.05,iid,1.0,50,127,7.458225283221327,0.7944304811954498,0.6077322588860988,0.8666909715633196,1.4361283079617553,10.03428648710251,1000.0,0.3139020525548298,1.0,10295,439,5,107,0.600229072147166,0.0,0.431076105684042,0.0,5.734059227832841,0.0,5386.451752759552,0.0,0.600229072147166,0.0,135.42505815294055,0.0,135.42505815294055,0.0,0.6998881101608276,8.60902967453003,5.734059227832841,0.9356091150035694,0.431076105684042,0.600229072147166,6.094127616882324,242.39032887417986
noise-game,scale,fashion_mnist,42,500,100,1.1,1.0,0.05,iid,1.0,50,128,7.458225283221327,0.7946324798464776,0.6074977824091912,0.8594583098213766,1.2190742909908294,10.402202219963074,1000.0,0.5347734834803232,1.0,10321,401,0,110,0.6002290721471663,0.0,0.5311866531769435,0.0,5.756577453875382,0.0,5829.350576942172,0.0,0.6002290721471663,0.0,135.30775553385416,0.0,135.30775553385416,0.0,1.721505880355835,3.535805504322052,5.756577453875382,0.9284246524486817,0.5311866531769435,0.6002290721471663,5.074040832519532,218.60064663533143
noise-game,scale,fashion_mnist,42,500,100,1.1,1.0,0.05,iid,1.0,50,129,7.458225283221327,0.7944497297704219,0.6089605313539505,0.8905795612893986,0.9419692439758884,10.445702962875366,1000.0,0.43452130347516793,1.0,10729,1024,0,123,0.6013882474817295,0.0,0.327367981230574,0.0,5.791037971439098,0.0,5235.936478455898,0.0,0.6013882474817295,0.0,135.63508496965682,0.0,135.63508496965682,0.0,0.006109891934621763,5.264666867256165,5.791037971439098,0.9293099606540155,0.327367981230574,0.6013882474817295,9.494455947875977,366.5155534919128
noise-game,scale,fashion_mnist,42,500,100,1.1,1.0,0.05,iid,1.0,50,130,7.458225283221327,0.7944467301666737,0.6095214521884919,0.9438446880298403,1.5685438765212893,10.437549121379853,1000.0,0.5605692440367378,1.0,10469,551,0,112,0.6002290721471661,0.0,0.49839232745580375,0.0,5.814357670771256,0.0,5525.962581164291,0.0,0.6002290721471661,0.0,135.34422206878662,0.0,135.34422206878662,0.0,1.979428332298994,9.901055626869201,5.814357670771256,0.9239375112802236,0.49839232745580375,0.6002290721471661,5.413768882751465,221.03850324657162
noise-game,scale,fashion_mnist,42,500,100,1.1,1.0,0.05,iid,1.0,50,131,7.468738309886392,0.7945197308063507,0.6100668983161449,0.8158277119283446,1.2979499618522823,10.395866196155549,1000.0,0.415135098500798,1.0,10267,362,0,111,0.6002290721471661,0.0,0.3524942963849753,0.0,5.8347548836360525,0.0,5460.947500809468,0.0,0.6002290721471661,0.0,135.48828125,0.0,135.48828125,0.0,0.4604363285470754,1.1497204858064651,5.8347548836360525,0.9230325960740834,0.3524942963849753,0.6002290721471661,5.41953125,218.4379000323787
noise-game,scale,fashion_mnist,42,500,100,1.1,1.0,0.05,iid,1.0,50,132,7.593171132676778,0.7942857295274734,0.6111566573381424,0.8723627025935978,1.2762565528010499,10.41027535200119,1000.0,0.4602831461263329,1.0,10768,1093,0,125,0.600229072147166,0.0,0.40240726208892363,0.0,5.8719061185877015,0.0,5410.863278226507,0.0,0.600229072147166,0.0,135.43450769884834,0.0,135.43450769884834,0.0,0.06667319778352976,16.72536340713501,5.8719061185877015,0.9166382829447411,0.40240726208892363,0.600229072147166,9.819001808166504,392.2875876714217
noise-game,scale,fashion_mnist,42,500,100,1.1,1.0,0.05,iid,1.0,50,133,7.593171132676778,0.7940909804403782,0.61274621874094,0.8818337092702497,1.5655936415899883,10.417967314720153,1000.0,0.3641624061090549,1.0,10349,530,0,117,0.6002290721471659,0.0,0.42578713595867157,0.0,5.8992570600576775,0.0,5291.087975649565,0.0,0.6002290721471659,0.0,135.3606650612571,0.0,135.3606650612571,0.0,0.8069908375089819,5.350188407897949,5.8992570600576775,0.9154455926955418,0.42578713595867157,0.6002290721471659,7.444836578369141,291.0098386607261
noise-game,scale,fashion_mnist,42,500,100,1.1,1.0,0.05,iid,1.0,50,134,7.593171132676778,0.7942052280902863,0.6132281184196472,0.935585725341815,1.4540989367585433,10.452545099258423,1000.0,0.46448739816566753,1.0,10441,559,0,114,0.600229072147166,0.0,0.4747732248353331,0.0,5.923994886210421,0.0,5822.873620734522,0.0,0.600229072147166,0.0,135.25707204718339,0.0,135.25707204718339,0.0,1.2085152252724296,7.808536323308945,5.923994886210421,0.9060731580348191,0.4747732248353331,0.600229072147166,6.424710922241211,276.58649698488983
noise-game,scale,fashion_mnist,42,500,100,1.1,1.0,0.05,iid,1.0,50,135,7.593171132676778,0.7942234805226326,0.6142006823420525,0.9428671153080107,1.369510155916214,10.387904205322265,1000.0,0.4033378375057941,1.0,10499,635,0,116,0.6002290721471659,0.0,0.41886231787502765,0.0,5.943134805328143,0.0,5805.823650394143,0.0,0.6002290721471659,0.0,135.2976303100586,0.0,135.2976303100586,0.0,1.1717109739780427,7.179191656112671,5.943134805328143,0.9139279849556174,0.41886231787502765,0.6002290721471659,6.76488151550293,290.2911825197072
noise-game,scale,fashion_mnist,42,500,100,1.1,1.0,0.05,iid,1.0,50,136,7.61420402275194,0.794032229334116,0.6150940316915512,0.8380844148525498,1.594995735132176,10.411839504241943,1000.0,0.455988447041095,1.0,10586,830,0,118,0.6002290721471659,0.0,0.4846821495372316,0.0,5.965790826793934,0.0,5637.489014661653,0.0,0.6002290721471659,0.0,135.46957795516303,0.0,135.46957795516303,0.0,0.5782900365150493,11.05070864200592,5.965790826793934,0.9177015169762863,0.4846821495372316,0.6002290721471659,7.789500732421875,324.155618343045
noise-game,scale,fashion_mnist,42,500,100,1.1,1.0,0.05,iid,1.0,50,137,7.738636845542326,0.7936262299120426,0.6179765157401562,0.905418338870815,2.024289243895075,10.383279531002044,1000.0,0.4443095097139039,1.0,10697,874,0,117,0.6002290721471659,0.0,0.5184001631062963,0.0,5.992146289084985,0.0,5124.172970178023,0.0,0.6002290721471659,0.0,135.48339644722316,0.0,135.48339644722316,0.0,2.000955420991649,23.217121300697325,5.992146289084985,0.9182054127382023,0.5184001631062963,0.6002290721471659,7.790295295715332,294.63994578523636
noise-game,scale,fashion_mnist,42,500,100,1.1,1.0,0.05,iid,1.0,50,138,7.738636845542326,0.7937327307462693,0.6182331354916095,0.8484752084578785,1.2320214126259088,10.384765317440033,1000.0,0.4571604453678432,1.0,10397,536,0,115,0.6002290721471659,0.0,0.32156129498034713,0.0,6.018745102908131,0.0,5473.139633579834,0.0,0.6002290721471659,0.0,135.42252731323242,0.0,135.42252731323242,0.0,0.9025598913431168,3.507046775817871,6.018745102908131,0.9077618325325446,0.32156129498034713,0.6002290721471659,6.771126365661621,273.6569816789917
noise-game,scale,fashion_mnist,42,500,100,1.1,1.0,0.05,iid,1.0,50,139,7.738636845542326,0.793629728704691,0.6190483324229717,0.8476390990553414,1.2544615937879793,10.406122829914093,1000.0,0.47434405466373564,1.0,10696,967,0,123,0.600229072147166,0.0,0.3749499710759631,0.0,6.047304598838367,0.0,5290.777841267285,0.0,0.600229072147166,0.0,135.57253293637876,0.0,135.57253293637876,0.0,0.4574740082025528,19.996497230529783,6.047304598838367,0.9100653947660279,0.3749499710759631,0.600229072147166,9.151145973205566,357.1275042855418
noise-game,scale,fashion_mnist,42,500,100,1.1,1.0,0.05,iid,1.0,50,140,7.738636845542326,0.793744980096817,0.6194298887252807,0.9329644155615172,1.0956496608753998,10.423615877628327,1000.0,0.4401662128307605,1.0,10475,586,0,113,0.600229072147166,0.0,0.4114715703245666,0.0,6.065570531726143,0.0,5976.7706670701045,0.0,0.600229072147166,0.0,135.39866214328342,0.0,135.39866214328342,0.0,0.5438440458642112,4.543327107429504,6.065570531726143,0.912195757733675,0.4114715703245666,0.600229072147166,6.092939796447754,268.9546800181547
noise-game,scale,fashion_mnist,42,500,100,1.1,1.0,0.05,iid,1.0,50,141,7.863069668332711,0.7933937302231788,0.6215032498538494,0.7779069345273684,1.7596750510009853,10.390954005718232,1000.0,0.34054171089371477,1.0,10275,470,0,117,0.6002290721471659,0.0,0.46374955637888476,0.0,6.090632694408989,0.0,5398.55363920283,0.0,0.6002290721471659,0.0,135.40630409934303,0.0,135.40630409934303,0.0,0.668461639772762,10.9212211728096,6.090632694408989,0.9120118211605642,0.46374955637888476,0.6002290721471659,7.447346725463867,296.9204501561557
noise-game,scale,fashion_mnist,42,500,100,1.1,1.0,0.05,iid,1.0,50,142,7.863069668332711,0.7934309813380241,0.622055906355381,0.849347327854376,1.1742700214187305,10.400731229782105,1000.0,0.4646850169297112,1.0,10320,436,0,114,0.600229072147166,0.0,0.33436331028739613,0.0,6.122908141999871,0.0,5443.8557732290965,0.0,0.600229072147166,0.0,135.58270009358725,0.0,135.58270009358725,0.0,0.8576124840312533,2.4433715903759,6.122908141999871,0.8577855746830244,0.33436331028739613,0.600229072147166,6.101221504211426,244.97350979530935
noise-game,scale,fashion_mnist,42,500,100,1.1,1.0,0.05,iid,1.0,50,143,7.863069668332711,0.7935102304816246,0.6226439914107322,0.8345169659894338,1.385222051706579,10.417610716819762,1000.0,0.4642277435892929,1.0,10461,572,0,113,0.600229072147166,0.0,0.40851488274832565,0.0,6.140860870396502,0.0,5772.801037586953,0.0,0.600229072147166,0.0,135.39801534016928,0.0,135.39801534016928,0.0,0.7350338708298901,6.394917206764221,6.140860870396502,0.8567985526438344,0.40851488274832565,0.600229072147166,6.092910690307617,259.77604669141283
noise-game,scale,fashion_mnist,42,500,100,1.1,1.0,0.05,iid,1.0,50,144,7.863069668332711,0.7932684804499149,0.6241620774567127,0.9043691046011608,1.6796631051434412,10.411353740692139,1000.0,0.6104048605470108,1.0,10620,716,0,112,0.600229072147166,0.0,0.5171032249927521,0.0,6.1708423274566595,0.0,5836.218911449126,0.0,0.600229072147166,0.0,135.26363372802734,0.0,135.26363372802734,0.0,1.2059883740213182,23.550547924041748,6.1708423274566595,0.8239879285063142,0.5171032249927521,0.600229072147166,6.0868635177612305,262.62985101521065
noise-game,scale,fashion_mnist,42,500,100,1.1,1.0,0.05,iid,1.0,50,145,7.863069668332711,0.7930782309174538,0.625183893442154,0.8862605992356195,1.6016863798722625,10.376546139717101,1000.0,0.3766045871708393,1.0,10475,700,0,119,0.6002290721471661,0.0,0.4663900925467412,0.0,6.1963925280565295,0.0,5703.725354633942,0.0,0.6002290721471661,0.0,135.5134220123291,0.0,135.5134220123291,0.0,0.2521599739169081,15.654540548324585,6.1963925280565295,0.823123390371313,0.4663900925467412,0.6002290721471661,8.130805320739746,342.2235212780365
noise-game,scale,fashion_mnist,42,500,100,1.1,1.0,0.05,iid,1.0,50,146,7.863069668332711,0.7933039812743664,0.6256844127178192,0.9057450729555148,1.1967767653140156,10.408788099288941,1000.0,0.3462877060369309,1.0,10383,576,0,117,0.6002290721471659,0.0,0.3804557862776247,0.0,6.222151914788121,0.0,5748.38613264485,0.0,0.6002290721471659,0.0,135.50751009854403,0.0,135.50751009854403,0.0,0.447315129366788,5.069225112199783,6.222151914788121,0.815992427990339,0.3804557862776247,0.6002290721471659,7.452913055419922,316.1612372954667
noise-game,scale,fashion_mnist,42,500,100,1.1,1.0,0.05,iid,1.0,50,147,7.863069668332711,0.7931024804711342,0.626740862429142,0.8999179750414372,1.5657832015019197,10.431422090530395,1000.0,0.44756419466865,1.0,10726,964,0,122,0.600229072147166,0.0,0.4458964071594752,0.0,6.247106371719152,0.0,5592.836745917059,0.0,0.600229072147166,0.0,135.53833888127252,0.0,135.53833888127252,0.0,0.7367776941794616,15.457995738983154,6.247106371719152,0.8201016074131696,0.4458964071594752,0.600229072147166,8.809992027282714,363.53438848460877
noise-game,scale,fashion_mnist,42,500,100,1.1,1.0,0.05,iid,1.0,50,148,7.863069668332711,0.7930509787797928,0.6278796152770519,0.9457415954635429,1.430780249990915,10.35392668247223,1000.0,0.5684043230764603,1.0,10654,756,0,114,0.600229072147166,0.0,0.3783858336116138,0.0,6.265836262802331,0.0,5686.309504789899,0.0,0.600229072147166,0.0,135.35838639108758,0.0,135.35838639108758,0.0,0.694903581158111,12.911796140670777,6.265836262802331,0.8263039462897684,0.3783858336116138,0.600229072147166,6.42952335357666,270.0997014775201
noise-game,scale,fashion_mnist,42,500,100,1.1,1.0,0.05,iid,1.0,50,149,7.863069668332711,0.7929767289757729,0.6288813520967961,0.9340819690248701,1.5327156692743302,10.41678097486496,1000.0,0.48272408761457875,1.0,10482,620,0,114,0.6002290721471659,0.0,0.43477806374430655,0.0,6.284105899632323,0.0,5541.540388673678,0.0,0.6002290721471659,0.0,135.61231842041016,0.0,135.61231842041016,0.0,1.0434792906045913,10.568455667495728,6.284105899632323,0.8271985405474843,0.43477806374430655,0.6002290721471659,6.780615921020508,277.0770194336839
