algorithm,attack_type,dataset,seed,n_nodes,n_attackers,noise_mult,clip_bound,sampling_rate,split_mode,dirichlet_alpha,start_round,round,epsilon,accuracy,test_loss,f1_score,mean_update_norm_honest,mean_update_norm_attacker,best_alpha,precision,recall,krum_score_honest,krum_score_attacker,nsr_honest,nsr_attacker,trust_honest,trust_attacker,eps_n_honest,eps_n_attacker,n_dp_norm_honest,n_dp_norm_attacker,sigma_n_honest,sigma_n_attacker,noise_norm_honest,noise_norm_attacker,sigma_dp_honest,sigma_dp_attacker,eps_avg,eps_std,avg_trust,avg_sigma_dp_precap,avg_n_dp_norm_postcap,avg_nsr
noise-game,scale,mnist,42,500,0,1.1,1.0,0.05,iid,1.0,99999,0,0.9455527092498777,0.3807141900062561,2.0956218161582947,0.0,0.8465197794139385,0.0,1000.0,0.0,0.0,8.899489864706993,0.0,1940.7653872707335,0.0,1.0,0.0,0.030257686695996086,0.0,338.6075611114502,0.0,1.5,0.0,338.6075611114502,0.0,1.5,0.0,0.030257686695996086,0.1664172768279785,1.0,1.5,10.835441955566406,62.104492392663474
noise-game,scale,mnist,42,500,0,1.1,1.0,0.05,iid,1.0,99999,1,0.9613352305352525,0.5543339877128601,1.8907718155384063,0.0,0.8930375576019287,0.0,1000.0,0.0,0.0,11.228130797545115,0.0,1880.3584112865826,0.0,0.9937467773755392,0.0,0.07217121386878676,0.0,336.2684847513835,0.0,1.491375517877083,0.0,336.2684847513835,0.0,1.491375517877083,0.0,0.07217121386878676,0.25165001224616296,0.9937467773755392,1.491375517877083,16.140887268066408,90.25720374175596
noise-game,scale,mnist,42,500,0,1.1,1.0,0.05,iid,1.0,99999,2,0.9813179202097082,0.6500751826763153,1.6802992181777954,0.0,0.8800408001299258,0.0,1000.0,0.0,0.0,12.296326796213785,0.0,1834.690938583033,0.0,0.998036817268089,0.0,0.12209318594093946,0.0,331.07725807472514,0.0,1.467303505507076,0.0,331.07725807472514,0.0,1.467303505507076,0.0,0.12209318594093946,0.31868101010465827,0.998036817268089,1.467303505507076,17.878171936035155,99.07331068348378
noise-game,scale,mnist,42,500,0,1.1,1.0,0.05,iid,1.0,99999,3,0.9868015105358459,0.7084115834236145,1.4805382833480836,0.0,0.8687581505094256,0.0,1000.0,0.0,0.0,13.572083473205566,0.0,1855.1096950849278,0.0,0.9973788474287305,0.0,0.1726981897569511,0.0,327.39315141950334,0.0,1.450753144303105,0.0,327.39315141950334,0.0,1.450753144303105,0.0,0.1726981897569511,0.3686289472375012,0.9973788474287305,1.450753144303105,18.33401647949219,103.88614292475596
noise-game,scale,mnist,42,500,0,1.1,1.0,0.05,iid,1.0,99999,4,1.007799534549282,0.7496479805707932,1.300408210992813,0.0,0.834002299950673,0.0,1000.0,0.0,0.0,10.837114334106445,0.0,1930.1759581109864,0.0,0.9988235189364507,0.0,0.22217585691123976,0.0,322.66758728027344,0.0,1.4313826963935457,0.0,322.66758728027344,0.0,1.4313826963935457,0.0,0.22217585691123976,0.40658422812850215,0.9988235189364507,1.4313826963935457,16.778714538574217,100.36914982177129
noise-game,scale,mnist,42,500,0,1.1,1.0,0.05,iid,1.0,99999,5,1.0377178898438362,0.7782569810152054,1.1464033904075623,0.0,1.0460602343082428,0.0,1000.0,0.0,0.0,12.618928503990173,0.0,2096.129720470388,0.0,0.9842070400714874,0.0,0.25093166689662816,0.0,323.8378875732422,0.0,1.4349566746878584,0.0,323.8378875732422,0.0,1.4349566746878584,0.0,0.25093166689662816,0.42569962585782634,0.9842070400714874,1.4349566746878584,12.953515502929687,83.84518881881552
noise-game,scale,mnist,42,500,0,1.1,1.0,0.05,iid,1.0,99999,6,1.0445598672534044,0.7989163793325424,1.0200339130163192,0.0,0.9682687493887815,0.0,1000.0,0.0,0.0,10.73303974758495,0.0,2280.0893196385596,0.0,0.9801850698210977,0.0,0.2867774158201787,0.0,321.12048894708806,0.0,1.4234539508115247,0.0,321.12048894708806,0.0,1.4234539508115247,0.0,0.2867774158201787,0.4468830008499476,0.9801850698210977,1.4234539508115247,14.129301513671875,100.32393006409661
noise-game,scale,mnist,42,500,0,1.1,1.0,0.05,iid,1.0,99999,7,1.1244007076856004,0.8131023794412613,0.9192938106060028,0.0,0.9371649252957311,0.0,1000.0,0.0,0.0,14.353548608977219,0.0,2521.37211994006,0.0,0.9800523663389271,0.0,0.3352741830896892,0.0,316.95655243972254,0.0,1.4066576009523755,0.0,316.95655243972254,0.0,1.4066576009523755,0.0,0.3352741830896892,0.47215240414312715,0.9800523663389271,1.4066576009523755,18.383480041503905,146.23958295652346
noise-game,scale,mnist,42,500,0,1.1,1.0,0.05,iid,1.0,99999,8,1.1993756772918496,0.8233047800064087,0.8398545464277267,0.0,1.0715699093095188,0.0,1000.0,0.0,0.0,18.109474675408727,0.0,2858.294328075222,0.0,0.9493373303577818,0.0,0.3732263326716891,0.0,322.8641031199488,0.0,1.4317338425949568,0.0,322.8641031199488,0.0,1.4317338425949568,0.0,0.3732263326716891,0.49073619278093406,0.9493373303577818,1.4317338425949568,18.72611798095703,165.7810710283629
noise-game,scale,mnist,42,500,0,1.1,1.0,0.05,iid,1.0,99999,9,1.2544605714032104,0.831476378083229,0.7762491427659989,0.0,1.0485845627608124,0.0,1000.0,0.0,0.0,13.959324130305538,0.0,3164.4774937400266,0.0,0.9340592821439108,0.0,0.410014809802203,0.0,323.9410886411314,0.0,1.4352267067597406,0.0,323.9410886411314,0.0,1.4352267067597406,0.0,0.410014809802203,0.5068195107604767,0.9340592821439108,1.4352267067597406,17.492818786621093,170.88178466196143
noise-game,scale,mnist,42,500,0,1.1,1.0,0.05,iid,1.0,99999,10,1.25798618594485,0.837355580329895,0.7256636719703674,0.0,1.1243936265668562,0.0,1000.0,0.0,0.0,19.86353797297324,0.0,3380.9446787148477,0.0,0.9546346895156368,0.0,0.4586267351003654,0.0,313.6869841544859,0.0,1.390733786555637,0.0,313.6869841544859,0.0,1.390733786555637,0.0,0.4586267351003654,0.5256631511651687,0.9546346895156368,1.390733786555637,19.448593017578126,209.61857008032058
noise-game,scale,mnist,42,500,0,1.1,1.0,0.05,iid,1.0,99999,11,1.271306801917457,0.8426489797830582,0.6843013930320739,0.0,1.2080772082010904,0.0,1000.0,0.0,0.0,20.931638622283934,0.0,3679.028762591898,0.0,0.9453945199648539,0.0,0.4976155843928898,0.0,312.6911895751953,0.0,1.38629102368524,0.0,312.6911895751953,0.0,1.38629102368524,0.0,0.4976155843928898,0.537809209583848,0.9453945199648539,1.38629102368524,18.761471374511718,220.74172575551387
noise-game,scale,mnist,42,500,0,1.1,1.0,0.05,iid,1.0,99999,12,1.271306801917457,0.8468511798381806,0.6501715993881225,0.0,1.210408478975296,0.0,1000.0,0.0,0.0,24.41478772163391,0.0,4056.5210882486313,0.0,0.9259115636348725,0.0,0.5350494445921066,0.0,314.68213704427086,0.0,1.3950600260709494,0.0,314.68213704427086,0.0,1.3950600260709494,0.0,0.5350494445921066,0.547595103928052,0.9259115636348725,1.3950600260709494,18.88092822265625,243.3912652949179
noise-game,scale,mnist,42,500,0,1.1,1.0,0.05,iid,1.0,99999,13,1.2746112437300372,0.850327578663826,0.621666627407074,0.0,1.2100851425418147,0.0,1000.0,0.0,0.0,18.163952615525986,0.0,4342.006173527178,0.0,0.9121461223672938,0.0,0.5617031482537325,0.0,315.0995121708623,0.0,1.3960850741841169,0.0,315.0995121708623,0.0,1.3960850741841169,0.0,0.5617031482537325,0.5528978534425384,0.9121461223672938,1.3960850741841169,17.01537365722656,234.46833337046766
noise-game,scale,mnist,42,500,0,1.1,1.0,0.05,iid,1.0,99999,14,1.2746112437300372,0.8537427785396576,0.5970771137475968,0.0,1.1601756248209212,0.0,1000.0,0.0,0.0,10.683547761705187,0.0,4475.810619341728,0.0,0.9530151453283098,0.0,0.591528555593317,0.0,299.6232452392578,0.0,1.3276089926302101,0.0,299.6232452392578,0.0,1.3276089926302101,0.0,0.591528555593317,0.5577149701151315,0.9530151453283098,1.3276089926302101,10.786436828613281,161.12918229630216
noise-game,scale,mnist,42,500,0,1.1,1.0,0.05,iid,1.0,99999,15,1.2873416170642469,0.8563913779258728,0.5764174133539199,0.0,1.3179555768552034,0.0,1000.0,0.0,0.0,17.4792364369268,0.0,4815.577451590892,0.0,0.9186751842498779,0.0,0.617100445769969,0.0,305.5870162300442,0.0,1.354797611183789,0.0,305.5870162300442,0.0,1.354797611183789,0.0,0.617100445769969,0.5616418864731715,0.9186751842498779,1.354797611183789,14.05700274658203,221.51656277318108
noise-game,scale,mnist,42,500,0,1.1,1.0,0.05,iid,1.0,99999,16,1.3078792193352813,0.8587893797159195,0.5584468666315079,0.0,1.533338541785876,0.0,1000.0,0.0,0.0,28.482567071914673,0.0,5084.602416508254,0.0,0.9101967364549637,0.0,0.6350219771383695,0.0,304.11977513631183,0.0,1.3491331780625544,0.0,304.11977513631183,0.0,1.3491331780625544,0.0,0.6350219771383695,0.5666076181841687,0.9101967364549637,1.3491331780625544,14.597749206542968,244.06091599239616
noise-game,scale,mnist,42,500,0,1.1,1.0,0.05,iid,1.0,99999,17,1.3350325144241961,0.8609251787662506,0.5426704325675964,0.0,1.172515484419736,0.0,1000.0,0.0,0.0,13.074405496770686,0.0,5370.983281565178,0.0,0.9031983288851652,0.0,0.6633456161496192,0.0,302.5160508589311,0.0,1.3416007371742324,0.0,302.5160508589311,0.0,1.3416007371742324,0.0,0.6633456161496192,0.5689446800204028,0.9031983288851652,1.3416007371742324,13.310706237792969,236.32326438886784
noise-game,scale,mnist,42,500,0,1.1,1.0,0.05,iid,1.0,99999,18,1.3698859743709333,0.8628221778869629,0.5289653658866882,0.0,1.3339862357015195,0.0,1000.0,0.0,0.0,18.862474690312926,0.0,5646.643788014488,0.0,0.8818237198435742,0.0,0.6874859860494971,0.0,304.70517365828806,0.0,1.3514311539594035,0.0,304.70517365828806,0.0,1.3514311539594035,0.0,0.6874859860494971,0.5711344452913898,0.8818237198435742,1.3514311539594035,14.01643798828125,259.7456142486664
noise-game,scale,mnist,42,500,0,1.1,1.0,0.05,iid,1.0,99999,19,1.4130230317961465,0.8644789794683456,0.5168022381663322,0.0,1.3138773441314697,0.0,1000.0,0.0,0.0,19.341850714250043,0.0,5634.02249712648,0.0,0.9153870181603865,0.0,0.7167684742778077,0.0,292.1022297252308,0.0,1.29523006106248,0.0,292.1022297252308,0.0,1.29523006106248,0.0,0.7167684742778077,0.5722616271110567,0.9153870181603865,1.29523006106248,12.852498107910156,247.8969898735651
noise-game,scale,mnist,42,500,0,1.1,1.0,0.05,iid,1.0,99999,20,1.4874212646842815,0.8660587791204453,0.5058756662011147,0.0,1.1083993784018926,0.0,1000.0,0.0,0.0,15.748336110796247,0.0,5912.687022896335,0.0,0.9037345051765442,0.0,0.7515892368348557,0.0,291.70591408865795,0.0,1.293529472031063,0.0,291.70591408865795,0.0,1.293529472031063,0.0,0.7515892368348557,0.5742797965254451,0.9037345051765442,1.293529472031063,16.335531188964843,331.1104732821947
noise-game,scale,mnist,42,500,0,1.1,1.0,0.05,iid,1.0,99999,21,1.5232725770618907,0.8675027780532837,0.49616895455121995,0.0,1.233095685640971,0.0,1000.0,0.0,0.0,13.008753367832728,0.0,6333.609117495026,0.0,0.8620805059160505,0.0,0.772776141058511,0.0,299.2456752232143,0.0,1.3266629086842405,0.0,299.2456752232143,0.0,1.3266629086842405,0.0,0.772776141058511,0.5763495957008572,0.8620805059160505,1.3266629086842405,12.568318359375,266.0115829347911
noise-game,scale,mnist,42,500,0,1.1,1.0,0.05,iid,1.0,99999,22,1.5887345037082428,0.868543179154396,0.48788426238298416,0.0,1.5159897697823388,0.0,1000.0,0.0,0.0,27.80089524814061,0.0,6356.554961486535,0.0,0.8573102706245014,0.0,0.7954207783842571,0.0,296.77857971191406,0.0,1.316333214296798,0.0,296.77857971191406,0.0,1.316333214296798,0.0,0.7954207783842571,0.5793019424976701,0.8573102706245014,1.316333214296798,16.619600463867187,355.96707784324593
noise-game,scale,mnist,42,500,0,1.1,1.0,0.05,iid,1.0,99999,23,1.6597034277327398,0.869669979095459,0.479971071600914,0.0,1.3072184835161482,0.0,1000.0,0.0,0.0,14.138394151415143,0.0,6362.62715226269,0.0,0.8819886587914967,0.0,0.8272357996537207,0.0,286.89125279017856,0.0,1.2725421936700962,0.0,286.89125279017856,0.0,1.2725421936700962,0.0,0.8272357996537207,0.5815516705221738,0.8819886587914967,1.2725421936700962,12.0494326171875,267.230340395033
noise-game,scale,mnist,42,500,0,1.1,1.0,0.05,iid,1.0,99999,24,1.7352549324098123,0.8706599787473679,0.47295210510492325,0.0,1.3580099046230316,0.0,1000.0,0.0,0.0,12.044409608840942,0.0,6771.707581687644,0.0,0.860745319724083,0.0,0.8502312772856997,0.0,289.42809143066404,0.0,1.2812541045741772,0.0,289.42809143066404,0.0,1.2812541045741772,0.0,0.8502312772856997,0.5842269298675948,0.860745319724083,1.2812541045741772,11.577123657226563,270.8683032675057
noise-game,scale,mnist,42,500,0,1.1,1.0,0.05,iid,1.0,99999,25,1.8012643354739817,0.8716377795934677,0.46614036691188815,0.0,1.0511842558258457,0.0,1000.0,0.0,0.0,9.981576693685431,0.0,6589.169256413943,0.0,0.9183961466739052,0.0,0.8847700708186039,0.0,270.99933905350537,0.0,1.201907763155291,0.0,270.99933905350537,0.0,1.201907763155291,0.0,0.8847700708186039,0.5879363116174724,0.9183961466739052,1.201907763155291,10.297974884033204,250.3884317437298
noise-game,scale,mnist,42,500,0,1.1,1.0,0.05,iid,1.0,99999,26,1.807543664021814,0.8725447788238525,0.4601535782814026,0.0,1.260521804744547,0.0,1000.0,0.0,0.0,13.792364987460049,0.0,7179.860035938183,0.0,0.8212119286710565,0.0,0.9091642475496379,0.0,292.40096907182175,0.0,1.2942766408629975,0.0,292.40096907182175,0.0,1.2942766408629975,0.0,0.9091642475496379,0.5896859568398921,0.8212119286710565,1.2942766408629975,12.865642639160157,315.9138415812801
noise-game,scale,mnist,42,500,0,1.1,1.0,0.05,iid,1.0,99999,27,1.815507000785066,0.873330579161644,0.4547559711933136,0.0,1.3401859884078686,0.0,1000.0,0.0,0.0,26.66013165620657,0.0,7177.200792981521,0.0,0.8355593108213865,0.0,0.9380343940033374,0.0,285.0522860013522,0.0,1.2632730160280743,0.0,285.0522860013522,0.0,1.2632730160280743,0.0,0.9380343940033374,0.5907501052786079,0.8355593108213865,1.2632730160280743,14.822718872070313,373.21444123503903
noise-game,scale,mnist,42,500,0,1.1,1.0,0.05,iid,1.0,99999,28,1.8256648803323465,0.8741165775060654,0.44970780724287035,0.0,1.189000098793595,0.0,1000.0,0.0,0.0,16.826238985414857,0.0,7352.303095126139,0.0,0.8402718581535198,0.0,0.9675708433896282,0.0,280.53860530146846,0.0,1.2431527899429253,0.0,280.53860530146846,0.0,1.2431527899429253,0.0,0.9675708433896282,0.5922813695034292,0.8402718581535198,1.2431527899429253,15.149084686279297,397.02436713681146
noise-game,scale,mnist,42,500,0,1.1,1.0,0.05,iid,1.0,99999,29,1.8386581572171654,0.8748357772827149,0.4449859444499016,0.0,1.1618458940869285,0.0,1000.0,0.0,0.0,12.397419770558676,0.0,7411.972550554505,0.0,0.8402442790213085,0.0,0.9876442965310815,0.0,276.8623570033482,0.0,1.2283533168993856,0.0,276.8623570033482,0.0,1.2283533168993856,0.0,0.9876442965310815,0.59443249207105,0.8402442790213085,1.2283533168993856,11.628218994140624,311.30284712328915
noise-game,scale,mnist,42,500,0,1.1,1.0,0.05,iid,1.0,99999,30,1.8552614892151664,0.8753549786806106,0.4410621038675308,0.0,1.4200023990124464,0.0,1000.0,0.0,0.0,28.550998508930206,0.0,7609.001353237357,0.0,0.8204090241342783,0.0,1.0182958364915624,0.0,278.58986473083496,0.0,1.2344590474628083,0.0,278.58986473083496,0.0,1.2344590474628083,0.0,1.0182958364915624,0.5966555788047259,0.8204090241342783,1.2344590474628083,17.829751342773438,486.97608660719084
noise-game,scale,mnist,42,500,0,1.1,1.0,0.05,iid,1.0,99999,31,1.8763617987396206,0.8759159775972366,0.4372661064267159,0.0,1.6070274611314137,0.0,1000.0,0.0,0.0,21.92577452129788,0.0,7522.744832125911,0.0,0.8189859224690331,0.0,1.0318248093635798,0.0,275.47202555338544,0.0,1.2212055972402043,0.0,275.47202555338544,0.0,1.2212055972402043,0.0,1.0318248093635798,0.5988839055819098,0.8189859224690331,1.2212055972402043,9.916992919921874,270.8188139565328
noise-game,scale,mnist,42,500,0,1.1,1.0,0.05,iid,1.0,99999,32,1.9028991767294043,0.8764183770418167,0.4337183657884598,0.0,1.472641073167324,0.0,1000.0,0.0,0.0,23.466680765151978,0.0,7469.378796242871,0.0,0.8580771088600159,0.0,1.0663169404686206,0.0,263.1383762359619,0.0,1.1666993528567582,0.0,263.1383762359619,0.0,1.1666993528567582,0.0,1.0663169404686206,0.5994548538586273,0.8580771088600159,1.1666993528567582,12.630642059326172,358.53018221965783
noise-game,scale,mnist,42,500,0,1.1,1.0,0.05,iid,1.0,99999,33,1.9357654709662342,0.8767873769998551,0.4306599970459938,0.0,1.5401970028877259,0.0,1000.0,0.0,0.0,25.55002223968506,0.0,7539.875858022254,0.0,0.8275020599365235,0.0,1.0941801365280108,0.0,266.9043951416016,0.0,1.183648446953268,0.0,266.9043951416016,0.0,1.183648446953268,0.0,1.0941801365280108,0.6003242459672333,0.8275020599365235,1.183648446953268,13.345219757080079,376.99379290111267
noise-game,scale,mnist,42,500,0,1.1,1.0,0.05,iid,1.0,99999,34,1.975674232474628,0.877067177772522,0.4281972094774246,0.0,1.5365182647579594,0.0,1000.0,0.0,0.0,40.032521147477,0.0,7843.045165266282,0.0,0.789646789431572,0.0,1.1311296371896484,0.0,272.3148402163857,0.0,1.2072889814143315,0.0,272.3148402163857,0.0,1.2072889814143315,0.0,1.1311296371896484,0.6029866187194963,0.789646789431572,1.2072889814143315,20.695927856445312,596.0714325602374
noise-game,scale,mnist,42,500,0,1.1,1.0,0.05,iid,1.0,99999,35,2.0230384468452467,0.8775069783926011,0.4251975221037865,0.0,1.6275552300845875,0.0,1000.0,0.0,0.0,17.021475062650794,0.0,7672.464690972272,0.0,0.8142869682872996,0.0,1.1503566054025018,0.0,263.6962127685547,0.0,1.1686034650501487,0.0,263.6962127685547,0.0,1.1686034650501487,0.0,1.1503566054025018,0.6038341755100113,0.8142869682872996,1.1686034650501487,8.965671234130859,260.86379949305723
noise-game,scale,mnist,42,500,0,1.1,1.0,0.05,iid,1.0,99999,36,2.077902649700887,0.8779229768514634,0.4224197583794594,0.0,1.3347786435714135,0.0,1000.0,0.0,0.0,23.558495154747597,0.0,7980.45882749385,0.0,0.8046573560971481,0.0,1.1843100932931643,0.0,262.6299532376803,0.0,1.16404147916002,0.0,262.6299532376803,0.0,1.16404147916002,0.0,1.1843100932931643,0.6026845608834746,0.8046573560971481,1.16404147916002,13.656757568359374,414.9838590296802
noise-game,scale,mnist,42,500,0,1.1,1.0,0.05,iid,1.0,99999,37,2.139958997731573,0.8784029778242112,0.4199475753903389,0.0,1.4273555606603623,0.0,1000.0,0.0,0.0,18.31213111281395,0.0,7886.144304336469,0.0,0.8108852595090866,0.0,1.2130862168864172,0.0,258.1816215515137,0.0,1.1441639811314595,0.0,258.1816215515137,0.0,1.1441639811314595,0.0,1.2130862168864172,0.6015547437455552,0.8108852595090866,1.1441639811314595,10.327264862060547,315.4457721734588
noise-game,scale,mnist,42,500,0,1.1,1.0,0.05,iid,1.0,99999,38,2.208639226078354,0.8785011789798737,0.41828329002857206,0.0,1.6252633027128272,0.0,1000.0,0.0,0.0,42.06656182778848,0.0,8384.661365121137,0.0,0.7404031745485358,0.0,1.2368073773048005,0.0,270.47499826792125,0.0,1.1975248457048155,0.0,270.47499826792125,0.0,1.1975248457048155,0.0,1.2368073773048005,0.6063555509924369,0.7404031745485358,1.1975248457048155,20.01514987182617,620.4649410189642
noise-game,scale,mnist,42,500,0,1.1,1.0,0.05,iid,1.0,99999,39,2.283242686830038,0.8789531786441803,0.4157856532931328,0.0,1.3116073504738186,0.0,1000.0,0.0,0.0,16.528791966645613,0.0,8262.950120648677,0.0,0.7612197969270789,0.0,1.258957739133136,0.0,262.69462718134344,0.0,1.1636857008174593,0.0,262.69462718134344,0.0,1.1636857008174593,0.0,1.258957739133136,0.60764076104633,0.7612197969270789,1.1636857008174593,12.083952850341797,380.0957055498392
noise-game,scale,mnist,42,500,0,1.1,1.0,0.05,iid,1.0,99999,40,2.3630554093683274,0.8791615798473358,0.41406943506002425,0.0,1.5976703445116678,0.0,1000.0,0.0,0.0,32.3620351155599,0.0,8322.389052116127,0.0,0.7682868381341298,0.0,1.2877537615436256,0.0,257.9770696004232,0.0,1.1432454720474439,0.0,257.9770696004232,0.0,1.1432454720474439,0.0,1.2877537615436256,0.6100431265653246,0.7682868381341298,1.1432454720474439,15.47862417602539,499.3433431269676
noise-game,scale,mnist,42,500,0,1.1,1.0,0.05,iid,1.0,99999,41,2.3907381324560433,0.8791061786413192,0.41302789747714996,0.0,1.7805373394811475,0.0,1000.0,0.0,0.0,55.0503119391364,0.0,8011.115781606131,0.0,0.8042553486050786,0.0,1.3292802451383823,0.0,247.60922158730997,0.0,1.0966216631914556,0.0,247.60922158730997,0.0,1.0966216631914556,0.0,1.3292802451383823,0.6166175815958638,0.8042553486050786,1.0966216631914556,18.323082397460936,592.8225678388537
noise-game,scale,mnist,42,500,0,1.1,1.0,0.05,iid,1.0,99999,42,2.418781558517176,0.8795843781232834,0.4107635684609413,0.0,1.2662949562072754,0.0,1000.0,0.0,0.0,14.234367329141367,0.0,8112.187242158356,0.0,0.7949262002240056,0.0,1.3607551946503913,0.0,246.19594806173572,0.0,1.0919945842176717,0.0,246.19594806173572,0.0,1.0919945842176717,0.0,1.3607551946503913,0.6153275093167647,0.7949262002240056,1.0919945842176717,11.325013610839843,373.1606131392844
noise-game,scale,mnist,42,500,0,1.1,1.0,0.05,iid,1.0,99999,43,2.4526512588048472,0.879652378320694,0.4095342773795128,0.0,1.6132579733585488,0.0,1000.0,0.0,0.0,31.95447277200633,0.0,7747.598673307349,0.0,0.8094990212341835,0.0,1.3923071602184938,0.0,240.64550991716055,0.0,1.0659211098111896,0.0,240.64550991716055,0.0,1.0659211098111896,0.0,1.3923071602184938,0.6154741884704898,0.8094990212341835,1.0659211098111896,13.957439575195313,449.36072305182626
noise-game,scale,mnist,42,500,0,1.1,1.0,0.05,iid,1.0,99999,44,2.4929931995985752,0.8796771785020828,0.4087446666955948,0.0,1.6649190015865094,0.0,1000.0,0.0,0.0,43.84921328226725,0.0,7974.461304089409,0.0,0.8215646554123271,0.0,1.4385025526755235,0.0,235.10660807291666,0.0,1.042532331390861,0.0,235.10660807291666,0.0,1.042532331390861,0.0,1.4385025526755235,0.6133647426221067,0.8215646554123271,1.042532331390861,15.5170361328125,526.3144460699009
noise-game,scale,mnist,42,500,0,1.1,1.0,0.05,iid,1.0,99999,45,2.5028702420513085,0.8798373777866364,0.4075431956648827,0.0,1.8789591436032895,0.0,1000.0,0.0,0.0,44.21180590876826,0.0,8114.1555430506805,0.0,0.7539614306555854,0.0,1.4559896613159895,0.0,245.75587237322773,0.0,1.0891901980140657,0.0,245.75587237322773,0.0,1.0891901980140657,0.0,1.4559896613159895,0.6186444347271765,0.7539614306555854,1.0891901980140657,13.270817108154297,438.16439932473673
noise-game,scale,mnist,42,500,0,1.1,1.0,0.05,iid,1.0,99999,46,2.594701656565933,0.8801815773248672,0.40582589000463487,0.0,1.807165138031307,0.0,1000.0,0.0,0.0,24.944836566322728,0.0,8137.109894380558,0.0,0.779350575647856,0.0,1.4770119946472464,0.0,237.84536100688734,0.0,1.054269531872325,0.0,237.84536100688734,0.0,1.054269531872325,0.0,1.4770119946472464,0.620966010859337,0.779350575647856,1.054269531872325,9.03812371826172,309.21017598646125
noise-game,scale,mnist,42,500,0,1.1,1.0,0.05,iid,1.0,99999,47,2.656244240566243,0.8799363777637482,0.40572411942481995,0.0,1.9164928821000187,0.0,1000.0,0.0,0.0,50.18518667510062,0.0,7825.710911326432,0.0,0.7880578330068877,0.0,1.5175548245231967,0.0,233.42287606904,0.0,1.034263188069595,0.0,233.42287606904,0.0,1.034263188069595,0.0,1.5175548245231967,0.6211494341720826,0.7880578330068877,1.034263188069595,15.40590982055664,516.4969201475445
noise-game,scale,mnist,42,500,0,1.1,1.0,0.05,iid,1.0,99999,48,2.656244240566243,0.8802225786447525,0.40435160541534426,0.0,1.9664822906255721,0.0,1000.0,0.0,0.0,29.844074058532716,0.0,8379.659102406513,0.0,0.7560419142246246,0.0,1.5324475213634325,0.0,236.7721389770508,0.0,1.048922460090192,0.0,236.7721389770508,0.0,1.048922460090192,0.0,1.5324475213634325,0.6263840952851712,0.7560419142246246,1.048922460090192,9.470885559082031,335.18636409626055
noise-game,scale,mnist,42,500,0,1.1,1.0,0.05,iid,1.0,99999,49,2.7993669760003552,0.8801571760177612,0.40385463172197344,0.0,2.181114313277331,0.0,1000.0,0.0,0.0,43.44081349806352,0.0,7695.188491707895,0.0,0.8191244900226593,0.0,1.550385816185726,0.0,221.9250398115678,0.0,0.9838530122123721,0.0,221.9250398115678,0.0,0.9838530122123721,0.0,1.550385816185726,0.6336599905047603,0.8191244900226593,0.9838530122123721,9.764701751708984,338.5882936351474
noise-game,scale,mnist,42,500,0,1.1,1.0,0.05,iid,1.0,99999,50,2.879944798153641,0.8802493774890899,0.40311892867088317,0.0,1.8695643281936645,0.0,1000.0,0.0,0.0,35.5429288482666,0.0,7838.715547455088,0.0,0.8033248054981231,0.0,1.585989456336533,0.0,222.21516967773437,0.0,0.9851239070515685,0.0,222.21516967773437,0.0,0.9851239070515685,0.0,1.585989456336533,0.6375902518095236,0.8033248054981231,0.9851239070515685,11.110758483886718,391.9357773727544
noise-game,scale,mnist,42,500,0,1.1,1.0,0.05,iid,1.0,99999,51,2.965783266035847,0.8801509773731232,0.40288262248039247,0.0,1.9893142039125615,0.0,1000.0,0.0,0.0,31.5646127354015,0.0,8021.813500303103,0.0,0.7725025388327512,0.0,1.6169155056631463,0.0,224.92423456365412,0.0,0.9984438325831942,0.0,224.92423456365412,0.0,0.9984438325831942,0.0,1.6169155056631463,0.6398335108405012,0.7725025388327512,0.9984438325831942,9.896666320800781,352.95979401333653
noise-game,scale,mnist,42,500,0,1.1,1.0,0.05,iid,1.0,99999,52,3.056351579648125,0.8802561781406403,0.40213445699214934,0.0,1.971802409206118,0.0,1000.0,0.0,0.0,37.776399703252885,0.0,7556.109001613397,0.0,0.8238257481938317,0.0,1.6486507265176678,0.0,213.3462408156622,0.0,0.9452858787068118,0.0,213.3462408156622,0.0,0.9452858787068118,0.0,1.6486507265176678,0.6454369541407433,0.8238257481938317,0.9452858787068118,8.960542114257812,317.3565780677627
noise-game,scale,mnist,42,500,0,1.1,1.0,0.05,iid,1.0,99999,53,3.151189260383788,0.8804307793378829,0.4012062876820564,0.0,1.6155620501800017,0.0,1000.0,0.0,0.0,26.126543738625266,0.0,8418.535315187726,0.0,0.7577485496347601,0.0,1.6741494112665083,0.0,222.52271340110084,0.0,0.9864827173206325,0.0,222.52271340110084,0.0,0.9864827173206325,0.0,1.6741494112665083,0.6497780002188789,0.7577485496347601,0.9864827173206325,9.790999389648437,370.41555386826
noise-game,scale,mnist,42,500,0,1.1,1.0,0.05,iid,1.0,99999,54,3.151189260383788,0.880121178150177,0.4017700142264366,0.0,2.2724503185600042,0.0,1000.0,0.0,0.0,72.25733661651611,0.0,8016.917010139976,0.0,0.764417989179492,0.0,1.702730779090153,0.0,218.67395782470703,0.0,0.9694825833796853,0.0,218.67395782470703,0.0,0.9694825833796853,0.0,1.702730779090153,0.6591374709878763,0.764417989179492,0.9694825833796853,13.99513330078125,513.0826886489584
noise-game,scale,mnist,42,500,0,1.1,1.0,0.05,iid,1.0,99999,55,3.254740520135267,0.8803321789503098,0.4007857352495193,0.0,2.0244665776982025,0.0,1000.0,0.0,0.0,28.471144564011517,0.0,7812.737942182368,0.0,0.7746699662769542,0.0,1.71885649406537,0.0,214.28809311810662,0.0,0.9499701946837726,0.0,214.28809311810662,0.0,0.9499701946837726,0.0,1.71885649406537,0.6669637646434343,0.7746699662769542,0.9499701946837726,7.285795166015625,265.63309003420056
noise-game,scale,mnist,42,500,0,1.1,1.0,0.05,iid,1.0,99999,56,3.3411950837489655,0.8806991777420043,0.39947583150863647,0.0,1.4391831521477019,0.0,1000.0,0.0,0.0,10.233162232807704,0.0,8785.14344792636,0.0,0.7358680282320295,0.0,1.7395301000356174,0.0,218.55835178920202,0.0,0.9683620979000376,0.0,218.55835178920202,0.0,0.9683620979000376,0.0,1.7395301000356174,0.6708247762658173,0.7358680282320295,0.9683620979000376,6.119633850097657,245.98401654193813
noise-game,scale,mnist,42,500,0,1.1,1.0,0.05,iid,1.0,99999,57,3.384758982493034,0.8807501782178879,0.3988359391093254,0.0,1.4588819231305803,0.0,1000.0,0.0,0.0,26.381842817578995,0.0,8130.653329415596,0.0,0.8159915102379662,0.0,1.801066595769784,0.0,202.3396453857422,0.0,0.8961663855857456,0.0,202.3396453857422,0.0,0.8961663855857456,0.0,1.801066595769784,0.6735195549523559,0.8159915102379662,0.8961663855857456,11.331020141601563,455.3165864472733
noise-game,scale,mnist,42,500,0,1.1,1.0,0.05,iid,1.0,99999,58,3.434826558904058,0.8806983777284623,0.39879768723249437,0.0,1.8651254130527377,0.0,1000.0,0.0,0.0,47.18962240219116,0.0,8375.15456471361,0.0,0.7734309891238809,0.0,1.8558310638789652,0.0,206.9126648902893,0.0,0.917306113108922,0.0,206.9126648902893,0.0,0.917306113108922,0.0,1.8558310638789652,0.6824938856174064,0.7734309891238809,0.917306113108922,13.242410552978516,536.009892141671
noise-game,scale,mnist,42,500,0,1.1,1.0,0.05,iid,1.0,99999,59,3.4916790995356086,0.8807291787862778,0.3983590062260628,0.0,1.7612687958323436,0.0,1000.0,0.0,0.0,24.133745608122453,0.0,8258.96398184697,0.0,0.7528016502442567,0.0,1.894367406455098,0.0,207.94128152598506,0.0,0.9216081218661389,0.0,207.94128152598506,0.0,0.9216081218661389,0.0,1.894367406455098,0.6866476958524922,0.7528016502442567,0.9216081218661389,9.565298950195313,379.91234316496065
noise-game,scale,mnist,42,500,0,1.1,1.0,0.05,iid,1.0,99999,60,3.4916790995356086,0.8806531780958176,0.39842329132556914,0.0,2.0230391770601273,0.0,1000.0,0.0,0.0,43.581950743993126,0.0,7858.804759440119,0.0,0.743636059264342,0.0,1.9172912264329693,0.0,207.2326831817627,0.0,0.9173069736897626,0.0,207.2326831817627,0.0,0.9173069736897626,0.0,1.9172912264329693,0.695906790653107,0.743636059264342,0.9173069736897626,9.947168792724609,377.2226284531257
noise-game,scale,mnist,42,500,0,1.1,1.0,0.05,iid,1.0,99999,61,3.6260046006914677,0.8806771787405014,0.3981517227888107,0.0,1.9609379584972675,0.0,1000.0,0.0,0.0,42.35588396512545,0.0,8254.383823917335,0.0,0.7589291907273806,0.0,1.968035574074601,0.0,201.8581513624925,0.0,0.8953323140034889,0.0,201.8581513624925,0.0,0.8953323140034889,0.0,1.968035574074601,0.6984490650879989,0.7589291907273806,0.8953323140034889,10.496623870849609,429.2279588437014
noise-game,scale,mnist,42,500,0,1.1,1.0,0.05,iid,1.0,99999,62,3.7031987943913385,0.8806345772743225,0.3981035403609276,0.0,1.9824543732863207,0.0,1000.0,0.0,0.0,43.656949336712174,0.0,8050.331484904655,0.0,0.7967222837301401,0.0,2.0149630255592155,0.0,193.41892418494592,0.0,0.8577130907771509,0.0,193.41892418494592,0.0,0.8577130907771509,0.0,2.0149630255592155,0.7109723835395179,0.7967222837301401,0.8577130907771509,10.057784057617187,418.617237215042
noise-game,scale,mnist,42,500,0,1.1,1.0,0.05,iid,1.0,99999,63,3.8020073477312106,0.8803249784708023,0.39888985407352445,0.0,2.181382602080703,0.0,1000.0,0.0,0.0,64.53209912776947,0.0,7888.767943199508,0.0,0.7388214059174061,0.0,2.0520788037336795,0.0,200.29135084152222,0.0,0.8882622828725386,0.0,200.29135084152222,0.0,0.8882622828725386,0.0,2.0520788037336795,0.72562635002389,0.7388214059174061,0.8882622828725386,12.818646453857422,504.88114836476853
noise-game,scale,mnist,42,500,0,1.1,1.0,0.05,iid,1.0,99999,64,3.876041431365689,0.8799291783571244,0.3999510450363159,0.0,2.334199120955808,0.0,1000.0,0.0,0.0,75.08801535197667,0.0,7498.467093911463,0.0,0.7437524710382734,0.0,2.0962892072310377,0.0,197.2534784589495,0.0,0.8742352576242488,0.0,197.2534784589495,0.0,0.8742352576242488,0.0,2.0962892072310377,0.7329764800885282,0.7437524710382734,0.8742352576242488,11.046194793701172,419.914157259042
noise-game,scale,mnist,42,500,0,1.1,1.0,0.05,iid,1.0,99999,65,3.876041431365689,0.8800725774765015,0.3996103269457817,0.0,1.9932727355223436,0.0,1000.0,0.0,0.0,42.392417467557465,0.0,7982.682199438082,0.0,0.7652081893040583,0.0,2.129126573702896,0.0,191.56986236572266,0.0,0.8490539831002218,0.0,191.56986236572266,0.0,0.8490539831002218,0.0,2.129126573702896,0.7504707648237786,0.7652081893040583,0.8490539831002218,9.961632843017577,415.09947437078023
noise-game,scale,mnist,42,500,0,1.1,1.0,0.05,iid,1.0,99999,66,4.070719815323071,0.8800721764564514,0.39933538329601287,0.0,1.8803805100917816,0.0,1000.0,0.0,0.0,33.45989624023437,0.0,7974.594759497267,0.0,0.7592473936080932,0.0,2.165372751052767,0.0,190.08436157226564,0.0,0.8429760298297272,0.0,190.08436157226564,0.0,0.8429760298297272,0.0,2.165372751052767,0.7634539354407065,0.7592473936080932,0.8429760298297272,9.504218078613281,398.7297379748633
noise-game,scale,mnist,42,500,0,1.1,1.0,0.05,iid,1.0,99999,67,4.175235123410027,0.8799667783975601,0.39972970032691957,0.0,1.9302960603401578,0.0,1000.0,0.0,0.0,45.88826778017241,0.0,7703.577877338372,0.0,0.7701389337408131,0.0,2.2297408722234375,0.0,186.30168993719693,0.0,0.8256092476854774,0.0,186.30168993719693,0.0,0.8256092476854774,0.0,2.2297408722234375,0.7734912825329441,0.7701389337408131,0.8256092476854774,10.805498016357422,446.80751688562555
noise-game,scale,mnist,42,500,0,1.1,1.0,0.05,iid,1.0,99999,68,4.284076132470722,0.8796505775451661,0.4006742929816246,0.0,2.2086288438123813,0.0,1000.0,0.0,0.0,72.8498254663804,0.0,7824.707496013686,0.0,0.7449272818425122,0.0,2.289734388736512,0.0,187.63391158160042,0.0,0.8324839153361436,0.0,187.63391158160042,0.0,0.8324839153361436,0.0,2.289734388736512,0.784284795732656,0.7449272818425122,0.8324839153361436,12.759105987548828,532.0801097289307
noise-game,scale,mnist,42,500,0,1.1,1.0,0.05,iid,1.0,99999,69,4.505524265587198,0.8799331784248352,0.3998718524575233,0.0,1.6315287022214187,0.0,1000.0,0.0,0.0,16.580594389062178,0.0,8149.201317715849,0.0,0.7657349423358315,0.0,2.3283397036100375,0.0,182.36307324861227,0.0,0.8089168131598146,0.0,182.36307324861227,0.0,0.8089168131598146,0.0,2.3283397036100375,0.7929999123566004,0.7657349423358315,0.8089168131598146,6.929796783447266,309.66965007320226
noise-game,scale,mnist,42,500,0,1.1,1.0,0.05,iid,1.0,99999,70,4.505524265587198,0.8798697777986526,0.4000216046571732,0.0,2.516451966762543,0.0,1000.0,0.0,0.0,37.7122688293457,0.0,7533.724589734708,0.0,0.7433844208717346,0.0,2.3531907309090156,0.0,183.68347574869793,0.0,0.8137412541218993,0.0,183.68347574869793,0.0,0.8137412541218993,0.0,2.3531907309090156,0.7984795493744108,0.7433844208717346,0.8137412541218993,5.510504272460937,226.01173769204127
noise-game,scale,mnist,42,500,0,1.1,1.0,0.05,iid,1.0,99999,71,4.505524265587198,0.8798131763935089,0.40031036812067033,0.0,2.0124348239465193,0.0,1000.0,0.0,0.0,35.93962714888833,0.0,7768.201566468878,0.0,0.7529293190349232,0.0,2.3833331743130057,0.0,180.17178414084694,0.0,0.7979274934535812,0.0,180.17178414084694,0.0,0.7979274934535812,0.0,2.3833331743130057,0.815659372843442,0.7529293190349232,0.7979274934535812,7.927558502197265,341.80086892463055
noise-game,scale,mnist,42,500,0,1.1,1.0,0.05,iid,1.0,99999,72,4.758054092068,0.8797077790498734,0.4007347031831741,0.0,2.2836283576488494,0.0,1000.0,0.0,0.0,53.974881134033204,0.0,7863.395299264287,0.0,0.7625055909156799,0.0,2.4430491245801136,0.0,176.26945007324218,0.0,0.7823553777993439,0.0,176.26945007324218,0.0,0.7823553777993439,0.0,2.4430491245801136,0.8316595968636149,0.7625055909156799,0.7823553777993439,8.81347250366211,393.1697649632143
noise-game,scale,mnist,42,500,0,1.1,1.0,0.05,iid,1.0,99999,73,4.758054092068,0.8793119776248932,0.40199525249004364,0.0,2.3191969376057386,0.0,1000.0,0.0,0.0,74.94004958868027,0.0,7777.32353854919,0.0,0.7294096453115344,0.0,2.509552209053978,0.0,178.8620924949646,0.0,0.7936971979803038,0.0,178.8620924949646,0.0,0.7936971979803038,0.0,2.509552209053978,0.8460899458749908,0.7294096453115344,0.7936971979803038,11.447173919677734,497.74870646714817
noise-game,scale,mnist,42,500,0,1.1,1.0,0.05,iid,1.0,99999,74,5.016360212983143,0.8793233782052994,0.40193612104654314,0.0,2.16259195903937,0.0,1000.0,0.0,0.0,51.5495392481486,0.0,7907.422298654248,0.0,0.7700038154919943,0.0,2.5674446868710477,0.0,171.36864852905273,0.0,0.7591743449003093,0.0,171.36864852905273,0.0,0.7591743449003093,0.0,2.5674446868710477,0.8594689704814895,0.7700038154919943,0.7591743449003093,8.22569512939453,379.5562703354039
noise-game,scale,mnist,42,500,0,1.1,1.0,0.05,iid,1.0,99999,75,5.016360212983143,0.8791285774707794,0.4026896770596504,0.0,2.3171063432326684,0.0,1000.0,0.0,0.0,57.10545481168307,0.0,7474.072999734893,0.0,0.7079060960274476,0.0,2.6078389925266827,0.0,177.57156078632062,0.0,0.7879892683365346,0.0,177.57156078632062,0.0,0.7879892683365346,0.0,2.6078389925266827,0.8768811978039979,0.7079060960274476,0.7879892683365346,9.233721160888672,388.65179598621444
noise-game,scale,mnist,42,500,0,1.1,1.0,0.05,iid,1.0,99999,76,5.260037948113695,0.8790113767385482,0.40322261494398115,0.0,2.2760572788261233,0.0,1000.0,0.0,0.0,46.502038274492534,0.0,7200.6946182473785,0.0,0.7441372403076717,0.0,2.6608909322222454,0.0,170.76956467401413,0.0,0.7567577442433524,0.0,170.76956467401413,0.0,0.7567577442433524,0.0,2.6608909322222454,0.889563536210921,0.7441372403076717,0.7567577442433524,7.172321716308594,302.4291739663899
noise-game,scale,mnist,42,500,0,1.1,1.0,0.05,iid,1.0,99999,77,5.260037948113695,0.8785947771072388,0.40474341905117034,0.0,2.665053904056549,0.0,1000.0,0.0,0.0,77.78319994608562,0.0,7182.719700620964,0.0,0.744248795012633,0.0,2.7066958736302285,0.0,168.7911802927653,0.0,0.7476645017722602,0.0,168.7911802927653,0.0,0.7476645017722602,0.0,2.7066958736302285,0.9088759245700061,0.744248795012633,0.7476645017722602,8.101976654052734,344.7705456298063
noise-game,scale,mnist,42,500,0,1.1,1.0,0.05,iid,1.0,99999,78,5.260037948113695,0.8786181788444519,0.4049162826538086,0.0,2.2461992000278674,0.0,1000.0,0.0,0.0,34.7079751867997,0.0,7289.008390116098,0.0,0.7439388036727905,0.0,2.7451936120809104,0.0,166.6911476536801,0.0,0.7389285097837837,0.0,166.6911476536801,0.0,0.7389285097837837,0.0,2.7451936120809104,0.9256106030921124,0.7439388036727905,0.7389285097837837,6.334263610839844,276.9823188244117
noise-game,scale,mnist,42,500,0,1.1,1.0,0.05,iid,1.0,99999,79,5.2795975352709466,0.8785529788732529,0.4051818665266037,0.0,2.2418341135436837,0.0,1000.0,0.0,0.0,51.76820117777044,0.0,7801.59086924182,0.0,0.783533822406422,0.0,2.8104617983065654,0.0,159.47695922851562,0.0,0.7079604895311085,0.0,159.47695922851562,0.0,0.7079604895311085,0.0,2.8104617983065654,0.9499198685591812,0.783533822406422,0.7079604895311085,7.016986206054687,343.26999824664006
noise-game,scale,mnist,42,500,0,1.1,1.0,0.05,iid,1.0,99999,80,5.2795975352709466,0.8782225786447525,0.40655109840631487,0.0,2.3884544521570206,0.0,1000.0,0.0,0.0,67.59051990509033,0.0,7317.371695943354,0.0,0.7494985397372927,0.0,2.8722576149325296,0.0,161.97371564592635,0.0,0.7182121695541197,0.0,161.97371564592635,0.0,0.7182121695541197,0.0,2.8722576149325296,0.981577070632725,0.7494985397372927,0.7182121695541197,9.070528076171875,409.7728149728279
noise-game,scale,mnist,42,500,0,1.1,1.0,0.05,iid,1.0,99999,81,5.2795975352709466,0.8780187768936157,0.4073860953450203,0.0,2.4239885020256042,0.0,1000.0,0.0,0.0,58.291608276367185,0.0,7523.172974456877,0.0,0.7450044465065002,0.0,2.9381068012425704,0.0,160.613759765625,0.0,0.7121954745467473,0.0,160.613759765625,0.0,0.7121954745467473,0.0,2.9381068012425704,1.0029743907311257,0.7450044465065002,0.7121954745467473,8.03068798828125,376.15864872284385
noise-game,scale,mnist,42,500,0,1.1,1.0,0.05,iid,1.0,99999,82,5.2795975352709466,0.878359377026558,0.4067194917798042,0.0,2.0048120563680474,0.0,1000.0,0.0,0.0,13.139304486188022,0.0,7757.2128303589125,0.0,0.7852856462652033,0.0,2.976242913965999,0.0,154.64366982199928,0.0,0.6847055564641163,0.0,154.64366982199928,0.0,0.6847055564641163,0.0,2.976242913965999,1.0094595053912203,0.7852856462652033,0.6847055564641163,3.4021607360839843,170.65868226789607
noise-game,scale,mnist,42,500,0,1.1,1.0,0.05,iid,1.0,99999,83,5.2795975352709466,0.8780695776939392,0.4079328847527504,0.0,2.6016108274459837,0.0,1000.0,0.0,0.0,62.77490921020508,0.0,6971.070033049407,0.0,0.7772761821746826,0.0,3.0369260318106055,0.0,153.20647048950195,0.0,0.6797366375903227,0.0,153.20647048950195,0.0,0.6797366375903227,0.0,3.0369260318106055,1.0337800015422647,0.7772761821746826,0.6797366375903227,6.128258819580078,278.8428013219763
noise-game,scale,mnist,42,500,0,1.1,1.0,0.05,iid,1.0,99999,84,5.301046951154739,0.877827779173851,0.40891338872909544,0.0,2.253897501155734,0.0,1000.0,0.0,0.0,73.34699654579163,0.0,7371.793053843598,0.0,0.7644422519952059,0.0,3.1165644691271326,0.0,152.56901931762695,0.0,0.6763717649577572,0.0,152.56901931762695,0.0,0.6763717649577572,0.0,3.1165644691271326,1.08619358521044,0.7644422519952059,0.6763717649577572,9.764417236328125,471.79475544599023
noise-game,scale,mnist,42,500,0,1.1,1.0,0.05,iid,1.0,99999,85,5.3846749737679955,0.8778371775150299,0.40926259207725524,0.0,2.3283900293436917,0.0,1000.0,0.0,0.0,49.31310913779519,0.0,7154.995521066178,0.0,0.706943540410562,0.0,3.1732940971129118,0.0,157.72154097123578,0.0,0.6994044250290987,0.0,157.72154097123578,0.0,0.6994044250290987,0.0,3.1732940971129118,1.1095131871137593,0.706943540410562,0.6994044250290987,6.939747802734375,314.81980292691185
noise-game,scale,mnist,42,500,0,1.1,1.0,0.05,iid,1.0,99999,86,5.597159837143551,0.8774569767713547,0.4107658989429474,0.0,2.6806654554346334,0.0,1000.0,0.0,0.0,70.14773153222126,0.0,6944.64260679296,0.0,0.7321939235148223,0.0,3.2260508670105463,0.0,152.76558121390966,0.0,0.6775669010957358,0.0,152.76558121390966,0.0,0.6775669010957358,0.0,3.2260508670105463,1.1335874605959606,0.7321939235148223,0.6775669010957358,7.027216735839843,319.4535599124761
noise-game,scale,mnist,42,500,0,1.1,1.0,0.05,iid,1.0,99999,87,5.782244845295467,0.8774739784002304,0.41109989696741106,0.0,2.101252043619752,0.0,1000.0,0.0,0.0,18.724373161792755,0.0,7510.26389039766,0.0,0.7184056397527456,0.0,3.2710731301017044,0.0,152.79741287231445,0.0,0.6773184572476343,0.0,152.79741287231445,0.0,0.6773184572476343,0.0,3.2710731301017044,1.141984297895783,0.7184056397527456,0.6773184572476343,4.889517211914063,240.32844449272514
noise-game,scale,mnist,42,500,0,1.1,1.0,0.05,iid,1.0,99999,88,5.782244845295467,0.877002179145813,0.4129631877541542,0.0,2.9242094916601977,0.0,1000.0,0.0,0.0,91.31745870908101,0.0,6694.192677494117,0.0,0.7867629329363505,0.0,3.3495614265429525,0.0,143.52930323282877,0.0,0.6365464583710042,0.0,143.52930323282877,0.0,0.6365464583710042,0.0,3.3495614265429525,1.18003008187599,0.7867629329363505,0.6365464583710042,6.889406555175781,321.3212485197176
noise-game,scale,mnist,42,500,0,1.1,1.0,0.05,iid,1.0,99999,89,5.782244845295467,0.8771627784967423,0.4131651315689087,0.0,2.2406860325071545,0.0,1000.0,0.0,0.0,36.05911795298258,0.0,7350.545184816379,0.0,0.6949441184600195,0.0,3.4029011089577597,0.0,151.79617394341363,0.0,0.6736321286441163,0.0,151.79617394341363,0.0,0.6736321286441163,0.0,3.4029011089577597,1.191094690214498,0.6949441184600195,0.6736321286441163,5.464662261962891,264.6196266533897
noise-game,scale,mnist,42,500,0,1.1,1.0,0.05,iid,1.0,99999,90,5.835394257214209,0.8763483774662018,0.4156799227595329,0.0,2.6119956178100487,0.0,1000.0,0.0,0.0,117.79466207403885,0.0,7157.323883667884,0.0,0.7418136769219449,0.0,3.54632754917985,0.0,145.5834322477642,0.0,0.6453333487947119,0.0,145.5834322477642,0.0,0.6453333487947119,0.0,3.54632754917985,1.2101761320078777,0.7418136769219449,0.6453333487947119,11.064340850830078,543.9566151587592
noise-game,scale,mnist,42,500,0,1.1,1.0,0.05,iid,1.0,99999,91,5.835394257214209,0.8765137771368027,0.4156633470058441,0.0,2.3378574900005176,0.0,1000.0,0.0,0.0,49.55943397853685,0.0,7348.129211957321,0.0,0.701457458993663,0.0,3.6069142683112156,0.0,147.804303376571,0.0,0.6549717704401697,0.0,147.804303376571,0.0,0.6549717704401697,0.0,3.6069142683112156,1.229268937498568,0.701457458993663,0.6549717704401697,6.798997955322266,338.0139437500368
noise-game,scale,mnist,42,500,0,1.1,1.0,0.05,iid,1.0,99999,92,5.835394257214209,0.8762431783676148,0.41674275511503217,0.0,2.6998923818270364,0.0,1000.0,0.0,0.0,80.17143106460571,0.0,7052.426497848421,0.0,0.7381330554684004,0.0,3.6726080795635907,0.0,142.56513468424478,0.0,0.6317388192723977,0.0,142.56513468424478,0.0,0.6317388192723977,0.0,3.6726080795635907,1.255694548463931,0.7381330554684004,0.6317388192723977,6.84312646484375,338.51647189672417
noise-game,scale,mnist,42,500,0,1.1,1.0,0.05,iid,1.0,99999,93,6.3133003124422595,0.8758593776226044,0.4187598359584808,0.0,2.531243947836069,0.0,1000.0,0.0,0.0,71.55587959289551,0.0,6987.107247690738,0.0,0.7272852338277377,0.0,3.749000746447908,0.0,142.00310575045071,0.0,0.629862262984468,0.0,142.00310575045071,0.0,0.629862262984468,0.0,3.749000746447908,1.2755249233808512,0.7272852338277377,0.629862262984468,7.384161499023437,363.32957687991836
noise-game,scale,mnist,42,500,0,1.1,1.0,0.05,iid,1.0,99999,94,6.3133003124422595,0.8759117774963379,0.41876568454504015,0.0,2.265022042393684,0.0,1000.0,0.0,0.0,39.26450428962708,0.0,7109.84414242425,0.0,0.7409896641969681,0.0,3.807174071141484,0.0,140.7281120300293,0.0,0.6246110085162118,0.0,140.7281120300293,0.0,0.6246110085162118,0.0,3.807174071141484,1.2832990872965393,0.7409896641969681,0.6246110085162118,5.629124481201172,284.39376569697004
noise-game,scale,mnist,42,500,0,1.1,1.0,0.05,iid,1.0,99999,95,6.3133003124422595,0.875795577287674,0.4197277178764343,0.0,2.305597761581684,0.0,1000.0,0.0,0.0,65.33429981100149,0.0,7270.626468637495,0.0,0.6987847881070499,0.0,3.8982915864098624,0.0,144.04909804771685,0.0,0.6385331326339176,0.0,144.04909804771685,0.0,0.6385331326339176,0.0,3.8982915864098624,1.2951178725532408,0.6987847881070499,0.6385331326339176,8.354847686767577,421.6963351809747
noise-game,scale,mnist,42,500,0,1.1,1.0,0.05,iid,1.0,99999,96,6.791206367670311,0.8753153785467148,0.42189973294734956,0.0,2.2385737793786187,0.0,1000.0,0.0,0.0,81.40921096801758,0.0,7296.735382963633,0.0,0.7346372774669102,0.0,4.007446561521893,0.0,138.5725110735212,0.0,0.614373537231979,0.0,138.5725110735212,0.0,0.614373537231979,0.0,4.007446561521893,1.3016073982535399,0.7346372774669102,0.614373537231979,9.700075775146484,510.7714768074543
noise-game,scale,mnist,42,500,0,1.1,1.0,0.05,iid,1.0,99999,97,6.791206367670311,0.8753419785499573,0.42205690586566924,0.0,2.3439159329448427,0.0,1000.0,0.0,0.0,61.01336506434849,0.0,7485.740583007989,0.0,0.7392736503056118,0.0,4.100027741849091,0.0,137.93490655081612,0.0,0.6112288454202669,0.0,137.93490655081612,0.0,0.6112288454202669,0.0,4.100027741849091,1.309707018875992,0.7392736503056118,0.6112288454202669,7.724354766845703,419.2014726484474
noise-game,scale,mnist,42,500,0,1.1,1.0,0.05,iid,1.0,99999,98,6.791206367670311,0.8754649775028229,0.422271807551384,0.0,2.492101090294974,0.0,1000.0,0.0,0.0,41.60167135511126,0.0,6866.4661299622685,0.0,0.7050661934273583,0.0,4.135777807568819,0.0,141.18846675327845,0.0,0.6252019414982387,0.0,141.18846675327845,0.0,0.6252019414982387,0.0,4.135777807568819,1.3123791653240915,0.7050661934273583,0.6252019414982387,3.9532770690917967,192.26105163894354
noise-game,scale,mnist,42,500,0,1.1,1.0,0.05,iid,1.0,99999,99,6.791206367670311,0.875240177989006,0.4234126709699631,0.0,2.4507591387499934,0.0,1000.0,0.0,0.0,59.099944404933765,0.0,7057.440131956303,0.0,0.7090857793455538,0.0,4.190839492855585,0.0,138.4752197265625,0.0,0.6141949584656813,0.0,138.4752197265625,0.0,0.6141949584656813,0.0,4.190839492855585,1.3229694239537066,0.7090857793455538,0.6141949584656813,6.369860107421875,324.64224606999
noise-game,scale,mnist,42,500,0,1.1,1.0,0.05,iid,1.0,99999,100,6.791206367670311,0.8747887777090073,0.42553041702508926,0.0,3.0597706566686216,0.0,1000.0,0.0,0.0,94.31138030342434,0.0,6953.240078958628,0.0,0.7668486703997073,0.0,4.253963177967629,0.0,136.17819810950238,0.0,0.6037039651026601,0.0,136.17819810950238,0.0,0.6037039651026601,0.0,4.253963177967629,1.3324966728793592,0.7668486703997073,0.6037039651026601,6.26419711303711,319.8490436320969
noise-game,scale,mnist,42,500,0,1.1,1.0,0.05,iid,1.0,99999,101,6.791206367670311,0.8745939768552781,0.4262723404765129,0.0,2.385896322131157,0.0,1000.0,0.0,0.0,72.3596647898356,0.0,7480.688382341166,0.0,0.712944749991099,0.0,4.333171681437758,0.0,138.34620869954426,0.0,0.6129158230487967,0.0,138.34620869954426,0.0,0.6129158230487967,0.0,4.333171681437758,1.3218943689131157,0.712944749991099,0.6129158230487967,8.300772521972656,448.84130294047003
noise-game,scale,mnist,42,500,0,1.1,1.0,0.05,iid,1.0,99999,102,6.791206367670311,0.8741455780267715,0.4284434142112732,0.0,2.6167276943171465,0.0,1000.0,0.0,0.0,85.76813648365162,0.0,7086.128056437024,0.0,0.7024560857702185,0.0,4.41193736006723,0.0,137.22563793041087,0.0,0.6083627086203351,0.0,137.22563793041087,0.0,0.6083627086203351,0.0,4.41193736006723,1.3112015288843641,0.7024560857702185,0.6083627086203351,7.4101844482421875,382.65091504759937
noise-game,scale,mnist,42,500,0,1.1,1.0,0.05,iid,1.0,99999,103,6.791206367670311,0.8739703779220581,0.4294094861745834,0.0,2.483050231422697,0.0,1000.0,0.0,0.0,72.12075764792306,0.0,8001.265042473307,0.0,0.7647092406238828,0.0,4.496552211654458,0.0,135.60959243774414,0.0,0.6014263374037443,0.0,135.60959243774414,0.0,0.6014263374037443,0.0,4.496552211654458,1.2909253322482124,0.7647092406238828,0.6014263374037443,7.594137176513672,448.0708423785053
noise-game,scale,mnist,42,500,0,1.1,1.0,0.05,iid,1.0,99999,104,7.120867436640629,0.8736385776996612,0.43116412860155107,0.0,2.6394540309906005,0.0,1000.0,0.0,0.0,88.87779858907064,0.0,7320.974726696573,0.0,0.7156093647082646,0.0,4.579441938051963,0.0,137.2698547363281,0.0,0.6088796178485895,0.0,137.2698547363281,0.0,0.6088796178485895,0.0,4.579441938051963,1.2745335816397603,0.7156093647082646,0.6088796178485895,8.236191284179688,439.25848360179447
noise-game,scale,mnist,42,500,0,1.1,1.0,0.05,iid,1.0,99999,105,7.120867436640629,0.873433377623558,0.4324884631037712,0.0,2.767820601877959,0.0,1000.0,0.0,0.0,102.83573482347572,0.0,7183.036215261181,0.0,0.7278510332107544,0.0,4.625511879642111,0.0,135.2661776335343,0.0,0.6002290721471659,0.0,135.2661776335343,0.0,0.6002290721471659,0.0,4.625511879642111,1.2739118615257183,0.7278510332107544,0.6002290721471659,6.222244171142578,330.4196659020143
noise-game,scale,mnist,42,500,0,1.1,1.0,0.05,iid,1.0,99999,106,7.120867436640629,0.8730417786836624,0.43425229901075363,0.0,2.631703265251652,0.0,1000.0,0.0,0.0,92.41656026532573,0.0,7258.397494393713,0.0,0.7043893241113232,0.0,4.678319804406434,0.0,135.9598137640184,0.0,0.6031172868764335,0.0,135.9598137640184,0.0,0.6031172868764335,0.0,4.678319804406434,1.2833547338730626,0.7043893241113232,0.6031172868764335,8.42950845336914,450.0206446524102
noise-game,scale,mnist,42,500,0,1.1,1.0,0.05,iid,1.0,99999,107,7.120867436640629,0.8727641783952713,0.43614609324932097,0.0,2.9629705304449256,0.0,1000.0,0.0,0.0,87.6107068495317,0.0,6931.470136491702,0.0,0.7173322249542583,0.0,4.717224819300338,0.0,135.8791170987216,0.0,0.6021847203716318,0.0,135.8791170987216,0.0,0.6021847203716318,0.0,4.717224819300338,1.2845352092528841,0.7173322249542583,0.6021847203716318,5.97868115234375,304.98468600563496
noise-game,scale,mnist,42,500,0,1.1,1.0,0.05,iid,1.0,99999,108,7.120867436640629,0.872484778046608,0.43771486103534696,0.0,2.865679248519566,0.0,1000.0,0.0,0.0,79.7076130742612,0.0,7289.5518074838965,0.0,0.6962082696997601,0.0,4.7653984958287126,0.0,135.71143042522928,0.0,0.6015242072980279,0.0,135.71143042522928,0.0,0.6015242072980279,0.0,4.7653984958287126,1.2795516677775358,0.6962082696997601,0.6015242072980279,6.242725799560547,335.31938314425923
noise-game,scale,mnist,42,500,0,1.1,1.0,0.05,iid,1.0,99999,109,7.120867436640629,0.8717639781236649,0.4411693176031113,0.0,2.7310342271077004,0.0,1000.0,0.0,0.0,116.33108821668122,0.0,7352.147272039062,0.0,0.7346455815591311,0.0,4.853312926284877,0.0,135.41904971474096,0.0,0.600332368533536,0.0,135.41904971474096,0.0,0.600332368533536,0.0,4.853312926284877,1.2598379149230936,0.7346455815591311,0.600332368533536,10.291847778320312,558.7631926749689
noise-game,scale,mnist,42,500,0,1.1,1.0,0.05,iid,1.0,99999,110,7.120867436640629,0.8711165782213212,0.4440091012120247,0.0,3.080791547894478,0.0,1000.0,0.0,0.0,154.32589101791382,0.0,7436.838044700687,0.0,0.7275604736059904,0.0,4.931158233637555,0.0,135.58789348602295,0.0,0.6014757940185791,0.0,135.58789348602295,0.0,0.6014757940185791,0.0,4.931158233637555,1.239027947607333,0.7275604736059904,0.6014757940185791,8.67762518310547,475.95763486084394
noise-game,scale,mnist,42,500,0,1.1,1.0,0.05,iid,1.0,99999,111,7.120867436640629,0.8710113773345948,0.4451397223472595,0.0,2.970448250770569,0.0,1000.0,0.0,0.0,83.19698181152344,0.0,7539.456888903915,0.0,0.7133606994152069,0.0,4.980966773804999,0.0,135.43016540527344,0.0,0.6002290721471661,0.0,135.43016540527344,0.0,0.6002290721471661,0.0,4.980966773804999,1.2276705016968767,0.7133606994152069,0.6002290721471661,6.771508270263672,376.97284444519573
noise-game,scale,mnist,42,500,0,1.1,1.0,0.05,iid,1.0,99999,112,7.394238617246019,0.8709161784648896,0.4462139855623245,0.0,2.740722871962048,0.0,1000.0,0.0,0.0,78.31986481802804,0.0,6718.12509334281,0.0,0.7093947047278994,0.0,5.006975034569266,0.0,136.16275387718565,0.0,0.6031926840071797,0.0,136.16275387718565,0.0,0.6031926840071797,0.0,5.006975034569266,1.2382574147892424,0.7093947047278994,0.6031926840071797,5.718835662841797,282.16125392039805
noise-game,scale,mnist,42,500,0,1.1,1.0,0.05,iid,1.0,99999,113,7.394238617246019,0.8701071776151658,0.45020334857702254,0.0,3.0720629222465283,0.0,1000.0,0.0,0.0,125.9229946714459,0.0,7224.888690119333,0.0,0.7281849727486119,0.0,5.0720460749007,0.0,135.45875919226444,0.0,0.6002290721471661,0.0,135.45875919226444,0.0,0.6002290721471661,0.0,5.0720460749007,1.2265011026880386,0.7281849727486119,0.6002290721471661,8.940278106689453,476.84265354787595
noise-game,scale,mnist,42,500,0,1.1,1.0,0.05,iid,1.0,99999,114,7.394238617246019,0.8699369785785676,0.45158647012710573,0.0,2.8438911026921767,0.0,1000.0,0.0,0.0,109.7314584666285,0.0,7466.7840460769,0.0,0.7090837893814876,0.0,5.121752989435549,0.0,135.57758673306168,0.0,0.6008120879989682,0.0,135.57758673306168,0.0,0.6008120879989682,0.0,5.121752989435549,1.219898399467083,0.7090837893814876,0.6008120879989682,7.863500030517578,433.0734746724602
noise-game,scale,mnist,42,500,0,1.1,1.0,0.05,iid,1.0,99999,115,7.394238617246019,0.8696501792669297,0.4533583503961563,0.0,2.787415553416525,0.0,1000.0,0.0,0.0,92.97034467969623,0.0,7451.032065330539,0.0,0.7075809729950768,0.0,5.172786674673065,0.0,135.41814041137695,0.0,0.600229072147166,0.0,135.41814041137695,0.0,0.600229072147166,0.0,5.172786674673065,1.2090409704724951,0.7075809729950768,0.600229072147166,7.58341586303711,417.2577956585103
noise-game,scale,mnist,42,500,0,1.1,1.0,0.05,iid,1.0,99999,116,7.394238617246019,0.8689257786273956,0.4569868859052658,0.0,3.0807907436833237,0.0,1000.0,0.0,0.0,151.01457746101147,0.0,6992.8140501169855,0.0,0.7205901362679221,0.0,5.225355704082365,0.0,135.48828587387547,0.0,0.6002290721471661,0.0,135.48828587387547,0.0,0.6002290721471661,0.0,5.225355704082365,1.2042127057322176,0.7205901362679221,0.6002290721471661,8.942226867675782,461.525727307721
noise-game,scale,mnist,42,500,0,1.1,1.0,0.05,iid,1.0,99999,117,7.394238617246019,0.8687435779571533,0.4585693381428719,0.0,2.9719683155417442,0.0,1000.0,0.0,0.0,84.17995993296306,0.0,7234.117582813924,0.0,0.7180200243989626,0.0,5.272374563403393,0.0,135.5928554534912,0.0,0.6004832705752926,0.0,135.5928554534912,0.0,0.6004832705752926,0.0,5.272374563403393,1.1815812267771455,0.7180200243989626,0.6004832705752926,6.5084570617675785,347.23764397506835
noise-game,scale,mnist,42,500,0,1.1,1.0,0.05,iid,1.0,99999,118,7.5327106005066415,0.8678123768568039,0.4634790148735046,0.0,3.300819908418963,0.0,1000.0,0.0,0.0,170.4047612836284,0.0,6480.085463738892,0.0,0.7096622086340382,0.0,5.3141968135176425,0.0,135.32832680979084,0.0,0.6002290721471659,0.0,135.32832680979084,0.0,0.6002290721471659,0.0,5.3141968135176425,1.1744374987641863,0.7096622086340382,0.6002290721471659,8.390356262207032,401.7652987518114
noise-game,scale,mnist,42,500,0,1.1,1.0,0.05,iid,1.0,99999,119,7.5327106005066415,0.8680387774705887,0.4628436427116394,0.0,2.6019168297449746,0.0,1000.0,0.0,0.0,87.64329727490743,0.0,7949.050459223447,0.0,0.7178009152412415,0.0,5.348081087543655,0.0,135.2384179433187,0.0,0.6002290721471661,0.0,135.2384179433187,0.0,0.6002290721471661,0.0,5.348081087543655,1.1685735072442498,0.7178009152412415,0.6002290721471661,6.491444061279297,381.5544220427255
noise-game,scale,mnist,42,500,0,1.1,1.0,0.05,iid,1.0,99999,120,7.5327106005066415,0.8674405782222748,0.46670091497898103,0.0,3.0845160260796547,0.0,1000.0,0.0,0.0,136.72689747810364,0.0,7554.695099325234,0.0,0.6906981877982616,0.0,5.3942766816607275,0.0,135.57596588134766,0.0,0.6012111718584617,0.0,135.57596588134766,0.0,0.6012111718584617,0.0,5.3942766816607275,1.1636957185226209,0.6906981877982616,0.6012111718584617,8.67686181640625,483.500486356815
noise-game,scale,mnist,42,500,0,1.1,1.0,0.05,iid,1.0,99999,121,7.5327106005066415,0.8668499764204025,0.4700013802051544,0.0,3.247114136301238,0.0,1000.0,0.0,0.0,128.23783742970434,0.0,6894.855344567223,0.0,0.7082202054303268,0.0,5.428171952971483,0.0,135.80270596208243,0.0,0.6016632259935718,0.0,135.80270596208243,0.0,0.6016632259935718,0.0,5.428171952971483,1.1698147062896251,0.7082202054303268,0.6016632259935718,7.876556945800782,399.9016099848989
noise-game,scale,mnist,42,500,0,1.1,1.0,0.05,iid,1.0,99999,122,7.5327106005066415,0.866656177520752,0.4714883085489273,0.0,3.489701427911457,0.0,1000.0,0.0,0.0,90.6154556274414,0.0,7350.5219254775775,0.0,0.7454453832224796,0.0,5.44974701799946,0.0,135.26843823884664,0.0,0.600229072147166,0.0,135.26843823884664,0.0,0.600229072147166,0.0,5.44974701799946,1.1752911838623188,0.7454453832224796,0.600229072147166,5.140200653076172,279.31983316814797
noise-game,scale,mnist,42,500,0,1.1,1.0,0.05,iid,1.0,99999,123,7.5327106005066415,0.8665245792865753,0.4737824173569679,0.0,3.5103069613961613,0.0,1000.0,0.0,0.0,82.3158270891975,0.0,6917.812752227258,0.0,0.7248476866413566,0.0,5.465995823877213,0.0,135.40078555836396,0.0,0.6002290721471661,0.0,135.40078555836396,0.0,0.6002290721471661,0.0,5.465995823877213,1.1829559283818045,0.7248476866413566,0.6002290721471661,4.603626708984375,235.20563357572678
noise-game,scale,mnist,42,500,0,1.1,1.0,0.05,iid,1.0,99999,124,7.5327106005066415,0.8666603778600692,0.47367924731969835,0.0,2.554580836192421,0.0,1000.0,0.0,0.0,67.01437593543011,0.0,8471.248828253238,0.0,0.7019681023514789,0.0,5.508306006477669,0.0,135.50654668393344,0.0,0.6002290721471659,0.0,135.50654668393344,0.0,0.6002290721471659,0.0,5.508306006477669,1.155952376653487,0.7019681023514789,0.6002290721471659,6.233301147460938,389.67744609964893
noise-game,scale,mnist,42,500,0,1.1,1.0,0.05,iid,1.0,99999,125,7.5327106005066415,0.8665131793022156,0.474506792485714,0.0,2.663143767250909,0.0,1000.0,0.0,0.0,78.53449786150897,0.0,8037.290202335121,0.0,0.7039292962462814,0.0,5.54925952076289,0.0,135.36116423430266,0.0,0.600229072147166,0.0,135.36116423430266,0.0,0.600229072147166,0.0,5.54925952076289,1.1326068914765748,0.7039292962462814,0.600229072147166,7.309502868652344,434.0136709260965
noise-game,scale,mnist,42,500,0,1.1,1.0,0.05,iid,1.0,99999,126,7.5327106005066415,0.866291778922081,0.4767579808831215,0.0,3.1713338776638635,0.0,1000.0,0.0,0.0,75.72653278551604,0.0,7451.952660377189,0.0,0.7402940016043814,0.0,5.568664718731907,0.0,135.29489697908102,0.0,0.600229072147166,0.0,135.29489697908102,0.0,0.600229072147166,0.0,5.568664718731907,1.1383939106208016,0.7402940016043814,0.600229072147166,5.141206085205078,283.17420109433317
noise-game,scale,mnist,42,500,0,1.1,1.0,0.05,iid,1.0,99999,127,7.5327106005066415,0.8658141766786576,0.48068335968256,0.0,3.551803307099776,0.0,1000.0,0.0,0.0,114.4239318154075,0.0,7676.522937935622,0.0,0.7123756246133284,0.0,5.603566831481433,0.0,135.36588287353516,0.0,0.6002290721471659,0.0,135.36588287353516,0.0,0.6002290721471659,0.0,5.603566831481433,1.1184189610697504,0.7123756246133284,0.6002290721471659,5.956098846435546,337.76700926916743
noise-game,scale,mnist,42,500,0,1.1,1.0,0.05,iid,1.0,99999,128,7.5327106005066415,0.866151377916336,0.4794151529073715,0.0,2.5869710915967037,0.0,1000.0,0.0,0.0,53.51109313964844,0.0,9132.81044605627,0.0,0.7340954228451377,0.0,5.633333654072104,0.0,135.54734802246094,0.0,0.600229072147166,0.0,135.54734802246094,0.0,0.600229072147166,0.0,5.633333654072104,1.1074018310689042,0.7340954228451377,0.600229072147166,5.1507992248535155,347.0467969501383
noise-game,scale,mnist,42,500,0,1.1,1.0,0.05,iid,1.0,99999,129,7.5327106005066415,0.8657413787841797,0.4821464300751686,0.0,2.699145333333449,0.0,1000.0,0.0,0.0,102.91142145792644,0.0,8949.953727710685,0.0,0.7147595476020466,0.0,5.673256648346874,0.0,135.29245041355944,0.0,0.6002290721471661,0.0,135.29245041355944,0.0,0.6002290721471661,0.0,5.673256648346874,1.1009667123016311,0.7147595476020466,0.6002290721471661,8.929301727294922,590.6969460289052
noise-game,scale,mnist,42,500,0,1.1,1.0,0.05,iid,1.0,99999,130,7.5327106005066415,0.8653291786909103,0.4854885641336441,0.0,3.437171357018607,0.0,1000.0,0.0,0.0,114.18164789109002,0.0,7723.55636682532,0.0,0.7423447143463862,0.0,5.701970483449991,0.0,135.5324954078311,0.0,0.6002290721471659,0.0,135.5324954078311,0.0,0.6002290721471659,0.0,5.701970483449991,1.0948007879625745,0.7423447143463862,0.6002290721471659,5.692364807128906,324.38936740666344
noise-game,scale,mnist,42,500,0,1.1,1.0,0.05,iid,1.0,99999,131,7.5327106005066415,0.8650023776292801,0.4874198077917099,0.0,3.3118363391785395,0.0,1000.0,0.0,0.0,98.44099698747907,0.0,8008.925900157377,0.0,0.699991314184098,0.0,5.730407146602731,0.0,135.51078360421317,0.0,0.6002290721471659,0.0,135.51078360421317,0.0,0.6002290721471659,0.0,5.730407146602731,1.087128206095083,0.699991314184098,0.6002290721471659,5.691452911376953,336.3748878066099
noise-game,scale,mnist,42,500,0,1.1,1.0,0.05,iid,1.0,99999,132,7.594607224334512,0.8642573771476746,0.4912565250396729,0.0,3.1252767427100077,0.0,1000.0,0.0,0.0,160.33933660719129,0.0,7720.811297336648,0.0,0.7160970229241583,0.0,5.7744556242040534,0.0,135.38900417751736,0.0,0.600229072147166,0.0,135.38900417751736,0.0,0.600229072147166,0.0,5.7744556242040534,1.0760312808713188,0.7160970229241583,0.600229072147166,9.74800830078125,555.8984134082386
noise-game,scale,mnist,42,500,0,1.1,1.0,0.05,iid,1.0,99999,133,7.671182583767264,0.8634419786930084,0.4967696993350983,0.0,3.6701891510574907,0.0,1000.0,0.0,0.0,155.67623590540003,0.0,7559.460073696116,0.0,0.7075588934951358,0.0,5.815914949159569,0.0,135.3308597140842,0.0,0.600229072147166,0.0,135.3308597140842,0.0,0.600229072147166,0.0,5.815914949159569,1.046283088309132,0.7075588934951358,0.600229072147166,7.3078664245605465,408.2108439795902
noise-game,scale,mnist,42,500,0,1.1,1.0,0.05,iid,1.0,99999,134,7.671182583767264,0.8634879794120789,0.4982114996314049,0.0,2.958563286325206,0.0,1000.0,0.0,0.0,74.16908131475034,0.0,8173.9756365071635,0.0,0.6680345198382502,0.0,5.84482277007064,0.0,135.3765471085258,0.0,0.6002290721471659,0.0,135.3765471085258,0.0,0.6002290721471659,0.0,5.84482277007064,1.029733849791107,0.6680345198382502,0.6002290721471659,6.227321166992187,376.00287927932953
noise-game,scale,mnist,42,500,0,1.1,1.0,0.05,iid,1.0,99999,135,7.671182583767264,0.8630523787736892,0.5004926863908767,0.0,3.0424515988145555,0.0,1000.0,0.0,0.0,116.1018785749163,0.0,7537.8949384105945,0.0,0.6833837532571384,0.0,5.870074829117721,0.0,135.46510314941406,0.0,0.600229072147166,0.0,135.46510314941406,0.0,0.600229072147166,0.0,5.870074829117721,1.039532546693509,0.6833837532571384,0.600229072147166,7.586045776367188,422.12211655099327
noise-game,scale,mnist,42,500,0,1.1,1.0,0.05,iid,1.0,99999,136,7.671182583767264,0.8628025782108307,0.503664036154747,0.0,3.046660674029383,0.0,1000.0,0.0,0.0,157.7484046015246,0.0,8113.744039862139,0.0,0.7035235968129389,0.0,5.89813712986224,0.0,135.21755192197602,0.0,0.600229072147166,0.0,135.21755192197602,0.0,0.600229072147166,0.0,5.89813712986224,1.0417195767987917,0.7035235968129389,0.600229072147166,7.84261801147461,470.5971543120041
noise-game,scale,mnist,42,500,0,1.1,1.0,0.05,iid,1.0,99999,137,7.80056541109219,0.8617435785531997,0.5117641503810882,0.0,3.7056133689418917,0.0,1000.0,0.0,0.0,187.72312681136592,0.0,6832.778179154446,0.0,0.6724306835282233,0.0,5.930484149127296,0.0,135.33730980657762,0.0,0.6002290721471659,0.0,135.33730980657762,0.0,0.6002290721471659,0.0,5.930484149127296,1.0418164335557627,0.6724306835282233,0.6002290721471659,8.390913208007813,423.63224710757567
noise-game,scale,mnist,42,500,0,1.1,1.0,0.05,iid,1.0,99999,138,7.80056541109219,0.8612489769458771,0.5139598854184151,0.0,3.6649103355407715,0.0,1000.0,0.0,0.0,157.7561312866211,0.0,8094.582086614599,0.0,0.7330567932128906,0.0,5.961040823390155,0.0,135.32835021972656,0.0,0.6002290721471661,0.0,135.32835021972656,0.0,0.6002290721471661,0.0,5.961040823390155,1.033139891387115,0.7330567932128906,0.6002290721471661,6.7664175109863285,404.7291043307299
noise-game,scale,mnist,42,500,0,1.1,1.0,0.05,iid,1.0,99999,139,7.80056541109219,0.8604447796344757,0.5187063654065132,0.0,3.2943016951148576,0.0,1000.0,0.0,0.0,185.4406880559148,0.0,7834.692671129683,0.0,0.6828100230242755,0.0,6.001677559789089,0.0,135.43568420410156,0.0,0.600229072147166,0.0,135.43568420410156,0.0,0.600229072147166,0.0,6.001677559789089,1.0243859907352766,0.6828100230242755,0.600229072147166,10.022240631103516,579.7672576635965
noise-game,scale,mnist,42,500,0,1.1,1.0,0.05,iid,1.0,99999,140,7.80056541109219,0.8605835787057876,0.5188600108623505,0.0,2.892642612640674,0.0,1000.0,0.0,0.0,103.64130680377667,0.0,8255.375015347117,0.0,0.7136053402836506,0.0,6.024702803251101,0.0,135.38815601055438,0.0,0.600229072147166,0.0,135.38815601055438,0.0,0.600229072147166,0.0,6.024702803251101,1.030659742607815,0.7136053402836506,0.600229072147166,7.040184112548828,429.2795007980501
noise-game,scale,mnist,42,500,0,1.1,1.0,0.05,iid,1.0,99999,141,7.9390373943528125,0.8597969793081284,0.5257341527938842,0.0,3.8487538957595824,0.0,1000.0,0.0,0.0,156.65854919433593,0.0,8404.93481219815,0.0,0.7472148239612579,0.0,6.048158223554932,0.0,135.47814392089845,0.0,0.6002290721471661,0.0,135.47814392089845,0.0,0.6002290721471661,0.0,6.048158223554932,1.031412567369224,0.7472148239612579,0.6002290721471661,6.773907196044922,420.2467406099074
noise-game,scale,mnist,42,500,0,1.1,1.0,0.05,iid,1.0,99999,142,7.9390373943528125,0.8598873790502548,0.5271579366922379,0.0,3.171984467994083,0.0,1000.0,0.0,0.0,106.3183991692283,0.0,7885.910116274869,0.0,0.6687462197786028,0.0,6.082207441651668,0.0,135.37694757634944,0.0,0.6002290721471659,0.0,135.37694757634944,0.0,0.6002290721471659,0.0,6.082207441651668,0.9883618535684882,0.6687462197786028,0.6002290721471659,5.956585693359375,346.9800451160942
noise-game,scale,mnist,42,500,0,1.1,1.0,0.05,iid,1.0,99999,143,7.9390373943528125,0.8599351780414581,0.5277080982923508,0.0,3.025448781748613,0.0,1000.0,0.0,0.0,96.23964754740398,0.0,8711.865428837016,0.0,0.6684179939329624,0.0,6.104316549523986,0.0,135.55051612854004,0.0,0.6002290721471661,0.0,135.55051612854004,0.0,0.6002290721471661,0.0,6.104316549523986,0.9899376556836909,0.6684179939329624,0.6002290721471661,6.506424774169922,418.1695405841768
noise-game,scale,mnist,42,500,0,1.1,1.0,0.05,iid,1.0,99999,144,7.9390373943528125,0.8593201788663865,0.5308871430754661,0.0,3.4071808407704034,0.0,1000.0,0.0,0.0,123.64915529886882,0.0,8278.224406670977,0.0,0.7052768816550573,0.0,6.140197983574797,0.0,135.61301231384277,0.0,0.6002290721471661,0.0,135.61301231384277,0.0,0.6002290721471661,0.0,6.140197983574797,0.9466941141385998,0.7052768816550573,0.6002290721471661,6.5094245910644535,397.35477152020695
noise-game,scale,mnist,42,500,0,1.1,1.0,0.05,iid,1.0,99999,145,7.9390373943528125,0.8592415783405304,0.5324100599884987,0.0,3.1901348403521945,0.0,1000.0,0.0,0.0,119.23404829842704,0.0,8358.457843302172,0.0,0.6760464800255639,0.0,6.169465560629593,0.0,135.53390066964286,0.0,0.600229072147166,0.0,135.53390066964286,0.0,0.600229072147166,0.0,6.169465560629593,0.9373047495313674,0.6760464800255639,0.600229072147166,7.5898984375,468.07363922492164
noise-game,scale,mnist,42,500,0,1.1,1.0,0.05,iid,1.0,99999,146,7.9390373943528125,0.8591613773107528,0.533300697505474,0.0,3.083445942920187,0.0,1000.0,0.0,0.0,100.71336563773777,0.0,9026.546527804647,0.0,0.6909051822579425,0.0,6.196264313818747,0.0,135.26546843155572,0.0,0.6002290721471659,0.0,135.26546843155572,0.0,0.6002290721471659,0.0,6.196264313818747,0.9211674546916031,0.6909051822579425,0.6002290721471659,6.222211547851563,415.22114027901387
noise-game,scale,mnist,42,500,0,1.1,1.0,0.05,iid,1.0,99999,147,7.9390373943528125,0.8579517775774002,0.5395321300029755,0.0,3.4953233429363797,0.0,1000.0,0.0,0.0,180.92398376464843,0.0,8445.700962168967,0.0,0.7420771700995309,0.0,6.229705845807184,0.0,135.49709080287388,0.0,0.600229072147166,0.0,135.49709080287388,0.0,0.600229072147166,0.0,6.229705845807184,0.9167369285288852,0.7420771700995309,0.600229072147166,9.484796356201171,591.1990673518276
noise-game,scale,mnist,42,500,0,1.1,1.0,0.05,iid,1.0,99999,148,7.9390373943528125,0.8578005782365798,0.5423292493820191,0.0,3.662559222091328,0.0,1000.0,0.0,0.0,119.29716318303889,0.0,7637.74272337477,0.0,0.7233933996070515,0.0,6.248261035757279,0.0,135.40072285045278,0.0,0.6002290721471659,0.0,135.40072285045278,0.0,0.6002290721471659,0.0,6.248261035757279,0.9200217466593383,0.7233933996070515,0.6002290721471659,5.957631805419922,336.06067982849004
noise-game,scale,mnist,42,500,0,1.1,1.0,0.05,iid,1.0,99999,149,7.9390373943528125,0.8575047767162323,0.5449452633857728,0.0,3.3128140590020587,0.0,1000.0,0.0,0.0,130.51523072378976,0.0,9032.697659780513,0.0,0.6941194257565907,0.0,6.272630667307094,0.0,135.31981549944197,0.0,0.600229072147166,0.0,135.31981549944197,0.0,0.600229072147166,0.0,6.272630667307094,0.920161068160695,0.6941194257565907,0.600229072147166,7.57790966796875,505.8310689477087
noise-game,scale,mnist,42,500,0,1.1,1.0,0.05,iid,1.0,99999,150,7.9390373943528125,0.857510978937149,0.5461091957092286,0.0,3.2819919711665104,0.0,1000.0,0.0,0.0,75.78018630178352,0.0,8682.261690138022,0.0,0.7443640263457048,0.0,6.293484315983507,0.0,135.2159552323191,0.0,0.600229072147166,0.0,135.2159552323191,0.0,0.600229072147166,0.0,6.293484315983507,0.9034737400631392,0.7443640263457048,0.600229072147166,5.138206298828125,329.92594422524485
noise-game,scale,mnist,42,500,0,1.1,1.0,0.05,iid,1.0,99999,151,7.9390373943528125,0.8567051795721055,0.551308056473732,0.0,3.460944110347379,0.0,1000.0,0.0,0.0,162.1016119680097,0.0,9014.378055352643,0.0,0.761917398821923,0.0,6.318572379476593,0.0,135.37423016948085,0.0,0.6002290721471659,0.0,135.37423016948085,0.0,0.6002290721471659,0.0,6.318572379476593,0.9083603289959296,0.761917398821923,0.6002290721471659,8.393202270507812,558.8914394318639
noise-game,scale,mnist,42,500,0,1.1,1.0,0.05,iid,1.0,99999,152,8.077509377613435,0.8566973786354065,0.5535357538461685,0.0,3.704305166006088,0.0,1000.0,0.0,0.0,111.34229907989501,0.0,8456.290453572583,0.0,0.7042164728045464,0.0,6.3337530176315875,0.0,135.5125831604004,0.0,0.6002290721471659,0.0,135.5125831604004,0.0,0.6002290721471659,0.0,6.3337530176315875,0.9107541168324789,0.7042164728045464,0.6002290721471659,5.420503326416016,338.25161814290334
