algorithm,attack_type,dataset,seed,n_nodes,n_attackers,noise_mult,clip_bound,sampling_rate,split_mode,dirichlet_alpha,start_round,round,epsilon,accuracy,test_loss,f1_score,mean_update_norm_honest,mean_update_norm_attacker,best_alpha,precision,recall,total_tp_all,total_fp_all,total_fn_all,total_tn_all,eps_n_honest,eps_n_attacker,D_threshold_honest,D_threshold_attacker,n_rejected_honest,n_rejected_attacker,V_agg_norm_honest,V_agg_norm_attacker,S_agg_norm_honest,S_agg_norm_attacker,eps_avg,eps_std,rho_t,trust_toward_honest,trust_toward_attacker
trust-aware,scale,mnist,42,500,0,1.1,2.0,0.05,iid,1.0,500,0,0.2635107699722956,0.3751015901863575,2.099936162471771,nan,0.17456878535449505,0.0,1000.0,nan,nan,0,0,0,116,0.26351076997229567,0.0,0.6435787789542289,0.0,0.0,0.0,4.449929893016815,0.0,11.12482464313507,0.0,0.26351076997229567,5.551115123125783e-17,0.3,0.9996612142953527,0.0
trust-aware,scale,mnist,42,500,0,1.1,2.0,0.05,iid,1.0,500,1,0.30216558923805237,0.5415127876698971,1.9024480509757995,nan,0.17909184594949087,0.0,1000.0,nan,nan,0,0,0,210,0.3021655892380525,0.0,0.6324988321717719,0.0,0.0,0.0,3.975729356209437,0.0,9.793628573417664,0.0,0.3021655892380525,1.1102230246251565e-16,0.315,0.9990518074572386,0.0
trust-aware,scale,mnist,42,500,0,1.1,2.0,0.05,iid,1.0,500,2,0.34410266237445,0.6356823832392693,1.6996701140403747,nan,0.18120855700086663,0.0,1000.0,nan,nan,0,0,0,272,0.3441026623744499,0.0,0.6069314804817948,0.0,0.0,0.0,3.5305855097594083,0.0,8.715971363915337,0.0,0.3441026623744499,5.551115123125783e-17,0.33,0.9982575530812015,0.0
trust-aware,scale,mnist,42,500,0,1.1,2.0,0.05,iid,1.0,500,3,0.38986963149288734,0.6948049837350845,1.5064300634860992,nan,0.1773665307887963,0.0,1000.0,nan,nan,0,0,0,308,0.38986963149288734,0.0,0.5660477995581953,0.0,0.0,0.0,3.171119110924857,0.0,7.800791570118496,0.0,0.38986963149288734,0.0,0.345,0.9973586698713072,0.0
trust-aware,scale,mnist,42,500,0,1.1,2.0,0.05,iid,1.0,500,4,0.44226468151870224,0.7388851809501648,1.3299248445034026,nan,0.16788519059236234,0.0,1000.0,nan,nan,0,0,0,244,0.44226468151870235,0.0,0.5114550329374775,0.0,0.0,0.0,3.1083878370431752,0.0,7.728872299194336,0.0,0.44226468151870235,1.1102230246251565e-16,0.36,0.9966460694785704,0.0
trust-aware,scale,mnist,42,500,0,1.1,2.0,0.05,iid,1.0,500,5,0.5315777515144099,0.7692379803657532,1.1752155377864837,nan,0.1588393710553646,0.0,1000.0,nan,nan,0,0,0,178,0.53157775151441,0.0,0.4739637846614947,0.0,0.0,0.0,3.2419447898864746,0.0,7.674745655059814,0.0,0.53157775151441,1.1102230246251565e-16,0.375,0.9961327385027884,0.0
trust-aware,scale,mnist,42,500,0,1.1,2.0,0.05,iid,1.0,500,6,0.558999622203959,0.7913917804956436,1.0470611844062805,nan,0.1437194442207163,0.0,1000.0,nan,nan,0,0,0,182,0.5589996222039593,0.0,0.42025115964487936,0.0,0.0,0.0,2.805549480698325,0.0,6.57608303156766,0.0,0.5589996222039593,2.220446049250313e-16,0.39,0.9956006238115935,0.0
trust-aware,scale,mnist,42,500,0,1.1,2.0,0.05,iid,1.0,500,7,0.5880046216568433,0.8066513798236847,0.9446244424581528,nan,0.12859831390709714,0.0,1000.0,nan,nan,0,0,0,320,0.5880046216568433,0.0,0.3667621416602626,0.0,0.0,0.0,2.146504352832663,0.0,4.975136625355687,0.0,0.5880046216568433,0.0,0.405,0.9946677728307183,0.0
trust-aware,scale,mnist,42,500,0,1.1,2.0,0.05,iid,1.0,500,8,0.6186656634250423,0.8175113795995712,0.8629854832887649,nan,0.11750050711220708,0.0,1000.0,nan,nan,0,0,0,330,0.6186656634250423,0.0,0.3431120659770274,0.0,0.0,0.0,2.187028712239759,0.0,4.669703417810901,0.0,0.6186656634250423,0.0,0.42,0.9937287203836124,0.0
trust-aware,scale,mnist,42,500,0,1.1,2.0,0.05,iid,1.0,500,9,0.6510644430024428,0.825939378619194,0.7972112052440643,nan,0.10610111057758331,0.0,1000.0,nan,nan,0,0,0,254,0.6510644430024427,0.0,0.32265196693487813,0.0,0.0,0.0,2.2461925171039723,0.0,4.66481966442532,0.0,0.6510644430024427,1.1102230246251565e-16,0.435,0.9930039594016905,0.0
trust-aware,scale,mnist,42,500,0,1.1,2.0,0.05,iid,1.0,500,10,0.6852937746268957,0.8325535793304444,0.7445532964468002,nan,0.09600700606261531,0.0,1000.0,nan,nan,0,0,0,358,0.6852937746268957,0.0,0.2845801262874212,0.0,0.0,0.0,1.7930606219076342,0.0,3.6176179147535756,0.0,0.6852937746268957,0.0,0.44999999999999996,0.9919701286461592,0.0
trust-aware,scale,mnist,42,500,0,1.1,2.0,0.05,iid,1.0,500,11,0.7214611380882578,0.8384159809350967,0.7006326388120652,nan,0.0881344199180603,0.0,1000.0,nan,nan,0,0,0,342,0.721461138088258,0.0,0.26729926347377986,0.0,0.0,0.0,1.7430428345998128,0.0,3.3607547680536904,0.0,0.721461138088258,1.1102230246251565e-16,0.46499999999999997,0.9909779643818064,0.0
trust-aware,scale,mnist,42,500,0,1.1,2.0,0.05,iid,1.0,500,12,0.7596944884031196,0.8428627796173096,0.6648705853223801,nan,0.08092242454489072,0.0,1000.0,nan,nan,0,0,0,392,0.7596944884031196,0.0,0.2528294048468741,0.0,0.0,0.0,1.6825149337450662,0.0,3.0641130129496257,0.0,0.7596944884031196,0.0,0.48,0.9898483600441831,0.0
trust-aware,scale,mnist,42,500,0,1.1,2.0,0.05,iid,1.0,500,13,0.8001526997791856,0.8467717788219452,0.6346866146326066,nan,0.07497792553018641,0.0,1000.0,0.0,nan,0,3,0,283,0.8001526997791857,0.0,0.23756479372259937,0.0,0.1111111111111111,0.0,1.736848897404141,0.0,3.0840297363422535,0.0,0.8001526997791857,1.1102230246251565e-16,0.49499999999999994,0.9890217402891092,0.0
trust-aware,scale,mnist,42,500,0,1.1,2.0,0.05,iid,1.0,500,14,0.8430464367132451,0.8505165791511535,0.6087521340847015,nan,0.06915294585956468,0.0,1000.0,nan,nan,0,0,0,120,0.843046436713245,0.0,0.2129836590837295,0.0,0.0,0.0,1.6238893866539001,0.0,3.3956665330462985,0.0,0.843046436713245,1.1102230246251565e-16,0.51,0.9886782623936681,0.0
trust-aware,scale,mnist,42,500,0,1.1,2.0,0.05,iid,1.0,500,15,0.8793723681465165,0.8534845784902573,0.5869100381135941,nan,0.0658446088757204,0.0,1000.0,0.0,nan,0,2,0,198,0.8793723681465164,0.0,0.21233199927226515,0.0,0.08695652173913043,0.0,1.6098707240560781,0.0,2.986025437064793,0.0,0.8793723681465164,1.1102230246251565e-16,0.525,0.9881002687311196,0.0
trust-aware,scale,mnist,42,500,0,1.1,2.0,0.05,iid,1.0,500,16,0.9126284626054437,0.8561571787595749,0.5679029666185379,nan,0.062398746299246945,0.0,1000.0,0.0,nan,0,3,0,231,0.9126284626054437,0.0,0.21899434979869734,0.0,0.125,0.0,1.7029024710257847,0.0,2.9929580887158713,0.0,0.9126284626054437,0.0,0.54,0.9874569274090552,0.0
trust-aware,scale,mnist,42,500,0,1.1,2.0,0.05,iid,1.0,500,17,0.9474622637610021,0.8584265770912171,0.5513906837701797,nan,0.05790769020942124,0.0,1000.0,nan,nan,0,0,0,178,0.9474622637610021,0.0,0.19125477522395357,0.0,0.0,0.0,1.445704473690553,0.0,2.702725898135792,0.0,0.9474622637610021,0.0,0.555,0.9869436395633876,0.0
trust-aware,scale,mnist,42,500,0,1.1,2.0,0.05,iid,1.0,500,18,0.9839586158871577,0.8606017776727677,0.5369309774637222,nan,0.05566410153456356,0.0,1000.0,nan,nan,0,0,0,222,0.9839586158871577,0.0,0.20135595331885447,0.0,0.0,0.0,1.5917778740758481,0.0,2.761007739150006,0.0,0.9839586158871577,0.0,0.57,0.9862941221189112,0.0
trust-aware,scale,mnist,42,500,0,1.1,2.0,0.05,iid,1.0,500,19,1.022216540748102,0.8623625773191452,0.5241056858301163,nan,0.0529591232876886,0.0,1000.0,0.0,nan,0,1,0,193,1.0222165407481025,0.0,0.1625527305346247,0.0,0.045454545454545456,0.0,1.2177286527373574,0.0,2.2296214645559136,0.0,1.0222165407481025,4.440892098500626e-16,0.5850000000000001,0.9857340972774807,0.0
trust-aware,scale,mnist,42,500,0,1.1,2.0,0.05,iid,1.0,500,20,1.0623545611125644,0.864070778131485,0.5127422505021095,nan,0.050313854057873995,0.0,1000.0,nan,nan,0,0,0,296,1.0623545611125642,0.0,0.15574435976283435,0.0,0.0,0.0,1.1277282472167696,0.0,1.898200354405812,0.0,1.0623545611125642,2.220446049250313e-16,0.6,0.9848632556333282,0.0
trust-aware,scale,mnist,42,500,0,1.1,2.0,0.05,iid,1.0,500,21,1.1045192595593831,0.8655601782798767,0.5025004853010178,nan,0.04816707773577599,0.0,1000.0,nan,nan,0,0,0,160,1.1045192595593836,0.0,0.16846794308806654,0.0,0.0,0.0,1.4162624762171792,0.0,2.336372284662156,0.0,1.1045192595593836,4.440892098500626e-16,0.6149999999999999,0.9843897977648589,0.0
trust-aware,scale,mnist,42,500,0,1.1,2.0,0.05,iid,1.0,500,22,1.148899646893674,0.8669081777334213,0.4933670130968094,nan,0.04757887510848897,0.0,1000.0,0.0,nan,0,3,0,297,1.1488996468936743,0.0,0.1634871692609984,0.0,0.10714285714285714,0.0,1.3137326857873373,0.0,2.0463514583451405,0.0,1.1488996468936743,2.220446049250313e-16,0.63,0.983552504667119,0.0
trust-aware,scale,mnist,42,500,0,1.1,2.0,0.05,iid,1.0,500,23,1.1932226547715872,0.8682173784971238,0.48493440669775006,nan,0.04569836386612484,0.0,1000.0,0.0,nan,0,2,0,150,1.193222654771587,0.0,0.15386835789074654,0.0,0.09523809523809523,0.0,1.2613998736654009,0.0,2.1440088010969616,0.0,1.193222654771587,2.220446049250313e-16,0.6450000000000001,0.9831130742815192,0.0
trust-aware,scale,mnist,42,500,0,1.1,2.0,0.05,iid,1.0,500,24,1.2237170788729461,0.8692647788524628,0.47755972880125047,nan,0.04353130664676428,0.0,1000.0,nan,nan,0,0,0,146,1.2237170788729463,0.0,0.15447341119557087,0.0,0.0,0.0,1.2563224524259566,0.0,2.094128316640854,0.0,1.2237170788729463,2.220446049250313e-16,0.66,0.9826800221918979,0.0
trust-aware,scale,mnist,42,500,0,1.1,2.0,0.05,iid,1.0,500,25,1.255370164114324,0.8703875781297684,0.47053958612680435,nan,0.041717358521725,0.0,1000.0,nan,nan,0,0,0,142,1.2553701641143242,0.0,0.1155606672670244,0.0,0.0,0.0,0.9257834051784716,0.0,1.744869633724815,0.0,1.2553701641143242,2.220446049250313e-16,0.6749999999999999,0.9822643883150457,0.0
trust-aware,scale,mnist,42,500,0,1.1,2.0,0.05,iid,1.0,500,26,1.2882265209338715,0.8713533771038056,0.4642331527471542,nan,0.04112311384894631,0.0,1000.0,0.0,nan,0,3,0,181,1.288226520933872,0.0,0.15286049937373342,0.0,0.13636363636363635,0.0,1.2894355221228166,0.0,1.9856482852589001,0.0,1.288226520933872,4.440892098500626e-16,0.69,0.9817402697629278,0.0
trust-aware,scale,mnist,42,500,0,1.1,2.0,0.05,iid,1.0,500,27,1.3223351707503768,0.8721263771057128,0.45872909104824067,nan,0.04005484154018072,0.0,1000.0,0.0,nan,0,4,0,310,1.3223351707503765,0.0,0.14877647459102333,0.0,0.15384615384615385,0.0,1.2533056139945984,0.0,1.8007273490612323,0.0,1.3223351707503765,2.220446049250313e-16,0.705,0.9808212387828649,0.0
trust-aware,scale,mnist,42,500,0,1.1,2.0,0.05,iid,1.0,500,28,1.3577503788831171,0.8730343784093857,0.4533999698162079,nan,0.03902868264251285,0.0,1000.0,0.0,nan,0,2,0,290,1.3577503788831173,0.0,0.12402203040562022,0.0,0.07407407407407407,0.0,1.026330937941869,0.0,1.4312943838260792,0.0,1.3577503788831173,2.220446049250313e-16,0.7200000000000001,0.9799696552883133,0.0
trust-aware,scale,mnist,42,500,0,1.1,2.0,0.05,iid,1.0,500,29,1.3945327218869124,0.8737801780700684,0.4485051044821739,nan,0.03814046333233515,0.0,1000.0,nan,nan,0,0,0,162,1.3945327218869124,0.0,0.12110368775580162,0.0,0.0,0.0,1.101068036896842,0.0,1.648652156194051,0.0,1.3945327218869124,0.0,0.735,0.9794905717295476,0.0
trust-aware,scale,mnist,42,500,0,1.1,2.0,0.05,iid,1.0,500,30,1.4327504734265042,0.8744329781532287,0.4441410666704178,nan,0.03715278918389231,0.0,1000.0,0.0,nan,0,2,0,392,1.4327504734265044,0.0,0.1330695646122671,0.0,0.0625,0.0,1.04264425765723,0.0,1.3620224446058273,0.0,1.4327504734265044,2.220446049250313e-16,0.75,0.9783371887800804,0.0
trust-aware,scale,mnist,42,500,0,1.1,2.0,0.05,iid,1.0,500,31,1.4724814279430891,0.8750813789367676,0.4399978863596916,nan,0.037155893734759755,0.0,1000.0,0.0,nan,0,7,0,119,1.472481427943089,0.0,0.1354765382483674,0.0,0.3888888888888889,0.0,1.1906671126683552,0.0,1.8848340180185106,0.0,1.472481427943089,2.220446049250313e-16,0.7649999999999999,0.9779880549565628,0.0
trust-aware,scale,mnist,42,500,0,1.1,2.0,0.05,iid,1.0,500,32,1.5138153326430999,0.8756877782344819,0.4361800711154938,nan,0.03586325297753016,0.0,1000.0,0.0,nan,0,1,0,223,1.5138153326430996,0.0,0.12607967630682196,0.0,0.041666666666666664,0.0,1.0783467814326286,0.0,1.4729890922705333,0.0,1.5138153326430996,2.220446049250313e-16,0.78,0.9773213282726831,0.0
trust-aware,scale,mnist,42,500,0,1.1,2.0,0.05,iid,1.0,500,33,1.5568571736316952,0.8762031774520874,0.4327166934609413,nan,0.03513258591294289,0.0,1000.0,0.0,nan,0,3,0,231,1.5568571736316952,0.0,0.11952698824117865,0.0,0.12,0.0,1.0277184820175171,0.0,1.4750586318969727,0.0,1.5568571736316952,0.0,0.795,0.9766473982195004,0.0
trust-aware,scale,mnist,42,500,0,1.1,2.0,0.05,iid,1.0,500,34,1.5961356544147973,0.8767165784835815,0.42944149470329285,nan,0.03464031631225034,0.0,1000.0,0.0,nan,0,3,0,559,1.5961356544147978,0.0,0.12536208475932908,0.0,0.07894736842105263,0.0,1.036711451254393,0.0,1.1788997446235858,0.0,1.5961356544147978,4.440892098500626e-16,0.81,0.9750188632925626,0.0
trust-aware,scale,mnist,42,500,0,1.1,2.0,0.05,iid,1.0,500,35,1.6303152389904,0.8773349785804748,0.4262696250677109,nan,0.033913825474241203,0.0,1000.0,0.0,nan,0,1,0,113,1.6303152389903999,0.0,0.11560073553917542,0.0,0.058823529411764705,0.0,1.1264708042144775,0.0,1.8361454500871546,0.0,1.6303152389903999,2.220446049250313e-16,0.825,0.9746947464811355,0.0
trust-aware,scale,mnist,42,500,0,1.1,2.0,0.05,iid,1.0,500,36,1.6656394806877934,0.8777411776781082,0.42340735769271853,nan,0.03324686427815603,0.0,1000.0,0.0,nan,0,1,0,287,1.6656394806877939,0.0,0.11492683834074523,0.0,0.038461538461538464,0.0,0.9564894747275573,0.0,1.2938298720579882,0.0,1.6656394806877939,4.440892098500626e-16,0.84,0.9738427417164901,0.0
trust-aware,scale,mnist,42,500,0,1.1,2.0,0.05,iid,1.0,500,37,1.7021545775828013,0.8782213779687882,0.42077528619766236,nan,0.033039357699453833,0.0,1000.0,0.0,nan,0,2,0,156,1.7021545775828018,0.0,0.10682773031447076,0.0,0.1,0.0,0.9352746278047561,0.0,1.4502414107322692,0.0,1.7021545775828018,4.440892098500626e-16,0.855,0.9733865241928391,0.0
trust-aware,scale,mnist,42,500,0,1.1,2.0,0.05,iid,1.0,500,38,1.7399113538860758,0.8784899775981903,0.4184949461221695,nan,0.0322529496373357,0.0,1000.0,0.0,nan,0,3,0,527,1.7399113538860753,0.0,0.1273298286031508,0.0,0.08108108108108109,0.0,1.109134088496904,0.0,1.2120899574176685,0.0,1.7399113538860753,4.440892098500626e-16,0.8700000000000001,0.9718662577455421,0.0
trust-aware,scale,mnist,42,500,0,1.1,2.0,0.05,iid,1.0,500,39,1.7789660529514504,0.8789003772735595,0.416113960981369,nan,0.032284247405503105,0.0,1000.0,0.0,nan,0,2,0,198,1.7789660529514502,0.0,0.10469607237480001,0.0,0.08695652173913043,0.0,0.9835626845774443,0.0,1.3096255841462507,0.0,1.7789660529514502,2.220446049250313e-16,0.885,0.9712939729254686,0.0
trust-aware,scale,mnist,42,500,0,1.1,2.0,0.05,iid,1.0,500,40,1.8193813121440443,0.8792149778604508,0.41393242466449737,nan,0.031006146408617496,0.0,1000.0,0.0,nan,0,12,0,346,1.8193813121440445,0.0,0.1173783451692893,0.0,0.4,0.0,0.9651896764834722,0.0,1.254326460758845,0.0,1.8193813121440445,2.220446049250313e-16,0.8999999999999999,0.9702748850343377,0.0
trust-aware,scale,mnist,42,500,0,1.1,2.0,0.05,iid,1.0,500,41,1.8612273687051577,0.8795283787250519,0.4119128303527832,nan,0.030721425355688947,0.0,1000.0,0.0,nan,0,12,0,496,1.861227368705158,0.0,0.10427006292293263,0.0,0.32432432432432434,0.0,0.8151911674319087,0.0,1.056723154879905,0.0,1.861227368705158,2.220446049250313e-16,0.915,0.9688599193759571,0.0
trust-aware,scale,mnist,42,500,0,1.1,2.0,0.05,iid,1.0,500,42,1.904583560352156,0.8798651762008667,0.4099410095214844,nan,0.03007223108864349,0.0,1000.0,nan,nan,0,0,0,186,1.9045835603521557,0.0,0.09733424682571891,0.0,0.0,0.0,0.9089335086552993,0.0,1.2873757300169573,0.0,1.9045835603521557,2.220446049250313e-16,0.9299999999999999,0.9683178449674867,0.0
trust-aware,scale,mnist,42,500,0,1.1,2.0,0.05,iid,1.0,500,43,1.9495402035165759,0.8802007788419723,0.40810941356420516,nan,0.02994038164615631,0.0,1000.0,0.0,nan,0,5,0,319,1.9495402035165765,0.0,0.08110756248054839,0.0,0.1724137931034483,0.0,0.6745314731680113,0.0,0.9488414032705899,0.0,1.9495402035165765,6.661338147750939e-16,0.945,0.9674064400567277,0.0
trust-aware,scale,mnist,42,500,0,1.1,2.0,0.05,iid,1.0,500,44,1.9962009572946733,0.8803937765359878,0.40657044798135755,nan,0.029084121356859352,0.0,1000.0,0.0,nan,0,10,0,428,1.9962009572946728,0.0,0.08946817412158212,0.0,0.30303030303030304,0.0,0.7488133058403478,0.0,0.9595504077998075,0.0,1.9962009572946728,4.440892098500626e-16,0.96,0.9661490910052533,0.0
trust-aware,scale,mnist,42,500,0,1.1,2.0,0.05,iid,1.0,500,45,2.044685814238566,0.8806795781850815,0.40501586627960207,nan,0.029388164618500957,0.0,1000.0,0.0,nan,0,7,0,281,2.0446858142385658,0.0,0.10005937729086363,0.0,0.25925925925925924,0.0,0.866411445317445,0.0,1.25742401237841,0.0,2.0446858142385658,4.440892098500626e-16,0.975,0.9653384017591926,0.0
trust-aware,scale,mnist,42,500,0,1.1,2.0,0.05,iid,1.0,500,46,2.0786677031269156,0.8810377771854401,0.40335334050655364,nan,0.028766329351224397,0.0,1000.0,0.0,nan,0,2,0,120,2.0786677031269156,0.0,0.09812811452945093,0.0,0.10526315789473684,0.0,0.9778254879148383,0.0,1.5808555703414113,0.0,2.0786677031269156,0.0,0.99,0.9650065274896504,0.0
trust-aware,scale,mnist,42,500,0,1.1,2.0,0.05,iid,1.0,500,47,2.1134879265457753,0.8812103780508042,0.4020021875500679,nan,0.028555891674124832,0.0,1000.0,0.0,nan,0,11,0,431,2.1134879265457758,0.0,0.08734359703283286,0.0,0.3333333333333333,0.0,0.7294613095847043,0.0,0.9369983998211947,0.0,2.1134879265457758,4.440892098500626e-16,1.005,0.9637543594365353,0.0
trust-aware,scale,mnist,42,500,0,1.1,2.0,0.05,iid,1.0,500,48,2.1493007737632155,0.8814357783794403,0.4006460989713669,nan,0.027955392748117446,0.0,1000.0,0.0,nan,0,3,0,145,2.1493007737632155,0.0,0.10197492834894932,0.0,0.15,0.0,0.9940447717905044,0.0,1.4342572033405303,0.0,2.1493007737632155,0.0,1.02,0.9633322824760946,0.0
trust-aware,scale,mnist,42,500,0,1.1,2.0,0.05,iid,1.0,500,49,2.1861402047376153,0.881695377111435,0.3993496770858765,nan,0.027685703794387253,0.0,1000.0,0.0,nan,0,6,0,180,2.1861402047376153,0.0,0.07741459001175945,0.0,0.2727272727272727,0.0,0.6959093944592909,0.0,1.1194587024775418,0.0,2.1861402047376153,0.0,1.035,0.9628525960709632,0.0
trust-aware,scale,mnist,42,500,0,1.1,2.0,0.05,iid,1.0,500,50,2.2240427388792705,0.8819023785591126,0.39823009234666823,nan,0.027307752668857575,0.0,1000.0,0.0,nan,0,10,0,222,2.22404273887927,0.0,0.08647184173536772,0.0,0.4,0.0,0.748105616569519,0.0,1.0392513275146484,0.0,2.22404273887927,4.440892098500626e-16,1.05,0.9622163986449901,0.0
trust-aware,scale,mnist,42,500,0,1.1,2.0,0.05,iid,1.0,500,51,2.2630477569582963,0.8820789792537689,0.3971643096804619,nan,0.026845470324835995,0.0,1000.0,0.0,nan,0,7,0,165,2.2630477569582967,0.0,0.08903888651437185,0.0,0.3181818181818182,0.0,0.8423551497134295,0.0,1.1757872971621426,0.0,2.2630477569582967,4.440892098500626e-16,1.065,0.9617447138759634,0.0
trust-aware,scale,mnist,42,500,0,1.1,2.0,0.05,iid,1.0,500,52,2.303197848143191,0.8822565780878067,0.3961193766593933,nan,0.026552273404030574,0.0,1000.0,0.0,nan,0,1,0,163,2.3031978481431916,0.0,0.06578617298490472,0.0,0.047619047619047616,0.0,0.5823059195563907,0.0,0.9538379652159554,0.0,2.3031978481431916,4.440892098500626e-16,1.08,0.961293681958406,0.0
trust-aware,scale,mnist,42,500,0,1.1,2.0,0.05,iid,1.0,500,53,2.344539209861966,0.8824643768072128,0.39520856153964995,nan,0.02620298508554697,0.0,1000.0,0.0,nan,0,3,0,193,2.3445392098619666,0.0,0.07878807668560728,0.0,0.13636363636363635,0.0,0.7582146809859709,0.0,1.0621760839765721,0.0,2.3445392098619666,4.440892098500626e-16,1.095,0.9607230113270914,0.0
trust-aware,scale,mnist,42,500,0,1.1,2.0,0.05,iid,1.0,500,54,2.3871221095865076,0.882550977230072,0.39432965248823165,nan,0.025767593702767044,0.0,1000.0,0.0,nan,0,9,0,369,2.387122109586507,0.0,0.08605271532060457,0.0,0.28125,0.0,0.7804326703771949,0.0,0.971805639564991,0.0,2.387122109586507,4.440892098500626e-16,1.11,0.9597118850158052,0.0
trust-aware,scale,mnist,42,500,0,1.1,2.0,0.05,iid,1.0,500,55,2.431001419315337,0.8827163777351379,0.39345775669813154,nan,0.025781469967435387,0.0,1000.0,0.0,nan,0,3,0,109,2.431001419315337,0.0,0.079188079987109,0.0,0.17647058823529413,0.0,0.7703673699322868,0.0,1.2043700954493355,0.0,2.431001419315337,0.0,1.125,0.9593980491793986,0.0
trust-aware,scale,mnist,42,500,0,1.1,2.0,0.05,iid,1.0,500,56,2.4762372355197746,0.8829069789648056,0.3926336026787758,nan,0.02494855225086212,0.0,1000.0,0.0,nan,0,3,0,69,2.476237235519775,0.0,0.08263473832561953,0.0,0.21428571428571427,0.0,0.9385013686759132,0.0,1.2870499747140067,0.0,2.476237235519775,4.440892098500626e-16,1.1400000000000001,0.959186135817161,0.0
trust-aware,scale,mnist,42,500,0,1.1,2.0,0.05,iid,1.0,500,57,2.5228955996813527,0.8830139782428742,0.39183273845911026,nan,0.024752584352557148,0.0,1000.0,0.0,nan,0,4,0,314,2.5228955996813522,0.0,0.06933831576994498,0.0,0.14285714285714285,0.0,0.5684481486678123,0.0,0.7307830601930618,0.0,2.5228955996813522,4.440892098500626e-16,1.155,0.9582527836355077,0.0
trust-aware,scale,mnist,42,500,0,1.1,2.0,0.05,iid,1.0,500,58,2.5710493373515257,0.8831603767871856,0.3912214317321777,nan,0.024386786913964897,0.0,1000.0,0.0,nan,0,9,0,417,2.5710493373515257,0.0,0.07961781969019663,0.0,0.28125,0.0,0.7406938215717673,0.0,0.8795138914138079,0.0,2.5710493373515257,0.0,1.1700000000000002,0.9570610124375285,0.0
trust-aware,scale,mnist,42,500,0,1.1,2.0,0.05,iid,1.0,500,59,2.620779036985648,0.8832885769605636,0.3905431089401245,nan,0.024516015354058018,0.0,1000.0,0.0,nan,0,6,0,176,2.6207790369856485,0.0,0.08253779514745796,0.0,0.2608695652173913,0.0,0.8142073387685029,0.0,1.0781794786453247,0.0,2.6207790369856485,4.440892098500626e-16,1.185,0.9565314346289238,0.0
trust-aware,scale,mnist,42,500,0,1.1,2.0,0.05,iid,1.0,500,60,2.672174193730253,0.8834117773771286,0.38986533069610596,nan,0.023788897941509884,0.0,1000.0,0.0,nan,0,2,0,230,2.6721741937302523,0.0,0.06704121599406708,0.0,0.08333333333333333,0.0,0.636333342641592,0.0,0.8668651084105173,0.0,2.6721741937302523,4.440892098500626e-16,1.2,0.9558993555650409,0.0
trust-aware,scale,mnist,42,500,0,1.1,2.0,0.05,iid,1.0,500,61,2.7253345479753266,0.8835275774002075,0.38937891709804534,nan,0.024084882953992255,0.0,1000.0,0.0,nan,0,12,0,264,2.725334547975327,0.0,0.0787583326296793,0.0,0.46153846153846156,0.0,0.7795597475308639,0.0,0.8640217574743124,0.0,2.725334547975327,4.440892098500626e-16,1.215,0.9551106132273754,0.0
trust-aware,scale,mnist,42,500,0,1.1,2.0,0.05,iid,1.0,500,62,2.7803716539313506,0.8835731782913208,0.38890529811382296,nan,0.02351071098102973,0.0,1000.0,0.0,nan,0,9,0,251,2.780371653931351,0.0,0.0718650754276943,0.0,0.34615384615384615,0.0,0.6122231930494308,0.0,0.8270301062327164,0.0,2.780371653931351,4.440892098500626e-16,1.2299999999999998,0.9543853672362846,0.0
trust-aware,scale,mnist,42,500,0,1.1,2.0,0.05,iid,1.0,500,63,2.8374107198726692,0.8836691775321961,0.3884641231894493,nan,0.023827992437873036,0.0,1000.0,0.0,nan,0,18,0,372,2.8374107198726697,0.0,0.07089046451003658,0.0,0.5625,0.0,0.6632893243804574,0.0,0.805278530344367,0.0,2.8374107198726697,4.440892098500626e-16,1.245,0.9533683857936249,0.0
trust-aware,scale,mnist,42,500,0,1.1,2.0,0.05,iid,1.0,500,64,2.8797317800857956,0.8837329788208008,0.38796206229925156,nan,0.02342983102425933,0.0,1000.0,0.0,nan,0,19,0,303,2.8797317800857956,0.0,0.07092479994919042,0.0,0.6785714285714286,0.0,0.6514620791588511,0.0,0.8069085202046803,0.0,2.8797317800857956,0.0,1.26,0.9525239403982995,0.0
trust-aware,scale,mnist,42,500,0,1.1,2.0,0.05,iid,1.0,500,65,2.9146882802902803,0.8838659771680832,0.38744404131174087,nan,0.022739796755978696,0.0,1000.0,0.0,nan,0,2,0,248,2.9146882802902803,0.0,0.05554115802616263,0.0,0.07692307692307693,0.0,0.528680329139416,0.0,0.77453940648299,0.0,2.9146882802902803,0.0,1.275,0.9518456870289923,0.0
trust-aware,scale,mnist,42,500,0,1.1,2.0,0.05,iid,1.0,500,66,2.9504496656185593,0.8839863775968552,0.38701179331541063,nan,0.02272473856806755,0.0,1000.0,0.0,nan,0,1,0,225,2.950449665618559,0.0,0.056496668923297515,0.0,0.04,0.0,0.4974678444862366,0.0,0.7406998896598815,0.0,2.950449665618559,4.440892098500626e-16,1.2900000000000003,0.9512153188190045,0.0
trust-aware,scale,mnist,42,500,0,1.1,2.0,0.05,iid,1.0,500,67,2.9870369056922645,0.8839939795732498,0.38671259742975234,nan,0.022717514621286558,0.0,1000.0,0.0,nan,0,14,0,322,2.9870369056922645,0.0,0.05980827332176909,0.0,0.4827586206896552,0.0,0.5325978341801413,0.0,0.6924710664255865,0.0,2.9870369056922645,0.0,1.305,0.9503023704895218,0.0
trust-aware,scale,mnist,42,500,0,1.1,2.0,0.05,iid,1.0,500,68,3.0244720059477888,0.884112977385521,0.386354877948761,nan,0.022317341693183956,0.0,1000.0,0.0,nan,0,21,0,423,3.0244720059477883,0.0,0.06811641289322452,0.0,0.6176470588235294,0.0,0.5994317803312751,0.0,0.6823083670700297,0.0,3.0244720059477883,4.440892098500626e-16,1.32,0.9490824770724111,0.0
trust-aware,scale,mnist,42,500,0,1.1,2.0,0.05,iid,1.0,500,69,3.062778081137312,0.8842305766344071,0.3860221571922302,nan,0.021679617366508433,0.0,1000.0,0.0,nan,0,3,0,109,3.062778081137312,0.0,0.05404166120542566,0.0,0.15789473684210525,0.0,0.5407468566769048,0.0,0.8563727579618755,0.0,3.062778081137312,0.0,1.335,0.9487654603546718,0.0
trust-aware,scale,mnist,42,500,0,1.1,2.0,0.05,iid,1.0,500,70,3.1019794351188676,0.884289378285408,0.38571181398630144,nan,0.022436015183726947,0.0,1000.0,0.0,nan,0,3,0,85,3.101979435118868,0.0,0.06724227701955116,0.0,0.2,0.0,0.670660924911499,0.0,1.1024601737658182,0.0,3.101979435118868,4.440892098500626e-16,1.3499999999999999,0.9485331007003426,0.0
trust-aware,scale,mnist,42,500,0,1.1,2.0,0.05,iid,1.0,500,71,3.1421016475291226,0.8843207776546478,0.38551233321428297,nan,0.02150963500819423,0.0,1000.0,0.0,nan,0,4,0,174,3.1421016475291235,0.0,0.04896011548715333,0.0,0.18181818181818182,0.0,0.5043985979123549,0.0,0.7558052133430134,0.0,3.1421016475291235,8.881784197001252e-16,1.3650000000000002,0.948065913818309,0.0
trust-aware,scale,mnist,42,500,0,1.1,2.0,0.05,iid,1.0,500,72,3.183171667991226,0.8844191788434982,0.38522307109832765,nan,0.021656782552599906,0.0,1000.0,0.0,nan,0,8,0,214,3.183171667991225,0.0,0.06397751591724672,0.0,0.32,0.0,0.6260715925693512,0.0,0.8388800930976867,0.0,3.183171667991225,8.881784197001252e-16,1.38,0.947481575875898,0.0
trust-aware,scale,mnist,42,500,0,1.1,2.0,0.05,iid,1.0,500,73,3.225217918574414,0.8844161772727966,0.385063412129879,nan,0.021368890127632767,0.0,1000.0,0.0,nan,0,12,0,384,3.225217918574415,0.0,0.06726023822975964,0.0,0.375,0.0,0.6430719401687384,0.0,0.7333168424665928,0.0,3.225217918574415,8.881784197001252e-16,1.395,0.9463988286408432,0.0
trust-aware,scale,mnist,42,500,0,1.1,2.0,0.05,iid,1.0,500,74,3.2682704052928386,0.8845039772987365,0.3848148864507675,nan,0.020634963953246672,0.0,1000.0,0.0,nan,0,7,0,235,3.268270405292838,0.0,0.06381503517195465,0.0,0.2916666666666667,0.0,0.5386286787688732,0.0,0.7573805376887321,0.0,3.268270405292838,4.440892098500626e-16,1.41,0.9457277859926632,0.0
trust-aware,scale,mnist,42,500,0,1.1,2.0,0.05,iid,1.0,500,75,3.3123608395086923,0.8844959789514542,0.3847633612155914,nan,0.02072601650769894,0.0,1000.0,0.0,nan,0,7,0,251,3.3123608395086928,0.0,0.05177940098030251,0.0,0.2692307692307692,0.0,0.5851076749654917,0.0,0.6596796329204853,0.0,3.3123608395086928,4.440892098500626e-16,1.425,0.9450539014255819,0.0
trust-aware,scale,mnist,42,500,0,1.1,2.0,0.05,iid,1.0,500,76,3.357522770189856,0.8846057773828506,0.3845544480085373,nan,0.020353765537341435,0.0,1000.0,0.0,nan,0,3,0,161,3.357522770189855,0.0,0.04433376989232428,0.0,0.14285714285714285,0.0,0.45388226991608027,0.0,0.7183742097445897,0.0,3.357522770189855,8.881784197001252e-16,1.4400000000000002,0.94464955507065,0.0
trust-aware,scale,mnist,42,500,0,1.1,2.0,0.05,iid,1.0,500,77,3.4037917280656296,0.8846145778894424,0.38445278149843215,nan,0.020698307858159144,0.0,1000.0,0.0,nan,0,14,0,222,3.403791728065629,0.0,0.05535869629282381,0.0,0.5833333333333334,0.0,0.5325030932823817,0.0,0.7426885937650999,0.0,3.403791728065629,4.440892098500626e-16,1.4549999999999998,0.9440532342373458,0.0
trust-aware,scale,mnist,42,500,0,1.1,2.0,0.05,iid,1.0,500,78,3.4512053828263247,0.8846499787569047,0.3842668273448944,nan,0.020547074216761087,0.0,1000.0,0.0,nan,0,4,0,128,3.451205382826324,0.0,0.04674694652723864,0.0,0.21052631578947367,0.0,0.4713903916509528,0.0,0.7757997544188249,0.0,3.451205382826324,8.881784197001252e-16,1.47,0.9437199227428458,0.0
trust-aware,scale,mnist,42,500,0,1.1,2.0,0.05,iid,1.0,500,79,3.499803714624289,0.8847755782604217,0.3841762221455574,nan,0.01942815047434785,0.0,1000.0,0.0,nan,0,4,0,194,3.4998037146242895,0.0,0.051928590922210145,0.0,0.18181818181818182,0.0,0.5328993770209226,0.0,0.7654668363657865,0.0,3.4998037146242895,4.440892098500626e-16,1.485,0.9431917407635689,0.0
trust-aware,scale,mnist,42,500,0,1.1,2.0,0.05,iid,1.0,500,80,3.549629201256186,0.8847851780653,0.38405740410089495,nan,0.019934899506292174,0.0,1000.0,0.0,nan,0,5,0,309,3.5496292012561863,0.0,0.045633988740320916,0.0,0.17857142857142858,0.0,0.43323025533131193,0.0,0.59771707121815,0.0,3.5496292012561863,4.440892098500626e-16,1.5,0.942400487365875,0.0
trust-aware,scale,mnist,42,500,0,1.1,2.0,0.05,iid,1.0,500,81,3.600727022539671,0.8848015776872635,0.3839784941673279,nan,0.01950514242053032,0.0,1000.0,0.0,nan,0,4,0,226,3.6007270225396715,0.0,0.05361269427429601,0.0,0.16,0.0,0.5254262816905976,0.0,0.7169984531402588,0.0,3.6007270225396715,4.440892098500626e-16,1.515,0.941787481964523,0.0
trust-aware,scale,mnist,42,500,0,1.1,2.0,0.05,iid,1.0,500,82,3.653145283543021,0.8848551775217056,0.3838974569439888,nan,0.019209450788118622,0.0,1000.0,nan,nan,0,0,0,40,3.65314528354302,0.0,0.04481147351693207,0.0,0.0,0.0,0.5560982742092826,0.0,0.9862763068892739,0.0,3.65314528354302,8.881784197001252e-16,1.53,0.9416675289630734,0.0
trust-aware,scale,mnist,42,500,0,1.1,2.0,0.05,iid,1.0,500,83,3.706935258484402,0.8848705772161484,0.38385411459207536,nan,0.019565927889198066,0.0,1000.0,0.0,nan,0,5,0,149,3.706935258484402,0.0,0.04826611570997623,0.0,0.25,0.0,0.4813523069024086,0.0,0.7082525998353958,0.0,3.706935258484402,0.0,1.5450000000000002,0.9412787193625883,0.0
trust-aware,scale,mnist,42,500,0,1.1,2.0,0.05,iid,1.0,500,84,3.7621516572892535,0.884960777759552,0.3838179557919502,nan,0.01887564832577482,0.0,1000.0,0.0,nan,0,9,0,425,3.7621516572892526,0.0,0.045376508323197194,0.0,0.28125,0.0,0.3999315705150366,0.0,0.49316986184567213,0.0,3.7621516572892526,8.881784197001252e-16,1.56,0.9401018975382827,0.0
trust-aware,scale,mnist,42,500,0,1.1,2.0,0.05,iid,1.0,500,85,3.818852916980401,0.884977777838707,0.3838501889705658,nan,0.019264499402858994,0.0,1000.0,0.0,nan,0,9,0,177,3.818852916980402,0.0,0.051282955300239956,0.0,0.4090909090909091,0.0,0.5412458398125388,0.0,0.649847846139561,0.0,3.818852916980402,8.881784197001252e-16,1.575,0.9396093451364473,0.0
trust-aware,scale,mnist,42,500,0,1.1,2.0,0.05,iid,1.0,500,86,3.874737541093223,0.8850035783052445,0.3838510956764221,nan,0.01868845190366973,0.0,1000.0,0.0,nan,0,4,0,200,3.8747375410932245,0.0,0.04299186464842397,0.0,0.17391304347826086,0.0,0.4314860131429589,0.0,0.6089221912881603,0.0,3.8747375410932245,1.3322676295501878e-15,1.5899999999999999,0.9390736279732017,0.0
trust-aware,scale,mnist,42,500,0,1.1,2.0,0.05,iid,1.0,500,87,3.916240373005058,0.8850187767744064,0.38385191464424134,nan,0.018568439758382738,0.0,1000.0,0.0,nan,0,8,0,78,3.916240373005059,0.0,0.053878087302826616,0.0,0.5,0.0,0.6259784400463104,0.0,0.8056393377482891,0.0,3.916240373005059,8.881784197001252e-16,1.6050000000000002,0.9388333353223396,0.0
trust-aware,scale,mnist,42,500,0,1.1,2.0,0.05,iid,1.0,500,88,3.958594794875645,0.8850235780477523,0.3838538843393326,nan,0.018674750346690416,0.0,1000.0,0.0,nan,0,9,0,217,3.9585947948756446,0.0,0.04040513513374111,0.0,0.375,0.0,0.4044517707079649,0.0,0.5910905748605728,0.0,3.9585947948756446,4.440892098500626e-16,1.62,0.9382747726239321,0.0
trust-aware,scale,mnist,42,500,0,1.1,2.0,0.05,iid,1.0,500,89,4.00182186932881,0.8851157784461975,0.3838541496992111,nan,0.018453193000621267,0.0,1000.0,0.0,nan,0,8,0,108,4.0018218693288095,0.0,0.050080676733632874,0.0,0.4444444444444444,0.0,0.521842693289121,0.0,0.7535578476058112,0.0,4.0018218693288095,8.881784197001252e-16,1.635,0.9379720058982189,0.0
trust-aware,scale,mnist,42,500,0,1.1,2.0,0.05,iid,1.0,500,90,4.045943537463281,0.885077779173851,0.38396567189693454,nan,0.017898989792324994,0.0,1000.0,0.0,nan,0,23,0,519,4.045943537463281,0.0,0.045636432490108195,0.0,0.6052631578947368,0.0,0.4532613738587028,0.0,0.46902682122431305,0.0,4.045943537463281,0.0,1.65,0.9365386484119249,0.0
trust-aware,scale,mnist,42,500,0,1.1,2.0,0.05,iid,1.0,500,91,4.090982666874294,0.8850755797624588,0.3840402110815048,nan,0.0182588004871555,0.0,1000.0,0.0,nan,0,5,0,189,4.090982666874295,0.0,0.05178735878466738,0.0,0.21739130434782608,0.0,0.5567919573058253,0.0,0.7208726522715195,0.0,4.090982666874295,8.881784197001252e-16,1.6649999999999998,0.9359971364902936,0.0
trust-aware,scale,mnist,42,500,0,1.1,2.0,0.05,iid,1.0,500,92,4.136963102650078,0.8850821788311005,0.38410168898105623,nan,0.017880665021948516,0.0,1000.0,0.0,nan,0,9,0,213,4.136963102650079,0.0,0.044427529602817845,0.0,0.375,0.0,0.44715799763798714,0.0,0.6176244132220745,0.0,4.136963102650079,8.881784197001252e-16,1.6800000000000002,0.935416564805724,0.0
trust-aware,scale,mnist,42,500,0,1.1,2.0,0.05,iid,1.0,500,93,4.183909721536838,0.8851151778697968,0.38410153293609617,nan,0.017389925984809033,0.0,1000.0,0.0,nan,0,7,0,247,4.183909721536837,0.0,0.037472850466298495,0.0,0.2692307692307692,0.0,0.38290104785790813,0.0,0.5197617216752126,0.0,4.183909721536837,8.881784197001252e-16,1.695,0.9347833630915201,0.0
trust-aware,scale,mnist,42,500,0,1.1,2.0,0.05,iid,1.0,500,94,4.231848489478358,0.8851525785923005,0.384169504404068,nan,0.017085972614586352,0.0,1000.0,0.0,nan,0,8,0,138,4.231848489478359,0.0,0.04225111925478585,0.0,0.4,0.0,0.439287331700325,0.0,0.5698034122586251,0.0,4.231848489478359,8.881784197001252e-16,1.71,0.934368466880075,0.0
trust-aware,scale,mnist,42,500,0,1.1,2.0,0.05,iid,1.0,500,95,4.28080652274961,0.8851685780286789,0.3843239679336548,nan,0.017105435374481923,0.0,1000.0,0.0,nan,0,8,0,322,4.280806522749609,0.0,0.042337177467202045,0.0,0.27586206896551724,0.0,0.4414065809085451,0.0,0.5191334784030914,0.0,4.280806522749609,8.881784197001252e-16,1.7249999999999999,0.9334878405297061,0.0
trust-aware,scale,mnist,42,500,0,1.1,2.0,0.05,iid,1.0,500,96,4.330812152917754,0.8851303772926331,0.3844984309077263,nan,0.01695171379085098,0.0,1000.0,0.0,nan,0,13,0,501,4.330812152917753,0.0,0.04148194934421239,0.0,0.37142857142857144,0.0,0.4078444046633584,0.0,0.4238543391227722,0.0,4.330812152917753,8.881784197001252e-16,1.7400000000000002,0.9321123683445879,0.0
trust-aware,scale,mnist,42,500,0,1.1,2.0,0.05,iid,1.0,500,97,4.381894995878737,0.8851741766929626,0.3845498139858246,nan,0.01689919041070555,0.0,1000.0,0.0,nan,0,5,0,287,4.381894995878737,0.0,0.03926401519333752,0.0,0.17857142857142858,0.0,0.37887427530118395,0.0,0.498955888407571,0.0,4.381894995878737,0.0,1.7550000000000001,0.9313300144787501,0.0
trust-aware,scale,mnist,42,500,0,1.1,2.0,0.05,iid,1.0,500,98,4.434086025233358,0.8851669778823853,0.3846462796330452,nan,0.017009488439985683,0.0,1000.0,0.0,nan,0,2,0,80,4.434086025233357,0.0,0.03466880739210194,0.0,0.14285714285714285,0.0,0.4084034115076065,0.0,0.6440376043319702,0.0,4.434086025233357,8.881784197001252e-16,1.77,0.9311163082750051,0.0
trust-aware,scale,mnist,42,500,0,1.1,2.0,0.05,iid,1.0,500,99,4.4874176502831755,0.885166579246521,0.38479217028617857,nan,0.016566597451658352,0.0,1000.0,0.0,nan,0,6,0,190,4.487417650283177,0.0,0.04086230203774822,0.0,0.2608695652173913,0.0,0.39261397071506665,0.0,0.5566900165184684,0.0,4.487417650283177,1.7763568394002505e-15,1.785,0.9305816272821602,0.0
trust-aware,scale,mnist,42,500,0,1.1,2.0,0.05,iid,1.0,500,100,4.5419237989440235,0.8852555786371231,0.3848864518404007,nan,0.01658773450585811,0.0,1000.0,0.0,nan,0,12,0,192,4.541923798944024,0.0,0.04092434668937853,0.0,0.5217391304347826,0.0,0.42353903988133307,0.0,0.5781300702820653,0.0,4.541923798944024,8.881784197001252e-16,1.7999999999999998,0.9300724034866349,0.0
trust-aware,scale,mnist,42,500,0,1.1,2.0,0.05,iid,1.0,500,101,4.597640005893232,0.8852623770236969,0.385025340616703,nan,0.016325393381218117,0.0,1000.0,0.0,nan,0,9,0,343,4.597640005893232,0.0,0.036826895208713635,0.0,0.3,0.0,0.35195152858893075,0.0,0.44195403456687926,0.0,4.597640005893232,0.0,1.8150000000000002,0.92914498577449,0.0
trust-aware,scale,mnist,42,500,0,1.1,2.0,0.05,iid,1.0,500,102,4.65460350628586,0.8852713783979416,0.3851977941393852,nan,0.016175416746625194,0.0,1000.0,0.0,nan,0,7,0,275,4.654603506285861,0.0,0.03708545858642447,0.0,0.25925925925925924,0.0,0.36703070611865435,0.0,0.4572843500861415,0.0,4.654603506285861,8.881784197001252e-16,1.83,0.9283979582400301,0.0
trust-aware,scale,mnist,42,500,0,1.1,2.0,0.05,iid,1.0,500,103,4.712853335395463,0.8852403773069382,0.3853839839696884,nan,0.015737959848982946,0.0,1000.0,0.0,nan,0,7,0,283,4.712853335395464,0.0,0.03795348600141291,0.0,0.25,0.0,0.3800785004028252,0.0,0.46904375829866957,0.0,4.712853335395464,8.881784197001252e-16,1.845,0.9276268169374815,0.0
trust-aware,scale,mnist,42,500,0,1.1,2.0,0.05,iid,1.0,500,104,4.772430434556013,0.8852597764730453,0.3855278984904289,nan,0.01567595169569055,0.0,1000.0,0.0,nan,0,19,0,335,4.772430434556013,0.0,0.03671470992502869,0.0,0.6333333333333333,0.0,0.37502988477547966,0.0,0.4358400742212931,0.0,4.772430434556013,0.0,1.8599999999999999,0.9267377625371084,0.0
trust-aware,scale,mnist,42,500,0,1.1,2.0,0.05,iid,1.0,500,105,4.833377763803692,0.8853235768079758,0.3856676986217499,nan,0.015558335363217022,0.0,1000.0,0.0,nan,0,4,0,268,4.833377763803692,0.0,0.03141259564295124,0.0,0.17391304347826086,0.0,0.3239776278319566,0.0,0.426558088997136,0.0,4.833377763803692,0.0,1.875,0.9260456217284724,0.0
trust-aware,scale,mnist,42,500,0,1.1,2.0,0.05,iid,1.0,500,106,4.895740421640309,0.8852967778444291,0.38583848720788955,nan,0.015455177534491785,0.0,1000.0,0.0,nan,0,6,0,358,4.89574042164031,0.0,0.03019790896082649,0.0,0.1935483870967742,0.0,0.29036135250522244,0.0,0.3936434349706096,0.0,4.89574042164031,8.881784197001252e-16,1.8900000000000001,0.9251227641638792,0.0
trust-aware,scale,mnist,42,500,0,1.1,2.0,0.05,iid,1.0,500,107,4.959565772364041,0.8852981777191162,0.38599633014202117,nan,0.015552624425088818,0.0,1000.0,0.0,nan,0,16,0,178,4.959565772364042,0.0,0.03734972522188815,0.0,0.7272727272727273,0.0,0.39350321888923645,0.0,0.4847997183149511,0.0,4.959565772364042,8.881784197001252e-16,1.905,0.9246307447353823,0.0
trust-aware,scale,mnist,42,500,0,1.1,2.0,0.05,iid,1.0,500,108,5.024903581438015,0.8852745778560639,0.3862480062842369,nan,0.015560093052361322,0.0,1000.0,0.0,nan,0,11,0,187,5.024903581438016,0.0,0.038412786945589826,0.0,0.4782608695652174,0.0,0.3738582043544106,0.0,0.49441534539927606,0.0,5.024903581438016,8.881784197001252e-16,1.92,0.9241135715231183,0.0
trust-aware,scale,mnist,42,500,0,1.1,2.0,0.05,iid,1.0,500,109,5.09180615939299,0.885313977599144,0.38643030446767807,nan,0.015109467099567777,0.0,1000.0,0.0,nan,0,22,0,506,5.0918061593929895,0.0,0.0344102960725195,0.0,0.5789473684210527,0.0,0.3320483279071356,0.0,0.35924988828207316,0.0,5.0918061593929895,8.881784197001252e-16,1.935,0.9227642298857184,0.0
trust-aware,scale,mnist,42,500,0,1.1,2.0,0.05,iid,1.0,500,110,5.16032851478683,0.8853375782966614,0.38661113983392714,nan,0.014842909236904234,0.0,1000.0,0.0,nan,0,13,0,419,5.160328514786828,0.0,0.03342028228882521,0.0,0.40625,0.0,0.32658723182976246,0.0,0.39275188092142344,0.0,5.160328514786828,1.7763568394002505e-15,1.95,0.9216892469363324,0.0
trust-aware,scale,mnist,42,500,0,1.1,2.0,0.05,iid,1.0,500,111,5.207853168736674,0.8853137768507003,0.3868040972352028,nan,0.014888054989278317,0.0,1000.0,0.0,nan,0,10,0,210,5.207853168736674,0.0,0.03388088956804955,0.0,0.4,0.0,0.3531863331794739,0.0,0.4789054024219513,0.0,5.207853168736674,0.0,1.965,0.9211341195619812,0.0
trust-aware,scale,mnist,42,500,0,1.1,2.0,0.05,iid,1.0,500,112,5.252493593221522,0.8853513778448104,0.3870019798874855,nan,0.015174697375013715,0.0,1000.0,0.0,nan,0,5,0,187,5.252493593221521,0.0,0.028606629089465624,0.0,0.23809523809523808,0.0,0.29051450462568373,0.0,0.4210785116468157,0.0,5.252493593221521,8.881784197001252e-16,1.98,0.9206801811591878,0.0
trust-aware,scale,mnist,42,500,0,1.1,2.0,0.05,iid,1.0,500,113,5.297900042856843,0.88534077835083,0.3872285614013672,nan,0.014612223360348831,0.0,1000.0,0.0,nan,0,20,0,372,5.297900042856844,0.0,0.030755763023205044,0.0,0.6060606060606061,0.0,0.29847538471221924,0.0,0.36845757112358557,0.0,5.297900042856844,8.881784197001252e-16,1.995,0.9197219909578049,0.0
trust-aware,scale,mnist,42,500,0,1.1,2.0,0.05,iid,1.0,500,114,5.344087390883105,0.8853367778062821,0.3874809952378273,nan,0.014458401899399429,0.0,1000.0,0.0,nan,0,5,0,351,5.344087390883105,0.0,0.031023355935198303,0.0,0.1724137931034483,0.0,0.32242387379037923,0.0,0.3858658578889123,0.0,5.344087390883105,0.0,2.01,0.9188394551761544,0.0
trust-aware,scale,mnist,42,500,0,1.1,2.0,0.05,iid,1.0,500,115,5.391070942635641,0.8853171764612198,0.38768969118595126,nan,0.014662894453587276,0.0,1000.0,0.0,nan,0,1,0,303,5.391070942635641,0.0,0.027452513227900786,0.0,0.03571428571428571,0.0,0.2717316821217537,0.0,0.3756786755153111,0.0,5.391070942635641,0.0,2.025,0.9180744501312912,0.0
trust-aware,scale,mnist,42,500,0,1.1,2.0,0.05,iid,1.0,500,116,5.4388664510187725,0.8853267771005631,0.387934288918972,nan,0.014624534428796986,0.0,1000.0,0.0,nan,0,19,0,395,5.438866451018773,0.0,0.028806990150390108,0.0,0.5757575757575758,0.0,0.28686037027474603,0.0,0.3398295785441543,0.0,5.438866451018773,8.881784197001252e-16,2.04,0.9170862263964875,0.0
trust-aware,scale,mnist,42,500,0,1.1,2.0,0.05,iid,1.0,500,117,5.48749013258289,0.8853409781455993,0.3881191192865372,nan,0.01412670259984831,0.0,1000.0,0.0,nan,0,14,0,196,5.487490132582891,0.0,0.030876981567502026,0.0,0.5833333333333334,0.0,0.3515430601934592,0.0,0.39465321972966194,0.0,5.487490132582891,8.881784197001252e-16,2.055,0.9165596038926292,0.0
trust-aware,scale,mnist,42,500,0,1.1,2.0,0.05,iid,1.0,500,118,5.536958684228259,0.8853635778427124,0.3883479908704758,nan,0.014160710026419932,0.0,1000.0,0.0,nan,0,12,0,390,5.536958684228258,0.0,0.026826815076353608,0.0,0.3870967741935484,0.0,0.2686617143692509,0.0,0.3321608006954193,0.0,5.536958684228258,8.881784197001252e-16,2.07,0.9156475884516818,0.0
trust-aware,scale,mnist,42,500,0,1.1,2.0,0.05,iid,1.0,500,119,5.5872893005602045,0.8853613756895066,0.388589369893074,nan,0.013815969267549614,0.0,1000.0,0.0,nan,0,13,0,245,5.587289300560204,0.0,0.031436120848767755,0.0,0.5416666666666666,0.0,0.31700288380185765,0.0,0.4039224522809188,0.0,5.587289300560204,8.881784197001252e-16,2.085,0.9149768533318012,0.0
trust-aware,scale,mnist,42,500,0,1.1,2.0,0.05,iid,1.0,500,120,5.638499691921221,0.8853601776361465,0.3887687048316002,nan,0.013579712656792253,0.0,1000.0,0.0,nan,0,5,0,377,5.638499691921221,0.0,0.02785569140790485,0.0,0.15625,0.0,0.2813772913068533,0.0,0.3413017950952053,0.0,5.638499691921221,0.0,2.1,0.914031694116447,0.0
trust-aware,scale,mnist,42,500,0,1.1,2.0,0.05,iid,1.0,500,121,5.690608103126535,0.8853483777046204,0.3890464246869087,nan,0.013770877319420206,0.0,1000.0,0.0,nan,0,9,0,307,5.690608103126535,0.0,0.02476598501135603,0.0,0.3103448275862069,0.0,0.24423966325562577,0.0,0.33670125130949347,0.0,5.690608103126535,0.0,2.115,0.9132850542559073,0.0
trust-aware,scale,mnist,42,500,0,1.1,2.0,0.05,iid,1.0,500,122,5.743633332930533,0.8853559771776199,0.38932097440958024,nan,0.013614320882449025,0.0,1000.0,0.0,nan,0,3,0,125,5.743633332930533,0.0,0.02970560057086138,0.0,0.15789473684210525,0.0,0.30625727145295395,0.0,0.47950782273945053,0.0,5.743633332930533,0.0,2.13,0.9129739152982007,0.0
trust-aware,scale,mnist,42,500,0,1.1,2.0,0.05,iid,1.0,500,123,5.797594754252546,0.8853787781000138,0.38951934123039245,nan,0.013311648248311351,0.0,1000.0,0.0,nan,0,1,0,111,5.797594754252545,0.0,0.025001302489949112,0.0,0.058823529411764705,0.0,0.2967945591491811,0.0,0.4341723655953127,0.0,5.797594754252545,8.881784197001252e-16,2.145,0.9127008435503302,0.0
trust-aware,scale,mnist,42,500,0,1.1,2.0,0.05,iid,1.0,500,124,5.852512335191406,0.8854127759933472,0.3897003127336502,nan,0.012913385649090227,0.0,1000.0,0.0,nan,0,6,0,218,5.852512335191406,0.0,0.027696196150773088,0.0,0.2608695652173913,0.0,0.3013073309608128,0.0,0.37192295038181805,0.0,5.852512335191406,0.0,2.16,0.912101950540879,0.0
trust-aware,scale,mnist,42,500,0,1.1,2.0,0.05,iid,1.0,500,125,5.908406660859312,0.8854071778059006,0.38996224975585936,nan,0.01313335558882466,0.0,1000.0,0.0,nan,0,4,0,264,5.908406660859313,0.0,0.026312902351361415,0.0,0.14814814814814814,0.0,0.26759550499695317,0.0,0.33989326931812147,0.0,5.908406660859313,8.881784197001252e-16,2.175,0.9114191206965737,0.0
trust-aware,scale,mnist,42,500,0,1.1,2.0,0.05,iid,1.0,500,126,5.9652989560665395,0.8854501777887345,0.39016101956367494,nan,0.012776926797079412,0.0,1000.0,0.0,nan,0,8,0,130,5.965298956066539,0.0,0.027166634126017823,0.0,0.42105263157894735,0.0,0.2888679912215785,0.0,0.43013736448789897,0.0,5.965298956066539,8.881784197001252e-16,2.19,0.9110803305075402,0.0
trust-aware,scale,mnist,42,500,0,1.1,2.0,0.05,iid,1.0,500,127,6.023211108889667,0.8854213762283325,0.3904684264063835,nan,0.012617604256692257,0.0,1000.0,0.0,nan,0,11,0,181,6.023211108889667,0.0,0.027343349860031715,0.0,0.5,0.0,0.30187619680708105,0.0,0.3856917118484324,0.0,6.023211108889667,0.0,2.205,0.9106062468224938,0.0
trust-aware,scale,mnist,42,500,0,1.1,2.0,0.05,iid,1.0,500,128,6.0821656951570935,0.8854291778802872,0.3907319137454033,nan,0.012822466118163183,0.0,1000.0,0.0,nan,0,8,0,122,6.082165695157093,0.0,0.026363637669495052,0.0,0.42105263157894735,0.0,0.29054432636813116,0.0,0.42205240224537094,0.0,6.082165695157093,8.881784197001252e-16,2.22,0.9102685293674264,0.0
trust-aware,scale,mnist,42,500,0,1.1,2.0,0.05,iid,1.0,500,129,6.142186003886753,0.8853869776725769,0.3909665603041649,nan,0.012664275187434572,0.0,1000.0,0.0,nan,0,6,0,414,6.142186003886752,0.0,0.024403827283899556,0.0,0.18181818181818182,0.0,0.23622468655759638,0.0,0.2998660586097024,0.0,6.142186003886752,8.881784197001252e-16,2.235,0.9091781811957853,0.0
trust-aware,scale,mnist,42,500,0,1.1,2.0,0.05,iid,1.0,500,130,6.203296063712107,0.8854431784152985,0.3912135742902756,nan,0.012714173955221971,0.0,1000.0,0.0,nan,0,7,0,165,6.203296063712106,0.0,0.024396342043875426,0.0,0.3333333333333333,0.0,0.2584664026896159,0.0,0.36854608569826397,0.0,6.203296063712106,8.881784197001252e-16,2.25,0.9087599328089646,0.0
trust-aware,scale,mnist,42,500,0,1.1,2.0,0.05,iid,1.0,500,131,6.26552067033368,0.8854489766359329,0.39140916091203687,nan,0.012550697883679754,0.0,1000.0,0.0,nan,0,1,0,161,6.2655206703336805,0.0,0.02148737595651229,0.0,0.047619047619047616,0.0,0.23777774614947184,0.0,0.36294172349430265,0.0,6.2655206703336805,8.881784197001252e-16,2.265,0.9083769402484776,0.0
trust-aware,scale,mnist,42,500,0,1.1,2.0,0.05,iid,1.0,500,132,6.328885415034608,0.8854525777101516,0.39166457623243334,nan,0.012400948028597567,0.0,1000.0,0.0,nan,0,20,0,484,6.328885415034607,0.0,0.02239235796422145,0.0,0.5555555555555556,0.0,0.23285894013113445,0.0,0.2591327879991796,0.0,6.328885415034607,8.881784197001252e-16,2.2800000000000002,0.9071709384693403,0.0
trust-aware,scale,mnist,42,500,0,1.1,2.0,0.05,iid,1.0,500,133,6.393416714299886,0.8854137765169143,0.39195205122232435,nan,0.011967020316256417,0.0,1000.0,0.0,nan,0,9,0,249,6.393416714299888,0.0,0.02266087277195234,0.0,0.3333333333333333,0.0,0.23056902708830657,0.0,0.32066021031803554,0.0,6.393416714299888,1.7763568394002505e-15,2.295,0.9065844776752933,0.0
trust-aware,scale,mnist,42,500,0,1.1,2.0,0.05,iid,1.0,500,134,6.459141840580268,0.8854537774324417,0.3921594402194023,nan,0.012364098032855469,0.0,1000.0,0.0,nan,0,1,0,189,6.459141840580269,0.0,0.02396696021952117,0.0,0.043478260869565216,0.0,0.25278066293053003,0.0,0.3634650422179181,0.0,6.459141840580269,8.881784197001252e-16,2.31,0.906129600912568,0.0
trust-aware,scale,mnist,42,500,0,1.1,2.0,0.05,iid,1.0,500,135,6.526088954243005,0.8854517776966095,0.3924142628908157,nan,0.012294742544846875,0.0,1000.0,0.0,nan,0,9,0,297,6.526088954243007,0.0,0.02050586125652475,0.0,0.32142857142857145,0.0,0.2045210993715695,0.0,0.28974055285964695,0.0,6.526088954243007,1.7763568394002505e-15,2.3249999999999997,0.9054152164314077,0.0
trust-aware,scale,mnist,42,500,0,1.1,2.0,0.05,iid,1.0,500,136,6.594287136752883,0.8854897768497467,0.3926936722397804,nan,0.012141858709269556,0.0,1000.0,0.0,nan,0,6,0,356,6.594287136752883,0.0,0.02086211685786553,0.0,0.20689655172413793,0.0,0.20645558371626097,0.0,0.2742377170201006,0.0,6.594287136752883,0.0,2.3400000000000003,0.9045399292269782,0.0
trust-aware,scale,mnist,42,500,0,1.1,2.0,0.05,iid,1.0,500,137,6.663766425128326,0.8854845767021179,0.3929531296491623,nan,0.011803276716701446,0.0,1000.0,0.0,nan,0,10,0,374,6.663766425128329,0.0,0.02041510288628228,0.0,0.3225806451612903,0.0,0.19788770281499432,0.0,0.26282183201082293,0.0,6.663766425128329,2.6645352591003757e-15,2.355,0.9037680241249567,0.0
trust-aware,scale,mnist,42,500,0,1.1,2.0,0.05,iid,1.0,500,138,6.734557847718581,0.8854763770103454,0.39322042763233184,nan,0.01189478512853384,0.0,1000.0,0.0,nan,0,15,0,211,6.734557847718581,0.0,0.022897032398168104,0.0,0.6,0.0,0.2393889993429184,0.0,0.3174106299877167,0.0,6.734557847718581,0.0,2.37,0.9032707584858077,0.0
trust-aware,scale,mnist,42,500,0,1.1,2.0,0.05,iid,1.0,500,139,6.80669346134933,0.8854805773496628,0.3934942031502724,nan,0.011797883019254014,0.0,1000.0,0.0,nan,0,19,0,531,6.80669346134933,0.0,0.021947809203606936,0.0,0.5135135135135135,0.0,0.20709492991099487,0.0,0.2503623483148781,0.0,6.80669346134933,0.0,2.385,0.9020094152138918,0.0
trust-aware,scale,mnist,42,500,0,1.1,2.0,0.05,iid,1.0,500,140,6.880206389885328,0.8855071742534637,0.39376608258485796,nan,0.011578719919690719,0.0,1000.0,0.0,nan,0,2,0,268,6.88020638988533,0.0,0.01916369731885706,0.0,0.07692307692307693,0.0,0.20608695252583578,0.0,0.2738882555411412,0.0,6.88020638988533,1.7763568394002505e-15,2.4,0.9013339440887769,0.0
trust-aware,scale,mnist,42,500,0,1.1,2.0,0.05,iid,1.0,500,141,6.95513086425999,0.8854745773077011,0.394037262737751,nan,0.011315562762320042,0.0,1000.0,0.0,nan,0,4,0,230,6.9551308642599885,0.0,0.019162722174198687,0.0,0.16,0.0,0.20989193201065062,0.0,0.30173216164112093,0.0,6.9551308642599885,1.7763568394002505e-15,2.415,0.9007792989757532,0.0
trust-aware,scale,mnist,42,500,0,1.1,2.0,0.05,iid,1.0,500,142,7.031502264023105,0.8854957784414291,0.39430546438694003,nan,0.011280464135449041,0.0,1000.0,nan,nan,0,0,0,178,7.031502264023104,0.0,0.017738157797460637,0.0,0.0,0.0,0.18748095699331976,0.0,0.285791658542373,0.0,7.031502264023104,8.881784197001252e-16,2.43,0.9003691747532592,0.0
trust-aware,scale,mnist,42,500,0,1.1,2.0,0.05,iid,1.0,500,143,7.109357160459109,0.8854995783567429,0.39455569034814836,nan,0.011125542766725024,0.0,1000.0,nan,nan,0,0,0,230,7.109357160459111,0.0,0.019652149171772302,0.0,0.0,0.0,0.21432792581617832,0.0,0.2859521408875783,0.0,7.109357160459111,1.7763568394002505e-15,2.445,0.8997863951671555,0.0
trust-aware,scale,mnist,42,500,0,1.1,2.0,0.05,iid,1.0,500,144,7.188733361329623,0.8854907773733139,0.39483613151311875,nan,0.011141619683864215,0.0,1000.0,0.0,nan,0,8,0,210,7.188733361329624,0.0,0.022723050683159506,0.0,0.3333333333333333,0.0,0.26535018098851043,0.0,0.29844518688817817,0.0,7.188733361329624,8.881784197001252e-16,2.4599999999999995,0.8992646268233232,0.0
trust-aware,scale,mnist,42,500,0,1.1,2.0,0.05,iid,1.0,500,145,7.269669957295138,0.8855449779033661,0.39508266723155977,nan,0.011049694647746426,0.0,1000.0,0.0,nan,0,11,0,287,7.269669957295138,0.0,0.018717717197038436,0.0,0.39285714285714285,0.0,0.18547545054129191,0.0,0.25590217486023903,0.0,7.269669957295138,0.0,2.475,0.8985973412710018,0.0
trust-aware,scale,mnist,42,500,0,1.1,2.0,0.05,iid,1.0,500,146,7.352207370071938,0.8855035783052444,0.39533029913902284,nan,0.011105782676326193,0.0,1000.0,0.0,nan,0,4,0,214,7.352207370071938,0.0,0.019407087668918258,0.0,0.17391304347826086,0.0,0.2055842364611833,0.0,0.2992283663024073,0.0,7.352207370071938,0.0,2.49,0.8980770182795662,0.0
trust-aware,scale,mnist,42,500,0,1.1,2.0,0.05,iid,1.0,500,147,7.436387402381476,0.8855237772464752,0.39562874925136565,nan,0.010901740858597415,0.0,1000.0,0.0,nan,0,20,0,460,7.4363874023814756,0.0,0.019523539596791536,0.0,0.5714285714285714,0.0,0.19237581065722875,0.0,0.2262304012264524,0.0,7.4363874023814756,8.881784197001252e-16,2.5050000000000003,0.896876339358279,0.0
trust-aware,scale,mnist,42,500,0,1.1,2.0,0.05,iid,1.0,500,148,7.522253289750495,0.8855471765995026,0.3958448746204376,nan,0.010740375527265396,0.0,1000.0,0.0,nan,0,5,0,157,7.522253289750496,0.0,0.019491142294655598,0.0,0.22727272727272727,0.0,0.2215001420541243,0.0,0.3043537058613517,0.0,7.522253289750496,8.881784197001252e-16,2.52,0.8965310862863218,0.0
trust-aware,scale,mnist,42,500,0,1.1,2.0,0.05,iid,1.0,500,149,7.609849754221228,0.8855363770723342,0.3961538866758347,nan,0.010699215145515544,0.0,1000.0,0.0,nan,0,2,0,298,7.609849754221229,0.0,0.01797824467635068,0.0,0.07142857142857142,0.0,0.18782199919223785,0.0,0.25610087865165304,0.0,7.609849754221229,8.881784197001252e-16,2.5349999999999997,0.8958249732495185,0.0
