algorithm,attack_type,dataset,seed,n_nodes,n_attackers,noise_mult,clip_bound,sampling_rate,split_mode,dirichlet_alpha,start_round,round,epsilon,accuracy,test_loss,f1_score,mean_update_norm_honest,mean_update_norm_attacker,best_alpha,precision,recall,krum_score_honest,krum_score_attacker,noise_norm_honest,noise_norm_attacker,sigma_n_honest,sigma_n_attacker,eps_n_honest,eps_n_attacker,nsr_honest,nsr_attacker,trust_honest,trust_attacker,n_dp_norm_honest,n_dp_norm_attacker,sigma_dp_honest,sigma_dp_attacker,eps_avg,eps_std,avg_trust,avg_sigma_dp_precap,avg_n_dp_norm_postcap,avg_nsr
noise-game,scale,mnist,42,500,200,1.1,1.0,0.05,iid,1.0,50,0,1.9060445256894678,0.38382898926734926,2.0915120283762616,0.0,0.564010466848101,0.1750574830919504,1000.0,0.0,0.0,0.0033140460561428753,0.0031556150631513445,225.60384259905135,0.0,1.0,0.0,0.04447437226608758,0.0,1288.9481385386118,0.0,1.0,0.0,225.60384259905135,0.0,1.0,0.0,0.04447437226608758,0.2877362750902103,1.0,1.0,5.264089660644531,30.075456565900943
noise-game,scale,mnist,42,500,200,1.1,1.0,0.05,iid,1.0,50,1,1.9341558839577189,0.5592566534876824,1.8787986000378927,0.0,0.6057074666023254,0.18066838182508946,1000.0,0.0,0.0,0.15646066653425805,0.0031602353136986495,227.71169090270996,0.0,1.0088645401289238,0.0,0.1348970951718404,0.0,1262.719136552084,0.0,0.9809962026774883,0.0,227.71169090270996,0.0,1.0088645401289238,0.0,0.1348970951718404,0.49170412926650603,0.9809962026774883,1.0088645401289238,12.144623514811197,67.34502061611114
noise-game,scale,mnist,42,500,200,1.1,1.0,0.05,iid,1.0,50,2,1.9924431615311973,0.6551169828573863,1.662158097823461,0.0,0.61544775168101,0.18371205493807793,1000.0,0.0,0.0,0.1641563264808307,0.0031816577061545104,222.0771036783854,0.0,0.9848153299498431,0.0,0.22691864380539262,0.0,1224.8046351650794,0.0,0.9952900807062784,0.0,222.0771036783854,0.0,0.9848153299498431,0.0,0.22691864380539262,0.624444285481398,0.9952900807062784,0.9848153299498431,11.10385518391927,61.24023175825396
noise-game,scale,mnist,42,500,200,1.1,1.0,0.05,iid,1.0,50,3,2.1404059339640487,0.7144876470168432,1.455953868230184,0.0,0.5960013449192048,0.18076253741979598,1000.0,0.0,0.0,0.18050555646186695,0.003018336552195251,219.9741409301758,0.0,0.9746094791102315,0.0,0.3481148742580125,0.0,1254.409752968489,0.0,0.9957092434167862,0.0,219.9741409301758,0.0,0.9746094791102315,0.0,0.3481148742580125,0.7517259422017667,0.9957092434167862,0.9746094791102315,14.664942728678385,83.62731686456594
noise-game,scale,mnist,42,500,200,1.1,1.0,0.05,iid,1.0,50,4,2.1404059339640487,0.7549469836552938,1.2735532035430273,0.0,0.573898868901389,0.17405375987291336,1000.0,0.0,0.0,0.1269828599511779,0.002881768640363589,217.73203822544642,0.0,0.9657170509614924,0.0,0.437228768764564,0.0,1314.7250732940636,0.0,0.9948712885379791,0.0,217.73203822544642,0.0,0.9657170509614924,0.0,0.437228768764564,0.8236291361516583,0.9948712885379791,0.9657170509614924,10.160828450520833,61.35383675372297
noise-game,scale,mnist,42,500,200,1.1,1.0,0.05,iid,1.0,50,5,2.1962749960451107,0.7826613134145737,1.1214010643959045,0.0,0.7972801327705383,0.16354836620390414,1000.0,0.0,0.0,0.1296704305956761,0.002809691370930523,219.82178243001303,0.0,0.9741531392208851,0.0,0.4740995889813202,0.0,1485.3691508229176,0.0,0.9759009612931145,0.0,219.82178243001303,0.0,0.9741531392208851,0.0,0.4740995889813202,0.8521477820371258,0.9759009612931145,0.9741531392208851,6.594653472900391,44.561074524687534
noise-game,scale,mnist,42,500,200,1.1,1.0,0.05,iid,1.0,50,6,2.2260472244788274,0.8026429804166159,0.9953767091035843,0.0,0.6759490251541138,0.1519021973013878,1000.0,0.0,0.0,0.09712388636544347,0.0025556815857999027,218.44319559733074,0.0,0.9678674681712728,0.0,0.5543268815596666,0.0,1615.7819274196722,0.0,0.9722829500834147,0.0,218.44319559733074,0.0,0.9678674681712728,0.0,0.5543268815596666,0.9049588840595088,0.9722829500834147,0.9678674681712728,10.922159779866536,80.7890963709836
noise-game,scale,mnist,42,500,200,1.1,1.0,0.05,iid,1.0,50,7,2.371125603280243,0.8162843132019043,0.8969322113196055,0.0,0.6137060854170058,0.14043516166508196,1000.0,0.0,0.0,0.27427581878792906,0.0024235537298955023,216.36285993787976,0.0,0.9599530653216148,0.0,0.6588069355381532,0.0,1771.222006729093,0.0,0.9704424838225046,0.0,216.36285993787976,0.0,0.9599530653216148,0.0,0.6588069355381532,0.9622668974583496,0.9704424838225046,0.9599530653216148,12.981771596272786,106.27332040374557
noise-game,scale,mnist,42,500,200,1.1,1.0,0.05,iid,1.0,50,8,2.4013642811157334,0.826400312781334,0.8184862647453944,0.0,0.7110748368760814,0.12912078436464072,1000.0,0.0,0.0,0.18783592190795942,0.002260510106571019,219.95274021314538,0.0,0.9746715885879267,0.0,0.7616187704929482,0.0,2029.0143278565934,0.0,0.9441508728524913,0.0,219.95274021314538,0.0,0.9746715885879267,0.0,0.7616187704929482,1.0114907678888092,0.9441508728524913,0.9746715885879267,16.863043416341146,155.55776513567218
noise-game,scale,mnist,42,500,200,1.1,1.0,0.05,iid,1.0,50,9,2.4013642811157334,0.8342219791809717,0.7562653052806855,0.0,0.7537113063865237,0.11885496288537979,1000.0,0.0,0.0,0.11901015101466328,0.00202127872267738,223.23995039198132,0.0,0.9904989998491192,0.0,0.8270762377504174,0.0,2317.0747776320004,0.0,0.9162214663293626,0.0,223.23995039198132,0.0,0.9904989998491192,0.0,0.8270762377504174,1.0384820760274602,0.9162214663293626,0.9904989998491192,13.39439702351888,139.02448665792002
noise-game,scale,mnist,42,500,200,1.1,1.0,0.05,iid,1.0,50,10,2.418114741976437,0.8402259806791942,0.7068320083618164,0.0,0.7655186809991535,0.11089136935770512,1000.0,0.0,0.0,0.10990467115525941,0.0019219251058530062,210.17456536543997,0.0,0.9310138612111003,0.0,0.9333731565856088,0.0,2396.0991030821206,0.0,0.9710705562641746,0.0,210.17456536543997,0.0,0.9310138612111003,0.0,0.9333731565856088,1.072767101835025,0.9710705562641746,0.9310138612111003,13.311055806477865,151.75294319520097
noise-game,scale,mnist,42,500,200,1.1,1.0,0.05,iid,1.0,50,11,2.454617302582234,0.8453473124901454,0.6667081340154012,0.0,0.8627631002002292,0.10431470334529877,1000.0,0.0,0.0,0.1418186794164487,0.002107821451500058,212.37220425075955,0.0,0.9431902845831927,0.0,1.0012964244458382,0.0,2671.3526847094017,0.0,0.94713736904992,0.0,212.37220425075955,0.0,0.9431902845831927,0.0,1.0012964244458382,1.091283487536881,0.94713736904992,0.9431902845831927,12.742332255045573,160.28116108256413
noise-game,scale,mnist,42,500,200,1.1,1.0,0.05,iid,1.0,50,12,2.454617302582234,0.8492693124214808,0.6343118339776993,0.0,0.8647101386026903,0.09911932278424501,1000.0,0.0,0.0,0.11455449959347871,0.0018478156824130564,214.953969782049,0.0,0.954047065129188,0.0,1.0446318042866929,0.0,2922.672862391306,0.0,0.9243149378082969,0.0,214.953969782049,0.0,0.954047065129188,0.0,1.0446318042866929,1.1015662167212157,0.9243149378082969,0.954047065129188,7.88164555867513,107.16467162101456
noise-game,scale,mnist,42,500,200,1.1,1.0,0.05,iid,1.0,50,13,2.5113527522630372,0.8526933101812998,0.6070362730820974,0.0,0.8518683542223537,0.09505335588008165,1000.0,0.0,0.0,0.17139021412688582,0.00171594213868957,214.72227747300093,0.0,0.951830489478735,0.0,1.0968033094184892,0.0,3105.2318677956837,0.0,0.9160284224678489,0.0,214.72227747300093,0.0,0.951830489478735,0.0,1.0968033094184892,1.1119798024503882,0.9160284224678489,0.951830489478735,12.167595723470052,175.96313917508874
noise-game,scale,mnist,42,500,200,1.1,1.0,0.05,iid,1.0,50,14,2.5113527522630372,0.8560523130496343,0.583876503109932,0.0,0.9330501655737559,0.0933047640696168,1000.0,0.0,0.0,0.16110953354897598,0.001796391088864766,209.9296129014757,0.0,0.9290061181478966,0.0,1.1329172516272028,0.0,3298.140082914995,0.0,0.931388603316413,0.0,209.9296129014757,0.0,0.9290061181478966,0.0,1.1329172516272028,1.1187603025490696,0.931388603316413,0.9290061181478966,6.297888387044271,98.94420248744987
noise-game,scale,mnist,42,500,200,1.1,1.0,0.05,iid,1.0,50,15,2.5323147984117913,0.8586539787054062,0.5640223546822866,0.0,0.9175800736993551,0.09130128314718604,1000.0,0.0,0.0,0.08983607953268802,0.0017138828407041728,212.27925300598145,0.0,0.9408561904508932,0.0,1.1873267274271957,0.0,3555.9553689118775,0.0,0.9068810604512691,0.0,212.27925300598145,0.0,0.9408561904508932,0.0,1.1873267274271957,1.1274657938180195,0.9068810604512691,0.9408561904508932,11.321560160319011,189.65095300863348
noise-game,scale,mnist,42,500,200,1.1,1.0,0.05,iid,1.0,50,16,2.5770385101908735,0.8609723109006882,0.5468528044223785,0.0,0.9983388808640566,0.08854048950597644,1000.0,0.0,0.0,0.16869725593873722,0.0018695328291505576,208.0919744318182,0.0,0.9219275365914652,0.0,1.2177316969953462,0.0,3678.8523840351163,0.0,0.9181080135432157,0.0,208.0919744318182,0.0,0.9219275365914652,0.0,1.2177316969953462,1.133575377099301,0.9181080135432157,0.9219275365914652,7.6300390625,134.89125408128763
noise-game,scale,mnist,42,500,200,1.1,1.0,0.05,iid,1.0,50,17,2.626898729085254,0.8630223125219345,0.5317933883269628,0.0,0.7168154884129763,0.0865605859644711,1000.0,0.0,0.0,0.1694150123075815,0.0015474085084861144,212.28228569030762,0.0,0.9410188284142553,0.0,1.2895963999341917,0.0,3758.6603832094634,0.0,0.8846058174967766,0.0,212.28228569030762,0.0,0.9410188284142553,0.0,1.2895963999341917,1.1389973312727364,0.8846058174967766,0.9410188284142553,11.321721903483073,200.4618871045047
noise-game,scale,mnist,42,500,200,1.1,1.0,0.05,iid,1.0,50,18,2.681773133119602,0.8650116451581319,0.5188735454281171,0.0,0.8244926147162914,0.08578956674784421,1000.0,0.0,0.0,0.19427847360930173,0.0015149612148525192,211.08313083648682,0.0,0.9357036936818072,0.0,1.3551870815615015,0.0,4005.3134546664314,0.0,0.8797592911869287,0.0,211.08313083648682,0.0,0.9357036936818072,0.0,1.3551870815615015,1.1424965903830657,0.8797592911869287,0.9357036936818072,11.257766977945964,213.61671758220967
noise-game,scale,mnist,42,500,200,1.1,1.0,0.05,iid,1.0,50,19,2.7414324404760406,0.8665909787019094,0.5071081793308259,0.0,0.8922721960327842,0.08350836504250765,1000.0,0.0,0.0,0.11864033017561516,0.0016155483236070722,206.34704451127485,0.0,0.9149583060248407,0.0,1.4024882682004445,0.0,4189.527852420008,0.0,0.8935870365663008,0.0,206.34704451127485,0.0,0.9149583060248407,0.0,1.4024882682004445,1.1436659736775654,0.8935870365663008,0.9149583060248407,7.566058298746745,153.61602125540026
noise-game,scale,mnist,42,500,200,1.1,1.0,0.05,iid,1.0,50,20,3.0649808438595425,0.8680483128627141,0.49675274660189944,0.0,0.7496862808863322,0.08459303237497806,1000.0,0.0,0.0,0.21350331376306714,0.001613553266506642,206.0881113688151,0.0,0.9137487229131196,0.0,1.4539139991189147,0.0,4176.844362445438,0.0,0.8839447895685831,0.0,206.0881113688151,0.0,0.9137487229131196,0.0,1.4539139991189147,1.1471322618243835,0.8839447895685831,0.9137487229131196,10.304405568440755,208.84221812227185
noise-game,scale,mnist,42,500,200,1.1,1.0,0.05,iid,1.0,50,21,3.0649808438595425,0.8694853127002716,0.48726799021164574,0.0,0.8682429268956184,0.08118030358105897,1000.0,0.0,0.0,0.12367097577468182,0.00172552265052218,213.6582120259603,0.0,0.9466879346145954,0.0,1.4875432040650596,0.0,4476.763533289716,0.0,0.8320918654402097,0.0,213.6582120259603,0.0,0.9466879346145954,0.0,1.4875432040650596,1.1500058762745589,0.8320918654402097,0.9466879346145954,8.546328481038412,179.07054133158866
noise-game,scale,mnist,42,500,200,1.1,1.0,0.05,iid,1.0,50,22,3.0649808438595425,0.8706793111562728,0.47908304691314696,0.0,0.9155779857384531,0.0843508412130177,1000.0,0.0,0.0,0.13032219630028857,0.001370935509330593,208.28848186292146,0.0,0.9237417445706183,0.0,1.5421043424868397,0.0,4659.306455516972,0.0,0.8489469070183603,0.0,208.28848186292146,0.0,0.9237417445706183,0.0,1.5421043424868397,1.1527850560740653,0.8489469070183603,0.9237417445706183,13.191603851318359,295.08940884940824
noise-game,scale,mnist,42,500,200,1.1,1.0,0.05,iid,1.0,50,23,3.0649808438595425,0.8716859793663025,0.4715075957775116,0.0,0.9560725482610556,0.08235331486910581,1000.0,0.0,0.0,0.15513204220825663,0.0013905800267821177,199.41915306678186,0.0,0.8826933114152806,0.0,1.6063603310892252,0.0,4650.008376232637,0.0,0.8890421894880441,0.0,199.41915306678186,0.0,0.8826933114152806,0.0,1.6063603310892252,1.1521065152429832,0.8890421894880441,0.8826933114152806,8.64149663289388,201.5003629700809
noise-game,scale,mnist,42,500,200,1.1,1.0,0.05,iid,1.0,50,24,3.100161823503406,0.8725499773025512,0.4648876594503721,0.0,0.7857926547527313,0.08161355594173074,1000.0,0.0,0.0,0.08019521857301394,0.0015071397926658392,207.96807047526042,0.0,0.9214656950355722,0.0,1.661464098902279,0.0,4999.307529671894,0.0,0.8285875181357066,0.0,207.96807047526042,0.0,0.9214656950355722,0.0,1.661464098902279,1.1508101682739087,0.8285875181357066,0.9214656950355722,10.39840352376302,249.96537648359478
noise-game,scale,mnist,42,500,200,1.1,1.0,0.05,iid,1.0,50,25,3.229720195782609,0.8736776459217072,0.45835929572582246,0.0,0.7278974254926046,0.08019220592454075,1000.0,0.0,0.0,0.09606573420266311,0.0012749046139651909,189.14338302612305,0.0,0.8386965827258375,0.0,1.739217839824654,0.0,4665.478710803621,0.0,0.9230922708908716,0.0,189.14338302612305,0.0,0.8386965827258375,0.0,1.739217839824654,1.1465759408548732,0.9230922708908716,0.8386965827258375,7.565735321044922,186.6191484321448
noise-game,scale,mnist,42,500,200,1.1,1.0,0.05,iid,1.0,50,26,3.266090579530224,0.8746106447776159,0.4523837016026179,0.0,0.8671140579076914,0.0796415188908577,1000.0,0.0,0.0,0.08745321020698892,0.0011954418109962717,202.14837059607873,0.0,0.896369780169298,0.0,1.7992681974498737,0.0,4947.480840168584,0.0,0.8374710633204534,0.0,202.14837059607873,0.0,0.896369780169298,0.0,1.7992681974498737,1.1435114920355471,0.8374710633204534,0.896369780169298,8.759762725830079,214.39083640730533
noise-game,scale,mnist,42,500,200,1.1,1.0,0.05,iid,1.0,50,27,3.305505075087925,0.8753376454114914,0.4474401188890139,0.0,0.9607957969693577,0.07896992521360517,1000.0,0.0,0.0,0.13172424818142592,0.0012827509670751169,200.9927287382238,0.0,0.8909890317362891,0.0,1.8508861649922408,0.0,5231.3369047962515,0.0,0.8328360424322241,0.0,200.9927287382238,0.0,0.8909890317362891,0.0,1.8508861649922408,1.1413894640923026,0.8328360424322241,0.8909890317362891,11.389587961832682,296.44242460512095
noise-game,scale,mnist,42,500,200,1.1,1.0,0.05,iid,1.0,50,28,3.335308650633853,0.8760613117615382,0.44264253894488015,0.0,0.8565603301805609,0.07885938713327051,1000.0,0.0,0.0,0.10811197686502162,0.0011078053701203316,195.8148489559398,0.0,0.8688681459834859,0.0,1.9050859035178132,0.0,5084.801159701372,0.0,0.8503746530588936,0.0,195.8148489559398,0.0,0.8688681459834859,0.0,1.9050859035178132,1.141384926435772,0.8503746530588936,0.8688681459834859,11.096174774169922,288.13873238307775
noise-game,scale,mnist,42,500,200,1.1,1.0,0.05,iid,1.0,50,29,3.370974349797376,0.8766939773162206,0.4380659211675326,0.0,0.8316042814403772,0.0793065819889307,1000.0,0.0,0.0,0.06916626556630945,0.001282551814801991,197.66289234161377,0.0,0.8769833086413343,0.0,1.9504413262484512,0.0,5437.757034897688,0.0,0.8279753997921944,0.0,197.66289234161377,0.0,0.8769833086413343,0.0,1.9504413262484512,1.1409125012496435,0.8279753997921944,0.8769833086413343,10.542020924886067,290.0137085278767
noise-game,scale,mnist,42,500,200,1.1,1.0,0.05,iid,1.0,50,30,3.421415943367621,0.8772783106565476,0.4339962196350098,0.0,0.8668342882936652,0.08037041699513793,1000.0,0.0,0.0,0.12686581563585522,0.0011070256220409647,195.51554177024147,0.0,0.8663052823968936,0.0,2.0308144341127727,0.0,5394.337105402867,0.0,0.8306101845069365,0.0,195.51554177024147,0.0,0.8663052823968936,0.0,2.0308144341127727,1.131602988419731,0.8306101845069365,0.8663052823968936,14.337806396484375,395.5847210628769
noise-game,scale,mnist,42,500,200,1.1,1.0,0.05,iid,1.0,50,31,3.4562171457165083,0.8778096463282903,0.4302179985245069,0.0,1.1145151530702908,0.07947128610685468,1000.0,0.0,0.0,0.09795577584494215,0.001202371492399834,193.60610326131186,0.0,0.8596094510420106,0.0,2.0642598905379304,0.0,5529.495225713771,0.0,0.827986886103948,0.0,193.60610326131186,0.0,0.8596094510420106,0.0,2.0642598905379304,1.1308042433297174,0.827986886103948,0.8596094510420106,7.744244130452474,221.17980902855086
noise-game,scale,mnist,42,500,200,1.1,1.0,0.05,iid,1.0,50,32,3.5061202247651524,0.8783833122253418,0.42676632265249886,0.0,1.0149728495341082,0.07958438692614436,1000.0,0.0,0.0,0.10444522460994239,0.0011449642886873334,179.2230424147386,0.0,0.7941335952853288,0.0,2.123188981492905,0.0,5183.6492774704975,0.0,0.9063765773406396,0.0,179.2230424147386,0.0,0.7941335952853288,0.0,2.123188981492905,1.1244030498297692,0.9063765773406396,0.7941335952853288,7.766331837972005,224.62480202372157
noise-game,scale,mnist,42,500,200,1.1,1.0,0.05,iid,1.0,50,33,3.5609487158710795,0.8788926454385122,0.42342947085698446,0.0,0.9630394677321116,0.0779744927585125,1000.0,0.0,0.0,0.0836148884651872,0.0009806865287828258,193.1256217956543,0.0,0.8569927007926972,0.0,2.16607445486229,0.0,5337.722037802127,0.0,0.8079504668712616,0.0,193.1256217956543,0.0,0.8569927007926972,0.0,2.16607445486229,1.1169945835586879,0.8079504668712616,0.8569927007926972,7.725024871826172,213.50888151208505
noise-game,scale,mnist,42,500,200,1.1,1.0,0.05,iid,1.0,50,34,3.620645994842278,0.8791153120994568,0.4210858831803004,0.0,1.0992545511411584,0.07875266740098595,1000.0,0.0,0.0,0.07420175604056567,0.0011598551482893526,194.31102122431216,0.0,0.8617788921612238,0.0,2.2103945936281244,0.0,5582.003696753147,0.0,0.7892458218595256,0.0,194.31102122431216,0.0,0.8617788921612238,0.0,2.2103945936281244,1.1195555754318418,0.7892458218595256,0.8617788921612238,14.897178293863933,427.95361675107466
noise-game,scale,mnist,42,500,200,1.1,1.0,0.05,iid,1.0,50,35,3.685078640472122,0.8796136450767517,0.4180671571691831,0.0,1.0200057675441105,0.08043796019628643,1000.0,0.0,0.0,0.1377747169851015,0.0012652172788511962,189.76111348470053,0.0,0.8414446961661306,0.0,2.24830604459668,0.0,5615.307266846347,0.0,0.8059331377347311,0.0,189.76111348470053,0.0,0.8414446961661306,0.0,2.24830604459668,1.116631361938271,0.8059331377347311,0.8414446961661306,7.590444539388021,224.61229067385392
noise-game,scale,mnist,42,500,200,1.1,1.0,0.05,iid,1.0,50,36,3.7824607976128384,0.8801463105281194,0.4151609269777934,0.0,0.7725107669830322,0.0785019646026194,1000.0,0.0,0.0,0.13217329767455036,0.0010461702762404456,185.5873285929362,0.0,0.8230267441882401,0.0,2.2917037975818584,0.0,5975.429879662723,0.0,0.8203315585851669,0.0,185.5873285929362,0.0,0.8230267441882401,0.0,2.2917037975818584,1.1070497353889281,0.8203315585851669,0.8230267441882401,7.423493143717448,239.01719518650887
noise-game,scale,mnist,42,500,200,1.1,1.0,0.05,iid,1.0,50,37,3.827333565551222,0.8804239767789841,0.41306513766447706,0.0,1.055902136997743,0.08055067776702345,1000.0,0.0,0.0,0.22224026719446888,0.0009099343817797489,184.5659873268821,0.0,0.8180049736211307,0.0,2.339445157993339,0.0,5692.513219685509,0.0,0.8157458847219293,0.0,184.5659873268821,0.0,0.8180049736211307,0.0,2.339445157993339,1.0975870479535,0.8157458847219293,0.8180049736211307,6.767419535319011,208.72548472180202
noise-game,scale,mnist,42,500,200,1.1,1.0,0.05,iid,1.0,50,38,3.9046646684598763,0.880698310136795,0.4112590538462003,0.0,1.089166986445586,0.07808374395594,1000.0,0.0,0.0,0.1596725306008011,0.0008890396897913888,193.13224411010742,0.0,0.8568075491925867,0.0,2.375318535766722,0.0,6141.467172998324,0.0,0.7471035247047743,0.0,193.13224411010742,0.0,0.8568075491925867,0.0,2.375318535766722,1.1030865410630957,0.7471035247047743,0.8568075491925867,15.450579528808595,491.3173738398659
noise-game,scale,mnist,42,500,200,1.1,1.0,0.05,iid,1.0,50,39,4.071181334460618,0.88100164492925,0.4091673563917478,0.0,0.9394717056017655,0.07936369702219963,1000.0,0.0,0.0,0.13393754948181316,0.0010003135184524581,178.9515181321364,0.0,0.7927555142738657,0.0,2.4166982562705828,0.0,5569.993835295687,0.0,0.8291153311729431,0.0,178.9515181321364,0.0,0.7927555142738657,0.0,2.4166982562705828,1.1012423372080895,0.8291153311729431,0.7927555142738657,7.754565785725911,241.36639952947976
noise-game,scale,mnist,42,500,200,1.1,1.0,0.05,iid,1.0,50,40,4.071181334460618,0.8814296432336172,0.4069243775804838,0.0,1.1516712427139282,0.07976843771524728,1000.0,0.0,0.0,0.1916674008437743,0.001018053990555927,179.95106811523436,0.0,0.796628430566533,0.0,2.458305814570403,0.0,5915.848441554662,0.0,0.8115700324376424,0.0,179.95106811523436,0.0,0.796628430566533,0.0,2.458305814570403,1.0992827133762944,0.8115700324376424,0.796628430566533,8.99755340576172,295.79242207773314
noise-game,scale,mnist,42,500,200,1.1,1.0,0.05,iid,1.0,50,41,4.071181334460618,0.8813913104931513,0.4062087301413218,0.0,1.3625925597937212,0.08051549315452576,1000.0,0.0,0.0,0.38154932222349325,0.0009620415154495276,180.56723221488622,0.0,0.8006805957769574,0.0,2.489507618221416,0.0,5990.354676170193,0.0,0.7935202380885249,0.0,180.56723221488622,0.0,0.8006805957769574,0.0,2.489507618221416,1.1147879787804813,0.7935202380885249,0.8006805957769574,13.843487803141276,459.2605251730481
noise-game,scale,mnist,42,500,200,1.1,1.0,0.05,iid,1.0,50,42,4.24949817428469,0.8818759785095851,0.40371327777703603,0.0,0.9189786378826413,0.0804754098225385,1000.0,0.0,0.0,0.19820413465744682,0.000982956453517545,178.80432346888952,0.0,0.791402850802924,0.0,2.537923859989553,0.0,6017.444452252761,0.0,0.7955152860709599,0.0,178.80432346888952,0.0,0.791402850802924,0.0,2.537923859989553,1.1111985347231486,0.7955152860709599,0.791402850802924,8.34420176188151,280.81407443846217
noise-game,scale,mnist,42,500,200,1.1,1.0,0.05,iid,1.0,50,43,4.343509761970973,0.8819786445299784,0.40261573672294615,0.0,1.1066467000378504,0.08103661851026117,1000.0,0.0,0.0,0.07653671147353533,0.0009621973527828232,179.414065890842,0.0,0.7943231953142279,0.0,2.603367878787895,0.0,5667.768672014446,0.0,0.7789206918742921,0.0,179.414065890842,0.0,0.7943231953142279,0.0,2.603367878787895,1.103972517841474,0.7789206918742921,0.7943231953142279,10.764843953450521,340.06612032086673
noise-game,scale,mnist,42,500,200,1.1,1.0,0.05,iid,1.0,50,44,4.690304008847463,0.8822256455818812,0.4009606728951136,0.0,1.0454362614287271,0.08100645737722516,1000.0,0.0,0.0,0.05976277826509128,0.0008699360513128341,177.80772569444446,0.0,0.7883277398599452,0.0,2.6678294960894116,0.0,6078.713870242338,0.0,0.7759578277667364,0.0,177.80772569444446,0.0,0.7883277398599452,0.0,2.6678294960894116,1.0965927912451068,0.7759578277667364,0.7883277398599452,10.668463541666666,364.7228322145403
noise-game,scale,mnist,42,500,200,1.1,1.0,0.05,iid,1.0,50,45,5.078665764203794,0.8822829765081406,0.40015869071086246,0.0,1.2971351515679133,0.08128182870335877,1000.0,0.0,0.0,0.18978257724804626,0.0008529254503082484,176.53545924595423,0.0,0.7822154525681869,0.0,2.7009363427010498,0.0,6063.10047634678,0.0,0.7732419740586054,0.0,176.53545924595423,0.0,0.7822154525681869,0.0,2.7009363427010498,1.1125453605383635,0.7732419740586054,0.7822154525681869,12.357482147216796,424.4170333442746
noise-game,scale,mnist,42,500,200,1.1,1.0,0.05,iid,1.0,50,46,5.1302971577061625,0.8827989792823792,0.39821168621381126,0.0,1.2487336803566327,0.08250212162733078,1000.0,0.0,0.0,0.519265519539741,0.0008719392542843706,173.049560546875,0.0,0.7681280027959311,0.0,2.736335501600679,0.0,6223.776530515079,0.0,0.783228413625197,0.0,173.049560546875,0.0,0.7681280027959311,0.0,2.736335501600679,1.1104971469724219,0.783228413625197,0.7681280027959311,6.345150553385417,228.20513945221958
noise-game,scale,mnist,42,500,200,1.1,1.0,0.05,iid,1.0,50,47,5.1302971577061625,0.8825983093182246,0.39774819602568945,0.0,1.5017693936824799,0.0808434149157256,1000.0,0.0,0.0,0.29959030652774826,0.0008653028911794536,167.11903022317324,0.0,0.7409869861929937,0.0,2.7930419428669886,0.0,5702.427123147008,0.0,0.8144251248415779,0.0,167.11903022317324,0.0,0.7409869861929937,0.0,2.7930419428669886,1.114458501830636,0.8144251248415779,0.7409869861929937,9.47007837931315,323.13753697833044
noise-game,scale,mnist,42,500,200,1.1,1.0,0.05,iid,1.0,50,48,5.1302971577061625,0.8829316421349843,0.3963803365826607,0.0,1.2751157121224836,0.08055868701077998,1000.0,0.0,0.0,0.28774191824380646,0.001082111371215433,183.46049915660512,0.0,0.812511453561401,0.0,2.808008190443883,0.0,6534.26526867272,0.0,0.6869210384108804,0.0,183.46049915660512,0.0,0.812511453561401,0.0,2.808008190443883,1.1176475485273925,0.6869210384108804,0.812511453561401,6.726884969075521,239.58972651799965
noise-game,scale,mnist,42,500,200,1.1,1.0,0.05,iid,1.0,50,49,5.1302971577061625,0.8830523107449214,0.39544436991214754,0.0,1.5719451362436467,0.08204294469207525,1000.0,0.0,0.0,0.3237744351658462,0.0008549119182862341,167.66361860795453,0.0,0.7430654943422756,0.0,2.821948101399559,0.0,5881.366872820602,0.0,0.7870821410959418,0.0,167.66361860795453,0.0,0.7430654943422756,0.0,2.821948101399559,1.1321773416504761,0.7870821410959418,0.7430654943422756,6.147666015625,215.65011867008874
noise-game,scale,mnist,42,500,200,1.1,1.0,0.05,iid,1.0,50,50,5.1302971577061625,0.8793979795773824,0.4130729149778684,0.9867685974713319,1.3935255344424928,0.8160226261615753,1000.0,0.9804265264387964,0.9931932524415508,0.22977238254887716,0.09514645386487246,163.8551962716239,0.0,0.7267117302170759,0.0,2.8824823509073827,0.0,5930.534739563853,0.0,0.8018549127238137,0.0,163.8551962716239,0.0,0.7267117302170759,0.0,2.8824823509073827,1.1339745216487132,0.8018549127238137,0.7267117302170759,7.646575826009115,276.7582878463131
noise-game,scale,mnist,42,500,200,1.1,1.0,0.05,iid,1.0,50,51,5.189122391698059,0.8667856443425019,0.5718132434288661,0.9880508086165127,1.3608933307907798,0.9982931485772133,1000.0,0.9828383483131432,0.9933188520273828,0.41993560642004013,0.09629693444818259,161.88159040971235,0.0,0.7164555847840877,0.0,2.9221017777422404,0.0,6030.518037751223,0.0,0.8068928230892528,0.0,161.88159040971235,0.0,0.7164555847840877,0.0,2.9221017777422404,1.1391841392669748,0.8068928230892528,0.7164555847840877,5.935658315022787,221.11899471754484
noise-game,scale,mnist,42,500,200,1.1,1.0,0.05,iid,1.0,50,52,5.194253122102357,0.857599647367994,0.7593453337748846,0.9872002353979696,1.3234378810112293,0.9999999791383744,1000.0,0.9812173008806421,0.9932565789473684,0.15432753499883872,0.013866606703959405,161.48257328913763,0.0,0.7158982793058567,0.0,2.979600078652902,0.0,5947.661597570024,0.0,0.7973165145287147,0.0,161.48257328913763,0.0,0.7158982793058567,0.0,2.979600078652902,1.146697763332007,0.7973165145287147,0.7158982793058567,6.99757817586263,257.7320025613677
noise-game,scale,mnist,42,500,200,1.1,1.0,0.05,iid,1.0,50,53,5.194253122102357,0.856673645923535,0.7280886297424635,0.9876336953139075,1.036266913016637,0.9999999833106995,1000.0,0.9821160987686495,0.9932136386097842,0.09603210104008515,0.008190032639540733,164.87251790364584,0.0,0.73148058055641,0.0,3.0214944860855706,0.0,6568.842896536895,0.0,0.7589097221692404,0.0,164.87251790364584,0.0,0.73148058055641,0.0,3.0214944860855706,1.1506695607976969,0.7589097221692404,0.73148058055641,6.594900716145833,262.75371586147577
noise-game,scale,mnist,42,500,200,1.1,1.0,0.05,iid,1.0,50,54,5.194253122102357,0.8543543116748333,0.8060636715094248,0.9842552915205818,1.3793195854215061,0.9999999853968621,1000.0,0.9755148005148006,0.9931538259958071,0.18273877418216536,0.012508180430158973,164.80346320657168,0.0,0.7309698941636807,0.0,3.0688359773500546,0.0,6268.321823690836,0.0,0.7456506455645842,0.0,164.80346320657168,0.0,0.7309698941636807,0.0,3.0688359773500546,1.166086576990528,0.7456506455645842,0.7309698941636807,9.338862915039062,355.20490334248075
noise-game,scale,mnist,42,500,200,1.1,1.0,0.05,iid,1.0,50,55,5.194253122102357,0.8600043119490146,0.7049677415688833,0.9884925390285142,1.1665033675157106,0.9999999797344208,1000.0,0.9838251151847858,0.9932044599854852,0.11882960323530894,0.015507328198291362,172.27757145808295,0.0,0.7631542477312241,0.0,3.0972985425131196,0.0,5526.494158932952,0.0,0.6772605970215339,0.0,172.27757145808295,0.0,0.7631542477312241,0.0,3.0972985425131196,1.1769114430863832,0.6772605970215339,0.7631542477312241,7.465361429850261,239.48141355376123
noise-game,scale,mnist,42,500,200,1.1,1.0,0.05,iid,1.0,50,56,5.387102109771749,0.86474064519008,0.6403393711646398,0.990737530338303,0.9484303504228592,0.9999999821186065,1000.0,0.9882736585526533,0.993213718220339,0.17126686312258244,0.020724899843335153,160.40652770996093,0.0,0.7100844315400711,0.0,3.1390249431137676,0.0,6719.144643358903,0.0,0.7619551658630371,0.0,160.40652770996093,0.0,0.7100844315400711,0.0,3.1390249431137676,1.1743992597809747,0.7619551658630371,0.7100844315400711,5.346884256998698,223.9714881119634
noise-game,scale,mnist,42,500,200,1.1,1.0,0.05,iid,1.0,50,57,5.387102109771749,0.8600733122229576,0.6951741819580396,0.985341939700956,1.0240522034466266,0.9999999827146531,1000.0,0.977625733648951,0.9931809197522731,0.11323583526536822,0.02123288230970502,154.3971939086914,0.0,0.6851214079906895,0.0,3.2585929906325357,0.0,5729.730252904248,0.0,0.8007954463362694,0.0,154.3971939086914,0.0,0.6851214079906895,0.0,3.2585929906325357,1.1705470021154576,0.8007954463362694,0.6851214079906895,10.293146260579427,381.98201686028307
noise-game,scale,mnist,42,500,200,1.1,1.0,0.05,iid,1.0,50,58,5.387102109771749,0.8465643129497766,0.8750031889478366,0.97919377902026,1.209658691038688,0.9999999845027924,1000.0,0.9656800608442134,0.9930910868502526,0.1528773227861772,0.023956987150013445,154.26803143819174,0.0,0.6834284403789601,0.0,3.376611017822326,0.0,6350.802508585315,0.0,0.7853732233246168,0.0,154.26803143819174,0.0,0.6834284403789601,0.0,3.376611017822326,1.1660653803482164,0.7853732233246168,0.6834284403789601,12.341442515055338,508.0642006868252
noise-game,scale,mnist,42,500,200,1.1,1.0,0.05,iid,1.0,50,59,5.387102109771749,0.8600893111030261,0.7232159458597501,0.9875313355070209,0.8506074545284112,0.9999999788403511,1000.0,0.9819485174323884,0.9931779982203474,0.06383554550508658,0.026773465862497688,172.2834238688151,0.0,0.7634282275461615,0.0,3.427396693074671,0.0,5715.384741093487,0.0,0.6283047410349051,0.0,172.2834238688151,0.0,0.7634282275461615,0.0,3.427396693074671,1.1579272560791918,0.6283047410349051,0.7634282275461615,8.614171193440756,285.76923705467436
noise-game,scale,mnist,42,500,200,1.1,1.0,0.05,iid,1.0,50,60,5.387102109771749,0.8596806435783704,0.8211563097437223,0.9878815668806498,1.1260829120874405,0.9999999815225601,1000.0,0.982571586800013,0.9932492508314947,0.3103475822135806,0.023651754232123495,180.72591400146484,0.0,0.8002540512044822,0.0,3.4512209410693306,0.0,5357.724198706183,0.0,0.5418420482116441,0.0,180.72591400146484,0.0,0.8002540512044822,0.0,3.4512209410693306,1.1668022074438815,0.5418420482116441,0.8002540512044822,7.229036560058594,214.30896794824736
noise-game,scale,mnist,42,500,200,1.1,1.0,0.05,iid,1.0,50,61,5.387102109771749,0.8601186433186133,0.7013255148132642,0.9880060462670873,1.3141723442822695,0.9999999797344208,1000.0,0.9828386506276151,0.993228065539112,0.2704729741672054,0.028914225436747074,158.27319145202637,0.0,0.701665039038742,0.0,3.50412026554578,0.0,6527.157913338304,0.0,0.7151761576533318,0.0,158.27319145202637,0.0,0.701665039038742,0.0,3.50412026554578,1.1619785688853934,0.7151761576533318,0.701665039038742,8.441236877441407,348.1150887113762
noise-game,scale,mnist,42,500,200,1.1,1.0,0.05,iid,1.0,50,62,5.523933407021177,0.856914643595616,0.7591895617047946,0.9850061796656475,1.2100701555609703,0.9999999833106995,1000.0,0.9769354838709677,0.9932113341204251,0.1330630958545953,0.03038255653344095,147.7909870147705,0.0,0.654510435860929,0.0,3.5830266279516083,0.0,6073.8354260004635,0.0,0.7977850288152695,0.0,147.7909870147705,0.0,0.654510435860929,0.0,3.5830266279516083,1.1589367249067075,0.7977850288152695,0.654510435860929,7.882185974121094,323.9378893866914
noise-game,scale,mnist,42,500,200,1.1,1.0,0.05,iid,1.0,50,63,5.523933407021177,0.8494396443168323,0.8837642541527748,0.9832404045643153,1.1931856572628021,0.9999999818205834,1000.0,0.9735515968544375,0.9931239972495989,0.11421678087821133,0.02854954016394913,166.19539843107523,0.0,0.7361832714562222,0.0,3.63819439759035,0.0,6065.101718401079,0.0,0.6177345012363634,0.0,166.19539843107523,0.0,0.7361832714562222,0.0,3.63819439759035,1.171594114799188,0.6177345012363634,0.7361832714562222,10.525708567301432,384.12310883206834
noise-game,scale,mnist,42,500,200,1.1,1.0,0.05,iid,1.0,50,64,5.523933407021177,0.8440356451272965,0.9546987939874331,0.9781240539808486,1.5072411133183374,0.9999999794363975,1000.0,0.9635849945063569,0.9931085803028342,0.11245910730212927,0.028683877093717457,159.14529588487414,0.0,0.7048426967270686,0.0,3.7086317270601654,0.0,6204.735980452322,0.0,0.6709639115466012,0.0,159.14529588487414,0.0,0.7048426967270686,0.0,3.7086317270601654,1.1543232185813581,0.6709639115466012,0.7048426967270686,9.548717753092449,372.2841588271394
noise-game,scale,mnist,42,500,200,1.1,1.0,0.05,iid,1.0,50,65,5.5953649914820724,0.8440099795162678,1.0164475703239442,0.9818768659727264,1.1254473657984483,0.999999980032444,1000.0,0.9709552839041206,0.9930469413070444,0.12494282738158577,0.03202612558379769,155.98485123483758,0.0,0.6910227680041898,0.0,3.749337793800716,0.0,5830.2673648035825,0.0,0.6777414350133193,0.0,155.98485123483758,0.0,0.6910227680041898,0.0,3.749337793800716,1.1741504867677175,0.6777414350133193,0.6910227680041898,9.87904057820638,369.2502664375602
noise-game,scale,mnist,42,500,200,1.1,1.0,0.05,iid,1.0,50,66,5.5953649914820724,0.8565826459228992,0.826875018676122,0.9854373676494543,1.2832380831241608,0.9999999830126762,1000.0,0.9777605378846651,0.993235699743876,0.22289160650689155,0.03233398725278676,153.21525382995605,0.0,0.6787038997261805,0.0,3.789229063116026,0.0,5554.698992130277,0.0,0.6936281779780984,0.0,153.21525382995605,0.0,0.6787038997261805,0.0,3.789229063116026,1.1975772033303504,0.6936281779780984,0.6787038997261805,8.171480204264324,296.25061291361476
noise-game,scale,mnist,42,500,200,1.1,1.0,0.05,iid,1.0,50,67,5.5953649914820724,0.8517676461239656,0.8515499701102575,0.9840567449729941,1.1721373602747918,0.9999999856948852,1000.0,0.9751725027406978,0.9931043541078348,0.08554485216736793,0.02757318688556552,152.73968429565429,0.0,0.6766853645493918,0.0,3.8932109302945666,0.0,6032.053317556866,0.0,0.7077698446810246,0.0,152.73968429565429,0.0,0.6766853645493918,0.0,3.8932109302945666,1.1573410065816958,0.7077698446810246,0.6766853645493918,10.182645619710286,402.1368878371245
noise-game,scale,mnist,42,500,200,1.1,1.0,0.05,iid,1.0,50,68,5.806794630759154,0.8406429789712032,1.0395544681946436,0.9802717260229922,1.4612022837003071,0.9999999815225601,1000.0,0.9678382068133473,0.993028861815102,0.20385598799302465,0.03016857048496604,148.98666309175036,0.0,0.6609843409920009,0.0,3.9776512113556737,0.0,6090.905395016683,0.0,0.7068952180090404,0.0,148.98666309175036,0.0,0.6609843409920009,0.0,3.9776512113556737,1.1461701650490435,0.7068952180090404,0.6609843409920009,10.429066416422526,426.3633776511678
noise-game,scale,mnist,42,500,200,1.1,1.0,0.05,iid,1.0,50,69,5.806794630759154,0.8716809780399004,0.5639269030094147,0.9910192491828177,0.8293089701069726,0.9999999859929085,1000.0,0.9887340646308924,0.9933150213456001,0.5690232250425551,0.027704432606697083,155.03344048394098,0.0,0.6854352613198893,0.0,4.008039373695123,0.0,5579.366206672191,0.0,0.65876145578093,0.0,155.03344048394098,0.0,0.6854352613198893,0.0,4.008039373695123,1.1333021031689585,0.65876145578093,0.6854352613198893,4.651003214518229,167.38098620016572
noise-game,scale,mnist,42,500,200,1.1,1.0,0.05,iid,1.0,50,70,5.806794630759154,0.8743763098369042,0.5495699367920558,0.9936246358718268,1.5952292196452618,0.9999999776482582,1000.0,0.9939389902757426,0.993310480247612,1.4838151796720922,0.028280924297869204,147.16805267333984,0.0,0.6531709476875311,0.0,4.03906151189916,0.0,6022.3312038969125,0.0,0.6901817172765732,0.0,147.16805267333984,0.0,0.6531709476875311,0.0,4.03906151189916,1.1364712078618882,0.6901817172765732,0.6531709476875311,3.9244814046223957,160.59549877058433
noise-game,scale,mnist,42,500,200,1.1,1.0,0.05,iid,1.0,50,71,6.22648715174656,0.8620776463051637,0.6740765908360481,0.9910407299656177,1.3051197350025177,0.9999999836087227,1000.0,0.9888504040903843,0.9932407806235711,0.39872527942061425,0.03597713710740209,145.83993377685547,0.0,0.646924276518725,0.0,4.070879007989397,0.0,5976.442714921714,0.0,0.6932510256767273,0.0,145.83993377685547,0.0,0.646924276518725,0.0,4.070879007989397,1.1440678140034681,0.6932510256767273,0.646924276518725,4.861331125895182,199.21475716405712
noise-game,scale,mnist,42,500,200,1.1,1.0,0.05,iid,1.0,50,72,6.22648715174656,0.8615619794527689,0.6599323364098867,0.9861382909328116,1.5015297253926596,0.9999999833106995,1000.0,0.9791444023446355,0.9932328110114648,0.5649222002675136,0.03196285388432443,143.01519165039062,0.0,0.6329566044504681,0.0,4.127631668052239,0.0,6483.901793991768,0.0,0.7310558597246806,0.0,143.01519165039062,0.0,0.6329566044504681,0.0,4.127631668052239,1.153389807382012,0.7310558597246806,0.6329566044504681,7.150759582519531,324.1950896995883
noise-game,scale,mnist,42,500,200,1.1,1.0,0.05,iid,1.0,50,73,6.22648715174656,0.8515383123109738,0.8587596535682678,0.9833725362965366,1.4937066465616227,0.9999999749660492,1000.0,0.9737526905901629,0.9931843502195425,0.51096068341285,0.03181192952208221,146.96131057739257,0.0,0.6509193286428948,0.0,4.192849716287722,0.0,5922.942222845062,0.0,0.667486659437418,0.0,146.96131057739257,0.0,0.6509193286428948,0.0,4.192849716287722,1.1640016053547977,0.667486659437418,0.6509193286428948,9.797420705159505,394.8628148563375
noise-game,scale,mnist,42,500,200,1.1,1.0,0.05,iid,1.0,50,74,6.22648715174656,0.8483826453983784,0.9842313365141551,0.9840559259079038,1.267806887626648,0.9999999788403511,1000.0,0.9751824348217443,0.9930923852550252,0.11844892588754495,0.029819056382402776,145.16444498697916,0.0,0.6443032973591057,0.0,4.257357545146751,0.0,5972.375029936725,0.0,0.6732184767723084,0.0,145.16444498697916,0.0,0.6443032973591057,0.0,4.257357545146751,1.1424774458599953,0.6732184767723084,0.6443032973591057,7.258222249348958,298.6187514968362
noise-game,scale,mnist,42,500,200,1.1,1.0,0.05,iid,1.0,50,75,6.22648715174656,0.881614978313446,0.3982282939553261,0.9890410067965268,1.3350071949618203,nan,1000.0,0.9792646017129242,0.9990145841545132,0.34959149786404203,nan,150.04331970214844,0.0,0.6647311280956115,0.0,4.292075327270197,0.0,6093.077941773515,0.0,0.6055456953389304,0.0,150.04331970214844,0.0,0.6647311280956115,0.0,4.292075327270197,1.1430398620485542,0.6055456953389304,0.6647311280956115,7.002021586100261,284.34363728276406
noise-game,scale,mnist,42,500,200,1.1,1.0,0.05,iid,1.0,50,76,6.22648715174656,0.8816643100976944,0.398292666276296,0.9886026491139897,1.5497375894337893,nan,1000.0,0.9774621697871249,1.0,1.460672315210104,nan,144.3174409866333,0.0,0.639669263194579,0.0,4.347582961868105,0.0,6031.748649512088,0.0,0.6741884909570217,0.0,144.3174409866333,0.0,0.639669263194579,0.0,4.347582961868105,1.1302655391063297,0.6741884909570217,0.639669263194579,7.696930185953776,321.6932613073114
noise-game,scale,mnist,42,500,200,1.1,1.0,0.05,iid,1.0,50,77,6.22648715174656,0.8816479778289795,0.3982469701766968,0.9915569618177943,1.468067905482124,nan,1000.0,0.9832552997789049,1.0,1.1983804492389454,nan,145.0044142779182,0.0,0.6427128016838557,0.0,4.398625019121,0.0,6480.365743097526,0.0,0.6488252922016031,0.0,145.0044142779182,0.0,0.6427128016838557,0.0,4.398625019121,1.1361547229608204,0.6488252922016031,0.6427128016838557,8.216916809082031,367.2207254421931
noise-game,scale,mnist,42,500,200,1.1,1.0,0.05,iid,1.0,50,78,6.22648715174656,0.8817696456114451,0.398176356057326,0.9893487670833131,1.5548986846750432,nan,1000.0,0.9789220404234841,1.0,2.2524520700628106,nan,143.18899397416547,0.0,0.634076196780062,0.0,4.41777888503469,0.0,5880.114641327366,0.0,0.6401917446743358,0.0,143.18899397416547,0.0,0.634076196780062,0.0,4.41777888503469,1.1437138352588103,0.6401917446743358,0.634076196780062,5.250263112386068,215.60420351533676
noise-game,scale,mnist,42,500,200,1.1,1.0,0.05,iid,1.0,50,79,6.22648715174656,0.8818359780311584,0.39805801699558896,0.9899134742296599,1.3537038452923298,nan,1000.0,0.9800283925921146,1.0,0.6581719592213631,nan,138.55345821380615,0.0,0.6145243478520057,0.0,4.482466802369047,0.0,6207.632974629168,0.0,0.7061229441314936,0.0,138.55345821380615,0.0,0.6145243478520057,0.0,4.482466802369047,1.124433987996529,0.7061229441314936,0.6145243478520057,7.3895177714029945,331.07375864688896
noise-game,scale,mnist,42,500,200,1.1,1.0,0.05,iid,1.0,50,80,6.22648715174656,0.8817739792664846,0.3983555595080058,0.9899450809119503,1.452607586979866,nan,1000.0,0.9800903517263634,1.0,0.7948016002774239,nan,141.58227443695068,0.0,0.6269696050796172,0.0,4.525900055322038,0.0,6688.974973576369,0.0,0.6894105952233076,0.0,141.58227443695068,0.0,0.6269696050796172,0.0,4.525900055322038,1.1305167288470395,0.6894105952233076,0.6269696050796172,7.55105463663737,356.745331924073
noise-game,scale,mnist,42,500,200,1.1,1.0,0.05,iid,1.0,50,81,6.22648715174656,0.8817809778451919,0.3982038787007332,0.9885213787297424,1.2616145121199744,nan,1000.0,0.9773032844612332,1.0,0.9752376760755267,nan,141.78533063616072,0.0,0.6289231761661781,0.0,4.57210826926199,0.0,6925.64348193535,0.0,0.650023167686803,0.0,141.78533063616072,0.0,0.6289231761661781,0.0,4.57210826926199,1.124629872481647,0.650023167686803,0.6289231761661781,6.616648763020834,323.19669582364963
noise-game,scale,mnist,42,500,200,1.1,1.0,0.05,iid,1.0,50,82,6.35210979724761,0.8819479777415593,0.39796921660502754,0.9979716024340771,1.165470266342163,nan,1000.0,0.9959514170040485,1.0,2.0844128131866455,nan,142.38534851074218,0.0,0.6311454148802513,0.0,4.583972655569999,0.0,6958.147746534038,0.0,0.6133462905883789,0.0,142.38534851074218,0.0,0.6311454148802513,0.0,4.583972655569999,1.125584203148078,0.6133462905883789,0.6311454148802513,2.373089141845703,115.96912910890062
noise-game,scale,mnist,42,500,200,1.1,1.0,0.05,iid,1.0,50,83,6.35210979724761,0.8819069782892863,0.3984282862146695,0.9901938426453819,1.84901069800059,nan,1000.0,0.9805781391147245,1.0,2.6082842191060385,nan,138.44236755371094,0.0,0.6134599684598923,0.0,4.625271149386143,0.0,6515.030662115853,0.0,0.7480799396832783,0.0,138.44236755371094,0.0,0.6134599684598923,0.0,4.625271149386143,1.1287047036602285,0.7480799396832783,0.6134599684598923,6.922118377685547,325.75153310579265
noise-game,scale,mnist,42,500,200,1.1,1.0,0.05,iid,1.0,50,84,6.35210979724761,0.882071976463,0.3982525700330734,0.9864710519119091,1.4155582359858923,nan,1000.0,0.9733032823312806,1.0,0.8929434078080314,nan,139.92423357282365,0.0,0.620462751224437,0.0,4.66197089943636,0.0,6826.699472312722,0.0,0.646816794361387,0.0,139.92423357282365,0.0,0.620462751224437,0.0,4.66197089943636,1.1327570532392635,0.646816794361387,0.620462751224437,6.529797566731771,318.579308707927
noise-game,scale,mnist,42,500,200,1.1,1.0,0.05,iid,1.0,50,85,6.35210979724761,0.8819079794486364,0.39869566132624945,0.9943603443158208,1.704811026652654,nan,1000.0,0.9887839433293979,1.0,nan,nan,136.75828425089517,0.0,0.6063344163099479,0.0,4.6983469895842935,0.0,6418.504007357352,0.0,0.7014693344632784,0.0,136.75828425089517,0.0,0.6063344163099479,0.0,4.6983469895842935,1.1299698249788528,0.7014693344632784,0.6063344163099479,5.470331370035807,256.74016029429407
noise-game,scale,mnist,42,500,200,1.1,1.0,0.05,iid,1.0,50,86,6.42225333053275,0.8819119767347972,0.3988730715711912,0.9926450112208627,1.7347925467924639,nan,1000.0,0.9853974242227137,1.0,2.154065663164312,nan,139.23507690429688,0.0,0.6183577179563685,0.0,4.72112180358085,0.0,6675.794019723949,0.0,0.6535387851975181,0.0,139.23507690429688,0.0,0.6183577179563685,0.0,4.72112180358085,1.1364100718069041,0.6535387851975181,0.6183577179563685,5.105286153157552,244.77911405654478
noise-game,scale,mnist,42,500,200,1.1,1.0,0.05,iid,1.0,50,87,6.42225333053275,0.8819906451304753,0.398765994211038,0.9912901647365845,1.1989239102060145,nan,1000.0,0.9827307418666321,1.0,1.2625877423719927,nan,142.61258905584162,0.0,0.6325213482658314,0.0,4.759021482165403,0.0,7303.108635259874,0.0,0.6181868341836062,0.0,142.61258905584162,0.0,0.6325213482658314,0.0,4.759021482165403,1.1165739246036297,0.6181868341836062,0.6325213482658314,5.22912826538086,267.7806499595287
noise-game,scale,mnist,42,500,200,1.1,1.0,0.05,iid,1.0,50,88,6.42225333053275,0.8821293089787166,0.3987288228670756,0.9944330983595757,1.8742682456970214,nan,1000.0,0.9889278343761261,1.0,2.7017961978912353,nan,135.87236633300782,0.0,0.6017942730777571,0.0,4.78244837390585,0.0,7004.89724387452,0.0,0.691658902168274,0.0,135.87236633300782,0.0,0.6017942730777571,0.0,4.78244837390585,1.1210236004875564,0.691658902168274,0.6017942730777571,4.529078877766927,233.49657479581734
noise-game,scale,mnist,42,500,200,1.1,1.0,0.05,iid,1.0,50,89,6.42225333053275,0.8819533105691274,0.39944516917069756,0.9894962417000828,1.6406409923846905,nan,1000.0,0.9792108476319002,1.0,1.75616232248453,nan,135.40581688514123,0.0,0.6002290721471661,0.0,4.828137630309784,0.0,7235.066750232473,0.0,0.7065613544904269,0.0,135.40581688514123,0.0,0.6002290721471661,0.0,4.828137630309784,1.1097856646419242,0.7065613544904269,0.6002290721471661,5.86758539835612,313.51955917674053
noise-game,scale,mnist,42,500,200,1.1,1.0,0.05,iid,1.0,50,90,6.42225333053275,0.8819343107938766,0.3995337562759717,0.9832545469113051,1.6028511057729307,nan,1000.0,0.9670606776989755,1.0,0.9964760205020076,nan,137.2252310047979,0.0,0.6083569532275758,0.0,4.910078120963829,0.0,7205.202275295612,0.0,0.646600427834884,0.0,137.2252310047979,0.0,0.6083569532275758,0.0,4.910078120963829,1.0830449624522442,0.646600427834884,0.6083569532275758,10.520601043701172,552.3988411059969
noise-game,scale,mnist,42,500,200,1.1,1.0,0.05,iid,1.0,50,91,6.42225333053275,0.8820689779520035,0.399384515384833,0.9954076912911326,1.699870777130127,nan,1000.0,0.9908573683691255,1.0,3.9531174421310427,nan,135.8217544555664,0.0,0.6023686462316702,0.0,4.93609935970733,0.0,7296.528614776823,0.0,0.6962498605251313,0.0,135.8217544555664,0.0,0.6023686462316702,0.0,4.93609935970733,1.0822390935568746,0.6962498605251313,0.6023686462316702,4.527391815185547,243.21762049256077
noise-game,scale,mnist,42,500,200,1.1,1.0,0.05,iid,1.0,50,92,6.5185539299832564,0.8819119783242544,0.39977788557608923,0.9912929623567921,1.6475964076817036,nan,1000.0,0.982736240913811,1.0,2.1132274717092514,nan,137.11404991149902,0.0,0.6075761194405359,0.0,4.970640898825255,0.0,7233.437759860491,0.0,0.6555675603449345,0.0,137.11404991149902,0.0,0.6075761194405359,0.0,4.970640898825255,1.0861093365876728,0.6555675603449345,0.6075761194405359,7.312749328613282,385.7833471925595
noise-game,scale,mnist,42,500,200,1.1,1.0,0.05,iid,1.0,50,93,6.5185539299832564,0.8816403106848398,0.40086739987134934,0.9898276395240962,1.80593578889966,nan,1000.0,0.9798601488737795,1.0,1.6584049426019192,nan,137.56216430664062,0.0,0.6097579146638175,0.0,5.004168280040016,0.0,7056.069246642858,0.0,0.6648356802761555,0.0,137.56216430664062,0.0,0.6097579146638175,0.0,5.004168280040016,1.0915319713217828,0.6648356802761555,0.6097579146638175,7.3366487630208335,376.32369315428576
noise-game,scale,mnist,42,500,200,1.1,1.0,0.05,iid,1.0,50,94,6.5185539299832564,0.8817666433254878,0.4009224886695544,0.9924053947885295,1.442278577522798,nan,1000.0,0.9849252761533464,1.0,1.8555668050592595,nan,135.49377996271306,0.0,0.6002290721471661,0.0,5.039658066461168,0.0,7391.4533923375575,0.0,0.7160403349182822,0.0,135.49377996271306,0.0,0.6002290721471661,0.0,5.039658066461168,1.059466323223917,0.7160403349182822,0.6002290721471661,4.968105265299479,271.0199577190438
noise-game,scale,mnist,42,500,200,1.1,1.0,0.05,iid,1.0,50,95,6.846154846794806,0.8818036429087321,0.40090017845233283,0.9864888860191448,1.3649982590424388,nan,1000.0,0.973338005287803,1.0,0.6879826956673673,nan,138.35445444207443,0.0,0.6129106260965126,0.0,5.0930402836970465,0.0,7204.335057814088,0.0,0.6233213692903519,0.0,138.35445444207443,0.0,0.6129106260965126,0.0,5.0930402836970465,1.0446638165477482,0.6233213692903519,0.6129106260965126,8.762448781331381,456.2745536615589
noise-game,scale,mnist,42,500,200,1.1,1.0,0.05,iid,1.0,50,96,7.265847367782212,0.8817226435740789,0.4012590458989143,0.9853992223674233,1.4297125890851021,nan,1000.0,0.9712186744688971,1.0,0.8933720573782921,nan,136.54462203979492,0.0,0.6055442553751662,0.0,5.136305137409269,0.0,7585.791960265422,0.0,0.6989994376897812,0.0,136.54462203979492,0.0,0.6055442553751662,0.0,5.136305137409269,1.0435408564719146,0.6989994376897812,0.6055442553751662,9.102974802652994,505.7194640176947
noise-game,scale,mnist,42,500,200,1.1,1.0,0.05,iid,1.0,50,97,7.265847367782212,0.8816693131128946,0.4016444131731987,0.9869077407377512,1.5823226041264005,nan,1000.0,0.9741538657658232,1.0,1.7536848717265658,nan,135.51344553629556,0.0,0.600229072147166,0.0,5.179881517352042,0.0,7657.142438917082,0.0,0.6921067635218302,0.0,135.51344553629556,0.0,0.600229072147166,0.0,5.179881517352042,1.036808111441079,0.6921067635218302,0.600229072147166,8.130806732177735,459.42854633502486
noise-game,scale,mnist,42,500,200,1.1,1.0,0.05,iid,1.0,50,98,7.265847367782212,0.8816746425628662,0.4019132085641225,0.9956229456749748,1.6789893843233585,nan,1000.0,0.9912840415734772,1.0,3.547758847475052,nan,138.58065795898438,0.0,0.6139163493680507,0.0,5.195201021059008,0.0,7557.792801318701,0.0,0.6590109216049314,0.0,138.58065795898438,0.0,0.6139163493680507,0.0,5.195201021059008,1.0374447412663235,0.6590109216049314,0.6139163493680507,3.6954842122395832,201.5411413684987
noise-game,scale,mnist,42,500,200,1.1,1.0,0.05,iid,1.0,50,99,7.265847367782212,0.8816673103968302,0.40233477026224135,0.9926892436809494,1.5447543114423752,nan,1000.0,0.9854846058712491,1.0,1.4743992984294891,nan,137.10144170125326,0.0,0.6078437754190574,0.0,5.213569341796283,0.0,7353.5096479051745,0.0,0.6552926277120908,0.0,137.10144170125326,0.0,0.6078437754190574,0.0,5.213569341796283,1.0435064604447102,0.6552926277120908,0.6078437754190574,5.48405766805013,294.140385916207
noise-game,scale,mnist,42,500,200,1.1,1.0,0.05,iid,1.0,50,100,7.265847367782212,0.8816903108358383,0.4026465187470118,0.9924873695951709,1.8984379300049372,nan,1000.0,0.9850867767249519,1.0,2.953292897769383,nan,135.6151384626116,0.0,0.6002290721471661,0.0,5.242530589496733,0.0,8013.708828186965,0.0,0.7296161438737597,0.0,135.6151384626116,0.0,0.6002290721471661,0.0,5.242530589496733,1.042082843935713,0.7296161438737597,0.6002290721471661,6.328706461588542,373.97307864872494
noise-game,scale,mnist,42,500,200,1.1,1.0,0.05,iid,1.0,50,101,7.265847367782212,0.8816993107398351,0.4027947034438451,0.9925415949512335,1.6139347644952626,nan,1000.0,0.9851936218678815,1.0,1.695357661980849,nan,135.52828392615686,0.0,0.6002290721471661,0.0,5.27142098090527,0.0,7809.582765145211,0.0,0.6849699937380277,0.0,135.52828392615686,0.0,0.6002290721471661,0.0,5.27142098090527,1.0397038231911397,0.6849699937380277,0.6002290721471661,5.872892303466797,338.4152531562924
noise-game,scale,mnist,42,500,200,1.1,1.0,0.05,iid,1.0,50,102,7.265847367782212,0.8814349774519602,0.40392487913370134,0.9846158771831527,1.7058209110708797,nan,1000.0,0.9696979252065334,1.0,1.6803549528121948,nan,135.44053919175093,0.0,0.6002290721471661,0.0,5.305302497318897,0.0,7811.222900944021,0.0,0.6970002300599042,0.0,135.44053919175093,0.0,0.6002290721471661,0.0,5.305302497318897,1.0373226904077302,0.6970002300599042,0.6002290721471661,7.674963887532552,442.6359643868278
noise-game,scale,mnist,42,500,200,1.1,1.0,0.05,iid,1.0,50,103,7.265847367782212,0.8814203107357025,0.40417360613743464,0.9876511240228527,1.6066765321625605,nan,1000.0,0.975603517186251,1.0,1.122735521859593,nan,135.2670839097765,0.0,0.600229072147166,0.0,5.359220835130772,0.0,8355.607158234274,0.0,0.7051475660668479,0.0,135.2670839097765,0.0,0.600229072147166,0.0,5.359220835130772,0.9834255873665847,0.7051475660668479,0.600229072147166,8.116025034586588,501.3364294940563
noise-game,scale,mnist,42,500,200,1.1,1.0,0.05,iid,1.0,50,104,7.265847367782212,0.8814423092206319,0.40437814583381015,0.9877500888845794,1.4429618080457052,nan,1000.0,0.9757966664537966,1.0,1.6912112712860108,nan,136.32299397786457,0.0,0.6046417815784556,0.0,5.387294542559363,0.0,8232.946732425431,0.0,0.6199909831086795,0.0,136.32299397786457,0.0,0.6046417815784556,0.0,5.387294542559363,0.9831536195497925,0.6199909831086795,0.6046417815784556,6.816149698893229,411.64733662127156
noise-game,scale,mnist,42,500,200,1.1,1.0,0.05,iid,1.0,50,105,7.265847367782212,0.881406645377477,0.40487851977348327,0.9968503414892912,2.0397678273064748,nan,1000.0,0.9937204613808375,1.0,3.1462628160204207,nan,135.45674569266183,0.0,0.6002290721471661,0.0,5.404081966046664,0.0,7744.824278752594,0.0,0.7836607268878392,0.0,135.45674569266183,0.0,0.6002290721471661,0.0,5.404081966046664,0.9766292717511951,0.7836607268878392,0.6002290721471661,3.1606573994954426,180.7125665042272
noise-game,scale,mnist,42,500,200,1.1,1.0,0.05,iid,1.0,50,106,7.265847367782212,0.881238644917806,0.4056638701756795,0.9896671990612471,1.6790338340732787,nan,1000.0,0.9795457478384307,1.0,1.146731628312005,nan,135.32955169677734,0.0,0.600229072147166,0.0,5.429263517305908,0.0,8387.378886377646,0.0,0.6857514646318223,0.0,135.32955169677734,0.0,0.600229072147166,0.0,5.429263517305908,0.9888288443929154,0.6857514646318223,0.600229072147166,8.11977310180664,503.24273318265887
noise-game,scale,mnist,42,500,200,1.1,1.0,0.05,iid,1.0,50,107,7.265847367782212,0.8810509769121806,0.40688125481208165,0.9898082120412881,1.9604120925068855,nan,1000.0,0.9798220732336256,1.0,2.7351213544607162,nan,135.43526363372803,0.0,0.6002290721471661,0.0,5.451694216302159,0.0,7828.594128488081,0.0,0.6775384545326233,0.0,135.43526363372803,0.0,0.6002290721471661,0.0,5.451694216302159,1.0002562829964363,0.6775384545326233,0.6002290721471661,7.223214060465494,417.525020186031
noise-game,scale,mnist,42,500,200,1.1,1.0,0.05,iid,1.0,50,108,7.265847367782212,0.8810593098402023,0.4069684752821922,0.9907942973523421,1.909185528755188,nan,1000.0,0.9817565385857281,1.0,3.9531193574269614,nan,135.26618576049805,0.0,0.6002290721471661,0.0,5.468481917141655,0.0,7854.30853455669,0.0,0.6431522145867348,0.0,135.26618576049805,0.0,0.6002290721471661,0.0,5.468481917141655,1.0072642485512981,0.6431522145867348,0.6002290721471661,5.410647430419922,314.1723413822676
noise-game,scale,mnist,42,500,200,1.1,1.0,0.05,iid,1.0,50,109,7.265847367782212,0.8808373109499613,0.4081022748351097,0.97908387035483,1.8494597647625666,nan,1000.0,0.9590247836471355,1.0,0.9113899022340775,nan,135.81459162785455,0.0,0.6018319517902563,0.0,5.519879143066397,0.0,8273.726637280608,0.0,0.6790950653644708,0.0,135.81459162785455,0.0,0.6018319517902563,0.0,5.519879143066397,0.9960467498933353,0.6790950653644708,0.6018319517902563,11.770597941080728,717.0563085643192
noise-game,scale,mnist,42,500,200,1.1,1.0,0.05,iid,1.0,50,110,7.314619576282983,0.880627977848053,0.40915911237398783,0.9830301863792384,1.9320573632915814,nan,1000.0,0.9666267112485016,1.0,2.360897203286489,nan,135.42169761657715,0.0,0.6002290721471661,0.0,5.57020826349821,0.0,8442.938883632587,0.0,0.6874975661436716,0.0,135.42169761657715,0.0,0.6002290721471661,0.0,5.57020826349821,0.9822133517275651,0.6874975661436716,0.6002290721471661,10.833735809326171,675.435110690607
noise-game,scale,mnist,42,500,200,1.1,1.0,0.05,iid,1.0,50,111,7.314619576282983,0.8806659781932831,0.40927472402652104,0.9915306889898956,2.0567377976008823,nan,1000.0,0.9832036316472114,1.0,2.665657648018428,nan,135.3447505405971,0.0,0.6002290721471661,0.0,5.598270982961745,0.0,8804.639894205739,0.0,0.7250968537160328,0.0,135.3447505405971,0.0,0.6002290721471661,0.0,5.598270982961745,0.9754002739543437,0.7250968537160328,0.6002290721471661,6.316088358561198,410.8831950629344
noise-game,scale,mnist,42,500,200,1.1,1.0,0.05,iid,1.0,50,112,7.416120641024611,0.8807446453968684,0.40940374732017515,0.99392087276551,1.899127945303917,nan,1000.0,0.9879152105039684,1.0,5.703343749046326,nan,135.34190368652344,0.0,0.6002290721471661,0.0,5.609082974735322,0.0,8286.68215383953,0.0,0.7007096335291862,0.0,135.34190368652344,0.0,0.6002290721471661,0.0,5.609082974735322,0.98416913132061,0.7007096335291862,0.6002290721471661,3.609117431640625,220.97819076905415
noise-game,scale,mnist,42,500,200,1.1,1.0,0.05,iid,1.0,50,113,7.425239350114397,0.8804999768733979,0.4108458463350932,0.991887506760411,2.0557111278176308,nan,1000.0,0.9839055793991416,1.0,2.640635520219803,nan,135.37492084503174,0.0,0.6002290721471661,0.0,5.636492895148129,0.0,8501.460690587177,0.0,0.6595494914799929,0.0,135.37492084503174,0.0,0.6002290721471661,0.0,5.636492895148129,0.9869905447998271,0.6595494914799929,0.6002290721471661,7.219995778401692,453.4112368313161
noise-game,scale,mnist,42,500,200,1.1,1.0,0.05,iid,1.0,50,114,7.425239350114397,0.8804433117310206,0.4112736134727796,0.9861383591161998,1.7628326416015625,nan,1000.0,0.9726557543458952,1.0,3.2995700359344484,nan,135.457172648112,0.0,0.6002290721471663,0.0,5.661846917112772,0.0,8506.07148487291,0.0,0.6322835067907969,0.0,135.457172648112,0.0,0.6002290721471663,0.0,5.661846917112772,0.9854542470982749,0.6322835067907969,0.6002290721471663,6.772858632405599,425.3035742436455
noise-game,scale,mnist,42,500,200,1.1,1.0,0.05,iid,1.0,50,115,7.425239350114397,0.8803016448020935,0.4122127187252045,0.9898490369599168,1.7904773592948913,nan,1000.0,0.9799020870909559,1.0,1.2087183356285096,nan,135.295122273763,0.0,0.6002290721471663,0.0,5.687552046443358,0.0,8223.79997938465,0.0,0.637879204750061,0.0,135.295122273763,0.0,0.6002290721471663,0.0,5.687552046443358,0.9888149086143817,0.637879204750061,0.6002290721471663,6.764756113688151,411.1899989692325
noise-game,scale,mnist,42,500,200,1.1,1.0,0.05,iid,1.0,50,116,7.549672172904781,0.8802569780747096,0.4127576541900635,0.9874277174972387,2.004295408048413,nan,1000.0,0.9751676345086464,1.0,1.8582917668602683,nan,135.4097810225053,0.0,0.6007843491299247,0.0,5.723687765350684,0.0,8815.327123331426,0.0,0.6614426736804572,0.0,135.4097810225053,0.0,0.6007843491299247,0.0,5.723687765350684,0.9914173006060214,0.6614426736804572,0.6007843491299247,9.930050608317057,646.457322377638
noise-game,scale,mnist,42,500,200,1.1,1.0,0.05,iid,1.0,50,117,7.549672172904781,0.8803473095099131,0.41283271888891854,0.9928371223917782,1.7650277777151628,nan,1000.0,0.9857761286332715,1.0,2.8998057408766313,nan,135.43773165616122,0.0,0.6002290721471661,0.0,5.755377742954457,0.0,9449.653281552088,0.0,0.7210972580042753,0.0,135.43773165616122,0.0,0.6002290721471661,0.0,5.755377742954457,0.959507085998933,0.7210972580042753,0.6002290721471661,4.966050160725912,346.4872869902433
noise-game,scale,mnist,42,500,200,1.1,1.0,0.05,iid,1.0,50,118,7.549672172904781,0.8799199761946996,0.4147006489833196,0.980138553451125,2.335927376747131,nan,1000.0,0.9610506964135481,1.0,2.9216059684753417,nan,135.47645568847656,0.0,0.6002290721471661,0.0,5.798885663690558,0.0,8284.57453415837,0.0,0.7151297223567963,0.0,135.47645568847656,0.0,0.6002290721471661,0.0,5.798885663690558,0.9535369633413886,0.7151297223567963,0.6002290721471661,11.28970464070638,690.3812111798641
noise-game,scale,mnist,42,500,200,1.1,1.0,0.05,iid,1.0,50,119,7.549672172904781,0.879959977666537,0.414694332977136,0.9867585002667701,1.6454262793064118,nan,1000.0,0.9738630923887027,1.0,1.6517240136861802,nan,136.354500579834,0.0,0.6047739221553172,0.0,5.8298577470793695,0.0,9026.584909093546,0.0,0.6783179640769958,0.0,136.354500579834,0.0,0.6047739221553172,0.0,5.8298577470793695,0.9486161830331538,0.6783179640769958,0.6047739221553172,9.090300038655599,601.7723272729031
noise-game,scale,mnist,42,500,200,1.1,1.0,0.05,iid,1.0,50,120,7.549672172904781,0.8797366454203923,0.415889574388663,0.984350673322312,1.9491390245301383,nan,1000.0,0.9691836025158823,1.0,2.8236804689679826,nan,135.3567134312221,0.0,0.6002290721471659,0.0,5.858914248527473,0.0,8856.294581145547,0.0,0.6657386393774123,0.0,135.3567134312221,0.0,0.6002290721471659,0.0,5.858914248527473,0.9583660847581867,0.6657386393774123,0.6002290721471659,9.474969940185547,619.9406206801883
noise-game,scale,mnist,42,500,200,1.1,1.0,0.05,iid,1.0,50,121,7.563485221863752,0.8795276437203089,0.41697944899400075,0.9896897141461032,2.1085812905255485,nan,1000.0,0.9795898626426776,1.0,3.737163375405704,nan,135.20000771915213,0.0,0.6002290721471661,0.0,5.88171262572277,0.0,8312.610193934015,0.0,0.6581094825969023,0.0,135.20000771915213,0.0,0.6002290721471661,0.0,5.88171262572277,0.969706331434757,0.6581094825969023,0.6002290721471661,7.661333770751953,471.04791098959413
noise-game,scale,mnist,42,500,200,1.1,1.0,0.05,iid,1.0,50,122,7.563485221863752,0.8794396444161733,0.41758456865946453,0.9917277007585666,2.4789718848008375,nan,1000.0,0.9835911405130201,1.0,5.595847790057842,nan,135.39461576021634,0.0,0.6002290721471661,0.0,5.8995339200188335,0.0,8732.786706758632,0.0,0.7520756079600408,0.0,135.39461576021634,0.0,0.6002290721471661,0.0,5.8995339200188335,0.9729286525107348,0.7520756079600408,0.6002290721471661,5.867100016276042,378.420757292874
noise-game,scale,mnist,42,500,200,1.1,1.0,0.05,iid,1.0,50,123,7.563485221863752,0.8795186456044515,0.41800234019756316,0.9949697359523691,2.4619445403416953,nan,1000.0,0.9899898257245069,1.0,4.800924830966526,nan,135.50725809733072,0.0,0.6002290721471661,0.0,5.911734425097058,0.0,9093.005617563067,0.0,0.6837185488806831,0.0,135.50725809733072,0.0,0.6002290721471661,0.0,5.911734425097058,0.9791596362951923,0.6837185488806831,0.6002290721471661,4.065217742919922,272.79016852689205
noise-game,scale,mnist,42,500,200,1.1,1.0,0.05,iid,1.0,50,124,7.563485221863752,0.8796219784021377,0.4178356537222862,0.9943869236720383,1.6553679671552446,nan,1000.0,0.9888365088718654,1.0,3.214943594402737,nan,135.40757412380643,0.0,0.6002290721471661,0.0,5.927997828425797,0.0,9666.220225638912,0.0,0.6404317286279466,0.0,135.40757412380643,0.0,0.6002290721471661,0.0,5.927997828425797,0.9766576243396772,0.6404317286279466,0.6002290721471661,4.062227223714193,289.9866067691674
noise-game,scale,mnist,42,500,200,1.1,1.0,0.05,iid,1.0,50,125,7.563485221863752,0.8796003105243048,0.4183527836203575,0.9884234897916229,2.0554076552391054,nan,1000.0,0.9771119434040783,1.0,3.337798023223877,nan,135.3237782796224,0.0,0.6002290721471663,0.0,5.948982454475168,0.0,10250.798460762044,0.0,0.7411610305309295,0.0,135.3237782796224,0.0,0.6002290721471663,0.0,5.948982454475168,0.9794896687428211,0.7411610305309295,0.6002290721471663,6.76618891398112,512.5399230381022
noise-game,scale,mnist,42,500,200,1.1,1.0,0.05,iid,1.0,50,126,7.563485221863752,0.8795619799693426,0.4189068627357483,0.9952630102167132,2.1770064160227776,nan,1000.0,0.9905706869928048,1.0,4.956897884607315,nan,135.08853912353516,0.0,0.6002290721471661,0.0,5.958463818604167,0.0,9981.586372136626,0.0,0.6942194998264313,0.0,135.08853912353516,0.0,0.6002290721471661,0.0,5.958463818604167,0.9814329249880374,0.6942194998264313,0.6002290721471661,3.602361043294271,266.17563659031003
noise-game,scale,mnist,42,500,200,1.1,1.0,0.05,iid,1.0,50,127,7.563485221863752,0.8791309785842896,0.4213810203472773,0.9905371010898649,2.4030127823352814,nan,1000.0,0.9812516162399794,1.0,2.9814169257879257,nan,135.44738674163818,0.0,0.6002290721471661,0.0,5.989617008005707,0.0,9427.990712173534,0.0,0.7036502584815025,0.0,135.44738674163818,0.0,0.6002290721471661,0.0,5.989617008005707,0.965483354412773,0.7036502584815025,0.6002290721471661,7.223860626220703,502.82617131592184
noise-game,scale,mnist,42,500,200,1.1,1.0,0.05,iid,1.0,50,128,7.563485221863752,0.8793266437451045,0.4207534405589104,0.9926712901480499,1.4560995449622471,nan,1000.0,0.98544921875,1.0,2.1404634515444436,nan,135.49770736694336,0.0,0.6002290721471661,0.0,6.0146460430405115,0.0,10844.45816739604,0.0,0.7183450162410736,0.0,135.49770736694336,0.0,0.6002290721471661,0.0,6.0146460430405115,0.950061988088445,0.7183450162410736,0.6002290721471661,5.419908294677734,433.7783266958416
noise-game,scale,mnist,42,500,200,1.1,1.0,0.05,iid,1.0,50,129,7.563485221863752,0.8791596444447836,0.4217059330145518,0.9873241713823767,1.9467390841907926,nan,1000.0,0.9749656735958105,1.0,3.07561817434099,nan,135.49195777045355,0.0,0.600229072147166,0.0,6.039429124241708,0.0,10033.724859388334,0.0,0.7192792627546523,0.0,135.49195777045355,0.0,0.600229072147166,0.0,6.039429124241708,0.9586531045444444,0.7192792627546523,0.600229072147166,8.129517466227213,602.0234915633001
noise-game,scale,mnist,42,500,200,1.1,1.0,0.05,iid,1.0,50,130,7.608704530345582,0.8790653105576833,0.42326811303695044,0.9926428419276082,2.2113621505824,nan,1000.0,0.9853931487686652,1.0,3.735496911135587,nan,135.5126620205966,0.0,0.6002290721471661,0.0,6.055696362021938,0.0,9363.587292214987,0.0,0.7078874111175537,0.0,135.5126620205966,0.0,0.6002290721471661,0.0,6.055696362021938,0.9573724934615545,0.7078874111175537,0.6002290721471661,4.968797607421875,343.3315340478828
noise-game,scale,mnist,42,500,200,1.1,1.0,0.05,iid,1.0,50,131,7.608704530345582,0.8790699774026871,0.4233964018026988,0.9917665893423073,2.1742946722290735,nan,1000.0,0.9836676496321981,1.0,3.0286230824210425,nan,135.32919172807172,0.0,0.6002290721471661,0.0,6.068939855320006,0.0,10226.902252240056,0.0,0.6206746155565436,0.0,135.32919172807172,0.0,0.6002290721471661,0.0,6.068939855320006,0.9606175253797143,0.6206746155565436,0.6002290721471661,4.96207036336263,374.98641591546874
noise-game,scale,mnist,42,500,200,1.1,1.0,0.05,iid,1.0,50,132,7.6677302083736,0.8787619777520498,0.42478687355915706,0.9928351423912506,2.041056191220003,nan,1000.0,0.9857722247661411,1.0,2.8074357018751255,nan,135.11445079130286,0.0,0.6002290721471661,0.0,6.098539728519439,0.0,9646.86728344831,0.0,0.6782455549520605,0.0,135.11445079130286,0.0,0.6002290721471661,0.0,6.098539728519439,0.9527431708049404,0.6782455549520605,0.6002290721471661,7.6564855448404945,546.6558127287376
noise-game,scale,mnist,42,500,200,1.1,1.0,0.05,iid,1.0,50,133,7.733137353135968,0.8783933109045029,0.42732917616764704,0.9874587885448315,2.389080391210668,nan,1000.0,0.9752282449083828,1.0,4.658571846344891,nan,135.4266985724954,0.0,0.6002290721471661,0.0,6.120951747018902,0.0,9183.98762626411,0.0,0.6984789581859813,0.0,135.4266985724954,0.0,0.6002290721471661,0.0,6.120951747018902,0.9527831210889186,0.6984789581859813,0.6002290721471661,7.6741795857747395,520.4259654882995
noise-game,scale,mnist,42,500,200,1.1,1.0,0.05,iid,1.0,50,134,7.733137353135968,0.8783769780397415,0.42783012598752973,0.9881884667659051,2.175711441040039,nan,1000.0,0.9766527009306937,1.0,3.0340250015258787,nan,135.32593383789063,0.0,0.6002290721471663,0.0,6.147056104999804,0.0,10313.06256541805,0.0,0.6752936700979869,0.0,135.32593383789063,0.0,0.6002290721471663,0.0,6.147056104999804,0.9358654121700173,0.6752936700979869,0.6002290721471663,6.7662966918945315,515.6531282709024
noise-game,scale,mnist,42,500,200,1.1,1.0,0.05,iid,1.0,50,135,7.733137353135968,0.878378976782163,0.4281406259536743,0.9911588305469758,2.1876098175843555,nan,1000.0,0.9824726235987818,1.0,3.3402276039123535,nan,135.37616984049478,0.0,0.6002290721471663,0.0,6.164804094512655,0.0,9051.20970926416,0.0,0.6768872718016307,0.0,135.37616984049478,0.0,0.6002290721471663,0.0,6.164804094512655,0.9442931082140753,0.6768872718016307,0.6002290721471663,6.76880849202474,452.56048546320795
noise-game,scale,mnist,42,500,200,1.1,1.0,0.05,iid,1.0,50,136,7.733137353135968,0.8783983107407888,0.42879646758238477,0.9906030649968243,1.8258752524852753,nan,1000.0,0.9813810906744111,1.0,3.8065557281176248,nan,135.39739863077799,0.0,0.6002290721471661,0.0,6.180542089232848,0.0,10079.35534528862,0.0,0.6478818506002426,0.0,135.39739863077799,0.0,0.6002290721471661,0.0,6.180542089232848,0.9445708880764986,0.6478818506002426,0.6002290721471661,5.41589594523112,403.1742138115449
noise-game,scale,mnist,42,500,200,1.1,1.0,0.05,iid,1.0,50,137,7.751675392512434,0.8778366432587306,0.432133588095506,0.9854523266643117,2.4125791788101196,nan,1000.0,0.9713218536338314,1.0,4.532955183702357,nan,135.32290918686812,0.0,0.6002290721471661,0.0,6.202818924852995,0.0,9355.519910243354,0.0,0.6243047573987175,0.0,135.32290918686812,0.0,0.6002290721471661,0.0,6.202818924852995,0.9442690066258476,0.6243047573987175,0.6002290721471661,7.66829818725586,530.1461282471233
noise-game,scale,mnist,42,500,200,1.1,1.0,0.05,iid,1.0,50,138,7.751675392512434,0.8779263118902842,0.4319118975599607,0.9924952480828473,2.4069986710181603,nan,1000.0,0.9851022997105032,1.0,7.505463160001314,nan,135.47448143592248,0.0,0.6002290721471661,0.0,6.2210056007624495,0.0,10278.143940572803,0.0,0.6770845147279593,0.0,135.47448143592248,0.0,0.6002290721471661,0.0,6.2210056007624495,0.9466710016041007,0.6770845147279593,0.6002290721471661,5.870560862223307,445.3862374248216
noise-game,scale,mnist,42,500,200,1.1,1.0,0.05,iid,1.0,50,139,7.751675392512434,0.8777073109149933,0.43315742661555606,0.9874591938976696,2.351729592856239,nan,1000.0,0.9752290356561433,1.0,3.4830974235254177,nan,135.4554874195772,0.0,0.6002290721471661,0.0,6.2463020800389115,0.0,10143.80591278895,0.0,0.6780142275726094,0.0,135.4554874195772,0.0,0.6002290721471661,0.0,6.2463020800389115,0.9416142772500352,0.6780142275726094,0.6002290721471661,7.6758109537760415,574.8156683913738
noise-game,scale,mnist,42,500,200,1.1,1.0,0.05,iid,1.0,50,140,7.751675392512434,0.8780096449454625,0.43247779200474423,0.9933837894633154,1.7641899423165754,nan,1000.0,0.986854551978341,1.0,2.692206859588623,nan,135.21609219637784,0.0,0.6002290721471661,0.0,6.260641099689148,0.0,11191.345427200691,0.0,0.7023961083455519,0.0,135.21609219637784,0.0,0.6002290721471661,0.0,6.260641099689148,0.9459949628747834,0.7023961083455519,0.6002290721471661,4.957923380533854,410.349332330692
noise-game,scale,mnist,42,500,200,1.1,1.0,0.05,iid,1.0,50,141,7.874241712048045,0.8775116427739461,0.4353067069252332,0.9925259129063522,2.423835411667824,nan,1000.0,0.9851627209287158,1.0,4.26896333694458,nan,135.3476734161377,0.0,0.6002290721471661,0.0,6.280790648463443,0.0,9763.430130032804,0.0,0.7244403548538685,0.0,135.3476734161377,0.0,0.6002290721471661,0.0,6.280790648463443,0.9522070114621807,0.7244403548538685,0.6002290721471661,7.218542582194011,520.7162736017495
noise-game,scale,mnist,42,500,200,1.1,1.0,0.05,iid,1.0,50,142,7.874241712048045,0.8776809783776601,0.4346924051642418,0.9925772993167183,1.9487690875927608,nan,1000.0,0.985263979701376,1.0,3.061173434058825,nan,135.31000645955405,0.0,0.6002290721471661,0.0,6.313180866120965,0.0,11484.124966320218,0.0,0.6919371485710144,0.0,135.31000645955405,0.0,0.6002290721471661,0.0,6.313180866120965,0.8891440287240787,0.6919371485710144,0.6002290721471661,5.412400258382162,459.3649986528087
noise-game,scale,mnist,42,500,200,1.1,1.0,0.05,iid,1.0,50,143,7.874241712048045,0.8776536428928375,0.4351333463191986,0.9908164097545061,2.214974982397897,nan,1000.0,0.9817999612077326,1.0,4.26986655167171,nan,135.35058920724052,0.0,0.6002290721471661,0.0,6.331648833596295,0.0,11455.637849116058,0.0,0.6782479232975415,0.0,135.35058920724052,0.0,0.6002290721471661,0.0,6.331648833596295,0.8910359479782797,0.6782479232975415,0.6002290721471661,6.316360829671224,534.5964329587493
noise-game,scale,mnist,42,500,200,1.1,1.0,0.05,iid,1.0,50,144,7.874241712048045,0.8777269776662191,0.43537221729755404,0.9915277755105373,2.034264873374592,nan,1000.0,0.9831979021658196,1.0,2.284324884414673,nan,135.4998585094105,0.0,0.6002290721471661,0.0,6.354386565904155,0.0,11205.972034444434,0.0,0.6500203663652594,0.0,135.4998585094105,0.0,0.6002290721471661,0.0,6.354386565904155,0.8675497771999466,0.6500203663652594,0.6002290721471661,4.968328145345052,410.88564126296257
noise-game,scale,mnist,42,500,200,1.1,1.0,0.05,iid,1.0,50,145,7.874241712048045,0.8775606457392374,0.43622187376022337,0.9923797011003449,2.285825587809086,nan,1000.0,0.9848746617987417,1.0,3.9515342712402344,nan,135.38268661499023,0.0,0.6002290721471661,0.0,6.3743017779551,0.0,10820.949993574519,0.0,0.7070442475378513,0.0,135.38268661499023,0.0,0.6002290721471661,0.0,6.3743017779551,0.8677699851304704,0.7070442475378513,0.6002290721471661,7.220409952799479,577.117332990641
noise-game,scale,mnist,42,500,200,1.1,1.0,0.05,iid,1.0,50,146,7.874241712048045,0.8776009766260783,0.43653871734937033,0.9881014135650369,1.916241756743855,nan,1000.0,0.9764826503476338,1.0,1.5428917739126418,nan,135.31803046332465,0.0,0.600229072147166,0.0,6.398195386441085,0.0,11509.252277602569,0.0,0.630672824051645,0.0,135.31803046332465,0.0,0.600229072147166,0.0,6.398195386441085,0.8596116708999105,0.630672824051645,0.600229072147166,8.119081827799478,690.5551366561542
noise-game,scale,mnist,42,500,200,1.1,1.0,0.05,iid,1.0,50,147,7.874241712048045,0.8772696451346079,0.43834766616423926,0.9871734735139507,2.1664379772387052,nan,1000.0,0.9746718196045865,1.0,2.1928597720045793,nan,135.25190253006784,0.0,0.600229072147166,0.0,6.42118281533177,0.0,10490.871433038215,0.0,0.6769741569694719,0.0,135.25190253006784,0.0,0.600229072147166,0.0,6.42118281533177,0.8622832211644742,0.6769741569694719,0.600229072147166,8.565953826904297,664.4218574257537
noise-game,scale,mnist,42,500,200,1.1,1.0,0.05,iid,1.0,50,148,7.874241712048045,0.8770256437857946,0.44037060528993605,0.9875435652510649,2.425871972526823,nan,1000.0,0.9753936380442405,1.0,3.5282881430217197,nan,135.39454977852958,0.0,0.6002290721471661,0.0,6.438815872808461,0.0,11043.27984135891,0.0,0.701556207878249,0.0,135.39454977852958,0.0,0.6002290721471661,0.0,6.438815872808461,0.8631971258800425,0.701556207878249,0.6002290721471661,6.3184123229980464,515.3530592634158
noise-game,scale,mnist,42,500,200,1.1,1.0,0.05,iid,1.0,50,149,7.874241712048045,0.8770116432507833,0.44038627952337267,0.9905957134707848,2.342699182885034,nan,1000.0,0.98136666020797,1.0,3.705330882753645,nan,135.3980429513114,0.0,0.6002290721471661,0.0,6.455440394628244,0.0,11000.049617649189,0.0,0.6525591824735913,0.0,135.3980429513114,0.0,0.6002290721471661,0.0,6.455440394628244,0.8654068142196092,0.6525591824735913,0.6002290721471661,6.318575337727864,513.3356488236288
