algorithm,attack_type,dataset,seed,n_nodes,n_attackers,noise_mult,clip_bound,sampling_rate,split_mode,dirichlet_alpha,start_round,round,epsilon,accuracy,test_loss,f1_score,mean_update_norm_honest,mean_update_norm_attacker,best_alpha,precision,recall,total_tp_all,total_fp_all,total_fn_all,total_tn_all,D_threshold_honest,D_threshold_attacker,n_rejected_honest,n_rejected_attacker,V_agg_norm_honest,V_agg_norm_attacker,S_agg_norm_honest,S_agg_norm_attacker,eps_n_honest,eps_n_attacker,eps_avg,eps_std,rho_t,trust_toward_honest,trust_toward_attacker
trust-aware,scale,fashion_mnist,42,500,300,1.1,2.0,0.05,iid,1.0,50,0,0.2635107699722956,0.4566089887917042,1.9747460025548935,nan,0.23398345708847046,0.23519558623433112,1000.0,nan,nan,0,0,0,50158,0.8644608702548511,0.8671598970639104,0.0,0.0,2.0655025243759155,1.235191338857015,5.1637561321258545,3.087978301048279,0.26351076997229567,0.26351076997229567,0.26351076997229567,5.551115123125783e-17,0.3,0.9999804976837959,0.996254339713537
trust-aware,scale,fashion_mnist,42,500,300,1.1,2.0,0.05,iid,1.0,50,1,0.30216558923805237,0.567041485607624,1.7171923047304154,nan,0.20594753821690878,0.22869478220740955,1000.0,nan,nan,0,0,0,51210,0.7094940792584717,0.8281163231537391,0.0,0.0,2.106303254763285,1.4072884766260783,5.2657579978307085,2.9776757033665975,0.3021655892380524,0.30216558923805237,0.3021655892380525,1.1102230246251565e-16,0.315,0.9990638023601055,0.9767028528018608
trust-aware,scale,fashion_mnist,42,500,300,1.1,2.0,0.05,iid,1.0,50,2,0.34410266237445,0.6189649841189384,1.4962688225507736,nan,0.187522249089347,0.2129135369757811,1000.0,nan,nan,0,0,0,51100,0.6079698964291448,0.7765588270671244,0.0,0.0,1.733635041448805,1.4290128143628438,4.334087504280938,2.871816459496816,0.3441026623744499,0.3441026623744499,0.3441026623744499,5.551115123125783e-17,0.33,0.9986731209420492,0.9569104900659309
trust-aware,scale,fashion_mnist,42,500,300,1.1,2.0,0.05,iid,1.0,50,3,0.38986963149288734,0.647337484061718,1.3245160800218583,nan,0.16730435299021856,0.19650995502869287,1000.0,nan,nan,0,0,0,51242,0.5174914781959413,0.7238647295281246,0.0,0.0,1.829171555382865,1.379919852813085,4.530025039400373,2.6910977594057717,0.38986963149288734,0.38986963149288734,0.38986963149288734,0.0,0.345,0.997265857024859,0.9373001510396755
trust-aware,scale,fashion_mnist,42,500,300,1.1,2.0,0.05,iid,1.0,50,4,0.44226468151870224,0.6699839836359024,1.1927562439441681,nan,0.14528174036078983,0.17699867367744446,1000.0,nan,nan,0,0,0,50968,0.43441272862305674,0.6721297429733772,0.0,0.0,1.5612387657165527,1.3091906917095184,3.833988322152032,2.512340275446574,0.4422646815187023,0.44226468151870224,0.44226468151870235,1.1102230246251565e-16,0.36,0.9968945046966772,0.9181944737017457
trust-aware,scale,fashion_mnist,42,500,300,1.1,2.0,0.05,iid,1.0,50,5,0.5315777515144099,0.6878359827399254,1.0954445308446885,nan,0.13397225737571716,0.1548756388326486,1000.0,nan,nan,0,0,0,50564,0.39876292964853777,0.5917014766981366,0.0,0.0,1.7564307649930317,1.1765307195981343,4.0348005294799805,2.176184433698654,0.53157775151441,0.53157775151441,0.53157775151441,1.1102230246251565e-16,0.375,0.9966913366807528,0.9083880091326235
trust-aware,scale,fashion_mnist,42,500,300,1.1,2.0,0.05,iid,1.0,50,6,0.558999622203959,0.6998949825763703,1.0228892782330512,nan,0.11087348205702645,0.13331707209348678,1000.0,nan,nan,0,0,0,50646,0.3380054962351675,0.5085459868111962,0.0,0.0,1.377618738583156,1.0333709170420964,3.2128427709851946,1.8709914485613506,0.5589996222039592,0.558999622203959,0.5589996222039593,2.220446049250313e-16,0.39,0.9963775434944316,0.8977884619622691
trust-aware,scale,fashion_mnist,42,500,300,1.1,2.0,0.05,iid,1.0,50,7,0.5880046216568433,0.7081054824590683,0.9685106405615806,nan,0.09624911631856646,0.11560679691533247,1000.0,nan,nan,0,0,0,51486,0.2903579864925102,0.4334115344324185,0.0,0.0,1.0248256708894457,0.8966160611311594,2.410613621984209,1.6132821158568065,0.5880046216568432,0.5880046216568432,0.5880046216568433,0.0,0.405,0.9950623103020735,0.8734036165725055
trust-aware,scale,fashion_mnist,42,500,300,1.1,2.0,0.05,iid,1.0,50,8,0.6186656634250423,0.7145879825949669,0.925202510356903,nan,0.08813830465078354,0.1001513749609391,1000.0,nan,nan,0,0,0,51670,0.2610409107586099,0.3675489716530556,0.0,0.0,0.9213344852129618,0.773945884903272,2.100575399398804,1.3817476411660512,0.6186656634250421,0.6186656634250421,0.6186656634250423,0.0,0.42,0.9936238554579466,0.8491563152661094
trust-aware,scale,fashion_mnist,42,500,300,1.1,2.0,0.05,iid,1.0,50,9,0.6510644430024428,0.7209049814939499,0.8889054387807847,nan,0.08110751894613107,0.08932267501950264,1000.0,nan,nan,0,0,0,51628,0.2884307676362396,0.31284350888921814,0.0,0.0,0.9893135329087576,0.6619195046027502,1.8272139529387157,1.1695736281077067,0.6510644430024426,0.6510644430024427,0.6510644430024427,1.1102230246251565e-16,0.435,0.992895273008977,0.8311908473572134
trust-aware,scale,fashion_mnist,42,500,300,1.1,2.0,0.05,iid,1.0,50,10,0.6852937746268957,0.7256914812326432,0.8590970465540886,nan,0.07409300451928919,0.08164166328807672,1000.0,nan,nan,0,0,0,51156,0.20429056904899232,0.2696839774715537,0.0,0.0,0.7457294735041532,0.571925810277462,1.735428430817344,1.0187625261147817,0.6852937746268957,0.6852937746268957,0.6852937746268957,0.0,0.44999999999999996,0.9920728683783683,0.8129605918978675
trust-aware,scale,fashion_mnist,42,500,300,1.1,2.0,0.05,iid,1.0,50,11,0.7214611380882578,0.7303759813308716,0.8333837014436721,nan,0.07107458320947793,0.0757928981880347,1000.0,nan,nan,0,0,0,51594,0.22036343415180953,0.23648288263594916,0.0,0.0,0.7955788465646597,0.4939548220237096,1.524514024074261,0.8811244855324427,0.7214611380882578,0.7214611380882577,0.721461138088258,1.1102230246251565e-16,0.46499999999999997,0.9910555500374756,0.7978384807432579
trust-aware,scale,fashion_mnist,42,500,300,1.1,2.0,0.05,iid,1.0,50,12,0.7596944884031196,0.7348614805936813,0.8111503598093986,nan,0.06730674719437957,0.0706864220649004,1000.0,nan,nan,0,2,0,50590,0.22020279040602161,0.21071223434834138,0.0,0.006666666666666667,1.0595070533454418,0.42713450560967126,2.0477067977190018,0.7593593444426855,0.7596944884031196,0.7596944884031195,0.7596944884031196,0.0,0.48,0.9906235651564523,0.7953469464064776
trust-aware,scale,fashion_mnist,42,500,300,1.1,2.0,0.05,iid,1.0,50,13,0.8001526997791856,0.7384869807958603,0.7918658065795898,nan,0.06281917020678521,0.06604443276921908,1000.0,nan,nan,0,0,0,50896,0.19365398924579924,0.19071051539974784,0.0,0.0,0.7507842510938645,0.3821060660481453,1.3630733966827393,0.7023961019515991,0.8001526997791858,0.8001526997791857,0.8001526997791857,1.1102230246251565e-16,0.49499999999999994,0.9898443764633965,0.7879874433231175
trust-aware,scale,fashion_mnist,42,500,300,1.1,2.0,0.05,iid,1.0,50,14,0.8430464367132451,0.7418944811820984,0.7752187249064445,nan,0.05989722854324749,0.06220339860767126,1000.0,nan,nan,0,26,0,50624,0.18462677790238655,0.17449130122336798,0.0,0.08666666666666667,0.6246951946190425,0.3474296896656354,1.1825107676642281,0.645191378792127,0.843046436713245,0.8430464367132453,0.843046436713245,1.1102230246251565e-16,0.51,0.9895591338699351,0.7819330099195596
trust-aware,scale,fashion_mnist,42,500,300,1.1,2.0,0.05,iid,1.0,50,15,0.8793723681465165,0.7448519805073738,0.7604855820536613,nan,0.056682127631372876,0.05908204309642315,1000.0,0.0,nan,0,130,0,50568,0.19555479452269686,0.16090189380520284,0.1111111111111111,0.43,0.7524455686410269,0.31545668611923855,1.3599053356382582,0.5830176442861557,0.8793723681465165,0.8793723681465166,0.8793723681465164,1.1102230246251565e-16,0.525,0.9889500642398784,0.7804907761375677
trust-aware,scale,fashion_mnist,42,500,300,1.1,2.0,0.05,iid,1.0,50,16,0.9126284626054437,0.7475584807991982,0.7471912547945976,nan,0.054187745600938794,0.05661548289159934,1000.0,0.0,nan,0,282,0,50988,0.19686436403334193,0.14939443873367664,0.2,0.9333333333333333,0.6390212327241898,0.293744689822197,1.0021799325942993,0.5545709800720214,0.9126284626054436,0.9126284626054435,0.9126284626054437,0.0,0.54,0.9883959659932883,0.7732622551041173
trust-aware,scale,fashion_mnist,42,500,300,1.1,2.0,0.05,iid,1.0,50,17,0.9474622637610021,0.7505394783616066,0.7356124171614646,nan,0.05264485017819838,0.05398066493372122,1000.0,nan,nan,0,66,0,50926,0.16632841789817204,0.139472198328013,0.0,0.22,0.6307389736175537,0.27254064053297045,1.0599469434131275,0.511080627143383,0.947462263761002,0.947462263761002,0.9474622637610021,0.0,0.555,0.9875583970484391,0.7684913925118751
trust-aware,scale,fashion_mnist,42,500,300,1.1,2.0,0.05,iid,1.0,50,18,0.9839586158871577,0.7530764818191529,0.7251443049311638,nan,0.05130252907318728,0.052243603592117625,1000.0,nan,nan,0,199,0,50975,0.16892129926929914,0.13113711215946378,0.0,0.6633333333333333,0.6580340500388827,0.256079874287049,1.0266074963978358,0.48769888271888095,0.9839586158871577,0.9839586158871577,0.9839586158871577,0.0,0.57,0.9860668918575483,0.7601474188107566
trust-aware,scale,fashion_mnist,42,500,300,1.1,2.0,0.05,iid,1.0,50,19,1.022216540748102,0.7550144809484481,0.7154083573818206,nan,0.050328302714559764,0.05034907811631759,1000.0,0.0,nan,0,206,0,50664,0.16274172750632274,0.12391889199233892,0.1111111111111111,0.6833333333333333,0.6130527357260386,0.2381326879064242,1.0079712470372517,0.44858136504888535,1.0222165407481023,1.0222165407481023,1.0222165407481025,4.440892098500626e-16,0.5850000000000001,0.9854638931179176,0.7600474384152414
trust-aware,scale,fashion_mnist,42,500,300,1.1,2.0,0.05,iid,1.0,50,20,1.0623545611125644,0.7574199813604355,0.7065815544128418,nan,0.046993099726163425,0.04882316208134095,1000.0,nan,nan,0,81,0,51057,0.13979176232668342,0.11767415829128443,0.0,0.27,0.5962455524848058,0.2278218608101209,0.9766470698209909,0.43732051660617194,1.0623545611125642,1.0623545611125644,1.0623545611125642,2.220446049250313e-16,0.6,0.9843064170760553,0.7527494524429905
trust-aware,scale,fashion_mnist,42,500,300,1.1,2.0,0.05,iid,1.0,50,21,1.1045192595593831,0.759102982878685,0.6988353961706162,nan,0.04533680688057627,0.04731925944487254,1000.0,nan,nan,0,76,0,50550,0.13973422152563408,0.11211722232434475,0.0,0.25333333333333335,0.6113132962158748,0.21450089926520982,0.9820902858461652,0.40725480536619824,1.1045192595593836,1.1045192595593833,1.1045192595593836,4.440892098500626e-16,0.6149999999999999,0.9839863300544739,0.7490399827843991
trust-aware,scale,fashion_mnist,42,500,300,1.1,2.0,0.05,iid,1.0,50,22,1.148899646893674,0.761148481965065,0.691252669095993,nan,0.04739354149653362,0.04616218127310276,1000.0,nan,nan,0,213,0,51141,0.15057693548804038,0.10725892748730928,0.0,0.71,0.583640096279291,0.2032094492514928,0.8522429649646466,0.387704922358195,1.1488996468936743,1.148899646893674,1.1488996468936743,2.220446049250313e-16,0.63,0.9829415632822123,0.747112089871037
trust-aware,scale,fashion_mnist,42,500,300,1.1,2.0,0.05,iid,1.0,50,23,1.1932226547715872,0.7628319817781448,0.6844880101084709,nan,0.04383153701201081,0.045107083978752294,1000.0,0.0,nan,0,142,0,50354,0.16630101824628485,0.10286100138656941,0.25,0.4666666666666667,0.7559705823659897,0.19429706513881684,1.0135067999362946,0.37145582149426143,1.1932226547715867,1.193222654771587,1.193222654771587,2.220446049250313e-16,0.6450000000000001,0.9824634575837884,0.7460973678052977
trust-aware,scale,fashion_mnist,42,500,300,1.1,2.0,0.05,iid,1.0,50,24,1.2237170788729461,0.7643714788556099,0.6783880272507667,nan,0.04518764233216643,0.04364741368840138,1000.0,nan,nan,0,81,0,50531,0.12611714327644175,0.0988101771632344,0.0,0.27,0.49509767815470695,0.18701190267999968,0.8593735471367836,0.359306535422802,1.2237170788729461,1.2237170788729463,1.2237170788729463,2.220446049250313e-16,0.66,0.9819978160854519,0.7439751422644816
trust-aware,scale,fashion_mnist,42,500,300,1.1,2.0,0.05,iid,1.0,50,25,1.255370164114324,0.7659679788351059,0.672847393155098,nan,0.04275525940789117,0.0431351645787557,1000.0,nan,nan,0,28,0,50962,0.1250825314394778,0.09522050727007225,0.0,0.09333333333333334,0.46884699828094906,0.18185662398735683,0.7355013324154748,0.35366405179103216,1.2553701641143242,1.2553701641143242,1.2553701641143242,2.220446049250313e-16,0.6749999999999999,0.981508760540457,0.7367097579554724
trust-aware,scale,fashion_mnist,42,500,300,1.1,2.0,0.05,iid,1.0,50,26,1.2882265209338715,0.7673119792342186,0.6669397777318955,nan,0.04106162302196026,0.04234746453662713,1000.0,nan,nan,0,43,0,50455,0.13198051073381908,0.09196352582815119,0.0,0.14333333333333334,0.6325035691261292,0.1750790740052859,0.9737631529569626,0.3374240637818972,1.2882265209338717,1.2882265209338717,1.288226520933872,4.440892098500626e-16,0.69,0.981299837539776,0.7330195447217478
trust-aware,scale,fashion_mnist,42,500,300,1.1,2.0,0.05,iid,1.0,50,27,1.3223351707503768,0.7688534793257713,0.6620575517416001,nan,0.040917906910181046,0.04182840512444576,1000.0,nan,nan,0,80,0,50988,0.12564214489393352,0.08903087420516885,0.0,0.26666666666666666,0.4742644992139604,0.16701936756571134,0.6832645535469055,0.3192888620495796,1.3223351707503763,1.3223351707503765,1.3223351707503765,2.220446049250313e-16,0.705,0.9808021197184711,0.7337153528917436
trust-aware,scale,fashion_mnist,42,500,300,1.1,2.0,0.05,iid,1.0,50,28,1.3577503788831171,0.7703319773077965,0.6571391412615776,nan,0.04067937694489956,0.04085356024404367,1000.0,0.0,nan,0,149,0,50643,0.11786288027289518,0.08630711869121209,0.2,0.49,0.4520307078957558,0.1618622797727585,0.7251662343740464,0.31253328363100685,1.3577503788831173,1.3577503788831171,1.3577503788831173,2.220446049250313e-16,0.7200000000000001,0.9801024348018424,0.7307284929546332
trust-aware,scale,fashion_mnist,42,500,300,1.1,2.0,0.05,iid,1.0,50,29,1.3945327218869124,0.7713579800724983,0.6530136612057685,nan,0.03996045747771859,0.040151218896110855,1000.0,nan,nan,0,213,0,50479,0.14246568798544704,0.08391714210788857,0.0,0.71,0.5508329458534718,0.15728564699490866,0.6825510635972023,0.30359184990326565,1.3945327218869124,1.3945327218869126,1.3945327218869124,0.0,0.735,0.9796361786115035,0.7296464624244738
trust-aware,scale,fashion_mnist,42,500,300,1.1,2.0,0.05,iid,1.0,50,30,1.4327504734265042,0.7726469802856445,0.6486398509144783,nan,0.037780905285706885,0.03972682862232129,1000.0,nan,nan,0,334,0,50886,0.13359043301224202,0.08162056560605918,0.0,1.1133333333333333,0.5169655921367499,0.15302834019064904,0.6304486302229074,0.29577175080776213,1.432750473426504,1.432750473426504,1.4327504734265044,2.220446049250313e-16,0.75,0.9784209117885714,0.7265765268245458
trust-aware,scale,fashion_mnist,42,500,300,1.1,2.0,0.05,iid,1.0,50,31,1.4724814279430891,0.7737154802680015,0.6448503038287163,nan,0.038306642323732376,0.03911708972106377,1000.0,nan,nan,0,149,0,50461,0.13644106636918693,0.07950717577280084,0.0,0.49666666666666665,0.5880102919680732,0.14944120571017266,0.6420297409806933,0.28934311310450234,1.4724814279430891,1.4724814279430893,1.472481427943089,2.220446049250313e-16,0.7649999999999999,0.9781155132192358,0.7247910139865189
trust-aware,scale,fashion_mnist,42,500,300,1.1,2.0,0.05,iid,1.0,50,32,1.5138153326430999,0.7746669799089432,0.6411389374732971,nan,0.03851328007876873,0.0388921753068765,1000.0,0.0,nan,0,92,0,50698,0.11737696859703609,0.07754294037123423,0.1,0.30333333333333334,0.5014718189835549,0.1473582336306572,0.6848815590143204,0.287088763465484,1.5138153326430999,1.5138153326430999,1.5138153326430996,2.220446049250313e-16,0.78,0.9773914826899415,0.7180412232409763
trust-aware,scale,fashion_mnist,42,500,300,1.1,2.0,0.05,iid,1.0,50,33,1.5568571736316952,0.7759679779410362,0.6374789154529572,nan,0.03802792578935623,0.03802651473631462,1000.0,nan,nan,0,10,0,50210,0.09518836222436187,0.07566275260956988,0.0,0.03333333333333333,0.5129209011793137,0.14175628828505674,0.9731046617031097,0.2725197798013687,1.556857173631695,1.556857173631695,1.5568571736316952,0.0,0.795,0.9772127279364878,0.7161515242869
trust-aware,scale,fashion_mnist,42,500,300,1.1,2.0,0.05,iid,1.0,50,34,1.5961356544147973,0.7767369830608368,0.634373101592064,nan,0.036270635918929026,0.03761099879940351,1000.0,0.0,nan,0,41,0,51391,0.10125459600849095,0.07389957506796366,0.07692307692307693,0.13333333333333333,0.424539464024397,0.1377253573636214,0.5517403850188622,0.26582648321986196,1.5961356544147975,1.5961356544147975,1.5961356544147978,4.440892098500626e-16,0.81,0.9761111725426956,0.7110374847417824
trust-aware,scale,fashion_mnist,42,500,300,1.1,2.0,0.05,iid,1.0,50,35,1.6303152389904,0.7778779798746109,0.631005951166153,nan,0.034999282522635025,0.03712667336066564,1000.0,nan,nan,0,255,0,50825,0.10876475764203507,0.07222895435926908,0.0,0.85,0.42995369976217096,0.13406491542855897,0.5778141509402882,0.2596499518056711,1.6303152389903997,1.6303152389903999,1.6303152389903999,2.220446049250313e-16,0.825,0.9753286342334376,0.7095396883852516
trust-aware,scale,fashion_mnist,42,500,300,1.1,2.0,0.05,iid,1.0,50,36,1.6656394806877934,0.7784264805912972,0.6286986142396926,nan,0.03529327486952146,0.03662720876435439,1000.0,0.0,nan,0,35,0,50429,0.10328099998242464,0.07063722161329491,0.16666666666666666,0.11333333333333333,0.44272104154030484,0.13195181004703044,0.5403591940800349,0.257300023684899,1.6656394806877939,1.6656394806877937,1.6656394806877939,4.440892098500626e-16,0.84,0.9750977308860767,0.7061080618904427
trust-aware,scale,fashion_mnist,42,500,300,1.1,2.0,0.05,iid,1.0,50,37,1.7021545775828013,0.779245979487896,0.6261888659000396,nan,0.035872149467468264,0.03647773781170448,1000.0,0.0,nan,0,144,0,50544,0.1031545563053287,0.06914023987083813,0.1,0.4766666666666667,0.5121923834085464,0.12925502993166446,0.7058475226163864,0.2510019662976265,1.7021545775828013,1.702154577582801,1.7021545775828018,4.440892098500626e-16,0.855,0.9743182715753227,0.7031781690344252
trust-aware,scale,fashion_mnist,42,500,300,1.1,2.0,0.05,iid,1.0,50,38,1.7399113538860758,0.7800739794969559,0.6230102449655532,nan,0.035092183906171054,0.03611576981221636,1000.0,0.0,nan,0,606,0,51234,0.13595468694152832,0.06781247637343753,0.16666666666666666,2.01,0.5523062745730082,0.12604746833443642,0.5244086583455404,0.2432847443719705,1.7399113538860758,1.7399113538860755,1.7399113538860753,4.440892098500626e-16,0.8700000000000001,0.9719577476689615,0.7046100250547718
trust-aware,scale,fashion_mnist,42,500,300,1.1,2.0,0.05,iid,1.0,50,39,1.7789660529514504,0.7806874802708625,0.6207515573501587,nan,0.03401355445384979,0.03553115519384543,1000.0,0.0,nan,0,136,0,50502,0.08995421775815475,0.066489142271571,0.1,0.45,0.385442291200161,0.12352260532478491,0.6209729820489883,0.24002805978059769,1.7789660529514504,1.7789660529514504,1.7789660529514502,2.220446049250313e-16,0.885,0.9711906525821847,0.703224914753279
trust-aware,scale,fashion_mnist,42,500,300,1.1,2.0,0.05,iid,1.0,50,40,1.8193813121440443,0.7815634801983833,0.6183676791191101,nan,0.03801696954502,0.03554352776457866,1000.0,nan,nan,0,228,0,50978,0.08429875675875932,0.06532594468187376,0.0,0.76,0.263999558157391,0.12037726553777854,0.38973122504022384,0.23327516987919808,1.8193813121440445,1.8193813121440439,1.8193813121440445,2.220446049250313e-16,0.8999999999999999,0.9708700289884371,0.7011506250252401
trust-aware,scale,fashion_mnist,42,500,300,1.1,2.0,0.05,iid,1.0,50,41,1.8612273687051577,0.782446480691433,0.6162591674923896,nan,0.03466773172840476,0.03503519515817364,1000.0,0.0,nan,0,430,0,51082,0.09907499118601769,0.06416811046306585,0.1875,1.4233333333333333,0.37666031066328287,0.11772215269505977,0.5553327929228544,0.2283521819114685,1.8612273687051581,1.861227368705158,1.861227368705158,2.220446049250313e-16,0.915,0.9692291402065978,0.7016119328089948
trust-aware,scale,fashion_mnist,42,500,300,1.1,2.0,0.05,iid,1.0,50,42,1.904583560352156,0.7828829818964005,0.6142344397306442,nan,0.035017369935909905,0.03498932359119256,1000.0,nan,nan,0,160,0,50336,0.11032009783637801,0.06307508550173224,0.0,0.5333333333333333,0.4768330901861191,0.11612350443998973,0.6066752175490061,0.2259522047638893,1.9045835603521555,1.9045835603521566,1.9045835603521557,2.220446049250313e-16,0.9299999999999999,0.9690013637714923,0.7019671416119857
trust-aware,scale,fashion_mnist,42,500,300,1.1,2.0,0.05,iid,1.0,50,43,1.9495402035165759,0.783574478328228,0.6119617548584938,nan,0.033544245176017284,0.03458978802586595,1000.0,0.0,nan,0,328,0,50760,0.0899525211930338,0.06199581961957668,0.25,1.0833333333333333,0.35430727650721866,0.11605890728533268,0.4987293829520543,0.2275423573454221,1.9495402035165765,1.949540203516576,1.9495402035165765,6.661338147750939e-16,0.945,0.968043932664301,0.6969597211573026
trust-aware,scale,fashion_mnist,42,500,300,1.1,2.0,0.05,iid,1.0,50,44,1.9962009572946733,0.7843204787373543,0.6099814745783806,nan,0.03445277629154069,0.03425214704747001,1000.0,0.0,nan,0,43,0,50185,0.08600721861342218,0.06103460879414285,0.2857142857142857,0.13666666666666666,0.38962351211479734,0.11375928021967412,0.6871763212340218,0.22106698016325632,1.9962009572946733,1.9962009572946735,1.9962009572946728,4.440892098500626e-16,0.96,0.9676467320496551,0.6949879302192962
trust-aware,scale,fashion_mnist,42,500,300,1.1,2.0,0.05,iid,1.0,50,45,2.044685814238566,0.7847429803013801,0.608171003460884,nan,0.034246441305560225,0.03417747241134445,1000.0,0.0,nan,0,594,0,51234,0.09973733655288448,0.06008340059183958,0.29411764705882354,1.9633333333333334,0.42110711599097533,0.110927769318223,0.48628536042045145,0.2146643424530824,2.044685814238566,2.044685814238566,2.0446858142385658,4.440892098500626e-16,0.975,0.965776703868642,0.6952743832943247
trust-aware,scale,fashion_mnist,42,500,300,1.1,2.0,0.05,iid,1.0,50,46,2.0786677031269156,0.7852624812722206,0.6065766498446464,nan,0.03417785944683211,0.033697291053831575,1000.0,nan,nan,0,290,0,50420,0.10163857175099686,0.05915777964613436,0.0,0.9666666666666667,0.3784734947340829,0.10891802030305067,0.4483607453959329,0.21213220298290253,2.078667703126915,2.078667703126915,2.0786677031269156,0.0,0.99,0.9655484332420643,0.6963024043194027
trust-aware,scale,fashion_mnist,42,500,300,1.1,2.0,0.05,iid,1.0,50,47,2.1134879265457753,0.785794978439808,0.6049948281049728,nan,0.0320215264800936,0.03381313856691122,1000.0,0.0,nan,0,325,0,50707,0.08148833342739356,0.058289523572327584,0.125,1.08,0.27569077629595995,0.10785820243259271,0.3772783987224102,0.21059170265992483,2.113487926545776,2.1134879265457758,2.1134879265457758,4.440892098500626e-16,1.005,0.9652310514277334,0.692383818306375
trust-aware,scale,fashion_mnist,42,500,300,1.1,2.0,0.05,iid,1.0,50,48,2.1493007737632155,0.7864014825224876,0.6034691026806831,nan,0.033863402370895655,0.033060928874959546,1000.0,nan,nan,0,240,0,50364,0.11621146097457934,0.05734367639584062,0.0,0.8,0.558443410055978,0.10590216740965844,0.627634333712714,0.20593681653340656,2.1493007737632155,2.1493007737632155,2.1493007737632155,0.0,1.02,0.964939821356495,0.6947732145546248
trust-aware,scale,fashion_mnist,42,500,300,1.1,2.0,0.05,iid,1.0,50,49,2.1861402047376153,0.7870339804887772,0.6018403205275535,nan,0.03249795846641064,0.03281059458851814,1000.0,nan,nan,0,57,0,50371,0.0613906909157184,0.05644379471684232,0.0,0.19,0.2039652645587921,0.10409848888715108,0.3888449430465698,0.20229026024540264,2.1861402047376153,2.1861402047376153,2.1861402047376153,0.0,1.035,0.9648500781484532,0.6938475749274257
trust-aware,scale,fashion_mnist,42,500,300,1.1,2.0,0.05,iid,1.0,50,50,2.2240427388792705,0.7871919795870781,0.6006723606586456,0.9310847110847112,0.03191257640719414,0.33065249800682067,1000.0,0.9967532467532468,0.8784464690806634,50218,368,49,31,0.08564850452278608,0.0,45.57142857142857,167.55666666666667,0.40155185971941265,0.10265472523868084,0.599488765001297,0.23145674799879393,2.22404273887927,0.0,2.22404273887927,4.440892098500626e-16,1.05,0.9645378045996422,0.6821255396374865
trust-aware,scale,fashion_mnist,42,500,300,1.1,2.0,0.05,iid,1.0,50,51,2.2630477569582963,0.7876334792375564,0.5994305554032325,0.7107351591254397,0.03411230933852494,0.6128641202052434,1000.0,1.0,0.5579195842281897,50202,528,226,32,0.09639736517707218,0.0,37.75,168.09333333333333,0.28160895872861147,0.21891622612873712,0.17936639301478863,0.42900488391518593,2.2630477569582967,0.0,2.2630477569582967,4.440892098500626e-16,1.065,0.9642265572572549,0.6742943169383148
trust-aware,scale,fashion_mnist,42,500,300,1.1,2.0,0.05,iid,1.0,50,52,2.303197848143191,0.7869864815473556,0.6016736862063408,0.5526069210947834,0.03343129903078079,2.219726255933444,1000.0,1.0,0.3837667229639951,50027,345,218,30,0.06501256102213825,0.0,18.142857142857142,167.48333333333332,0.21199408599308558,0.7384007711211841,0.3627740740776062,1.5538083668549856,2.3031978481431916,0.0,2.3031978481431916,4.440892098500626e-16,1.08,0.963943047170846,0.6709807596592031
trust-aware,scale,fashion_mnist,42,500,300,1.1,2.0,0.05,iid,1.0,50,53,2.344539209861966,0.7845164802670479,0.6106930780410766,0.33438206332952786,0.030772153796120125,7.3601525751749675,1000.0,0.990909090909091,0.2170426507822742,50023,541,417,91,0.0809942865080972,0.0,11.272727272727273,168.13333333333333,0.4250886846672405,2.440891563495,0.6893410411748019,5.152106722195943,2.344539209861967,0.0,2.344539209861967,8.881784197001252e-16,1.095,0.9630457857266523,0.6673572207979676
trust-aware,scale,fashion_mnist,42,500,300,1.1,2.0,0.05,iid,1.0,50,54,2.3871221095865076,0.7857079812884331,0.6087263634800911,0.823182209012685,0.03235634958202189,23.25836207707723,1000.0,0.9973544973544973,0.6101627962491313,50137,419,181,95,0.08603442791730832,0.0,21.636363636363637,167.72666666666666,0.6538237929344177,7.765723634560903,1.2564334002408115,16.2808531443278,2.387122109586507,0.0,2.387122109586507,4.440892098500626e-16,1.11,0.9621550956697267,0.658506611634095
trust-aware,scale,fashion_mnist,42,500,300,1.1,2.0,0.05,iid,1.0,50,55,2.431001419315337,0.7887134805321694,0.5964257049560547,0.9860888939603027,0.02899143542163074,80.16797175725301,1000.0,0.9954106280193237,0.9780190677966102,50172,279,5,46,0.08239435799170353,0.0,34.25,167.25666666666666,0.6036593429744244,26.82544983545939,1.2292364686727524,56.11757921218872,2.431001419315337,0.0,2.431001419315337,0.0,1.125,0.9617081951005239,0.6492166299506811
trust-aware,scale,fashion_mnist,42,500,300,1.1,2.0,0.05,iid,1.0,50,56,2.4762372355197746,0.78957947909832,0.5941921210289002,1.0,0.029586979188024998,281.4277786763509,1000.0,1.0,1.0,50178,278,0,24,0.08094353670072367,0.0,46.333333333333336,167.26,0.8286109864711761,94.10093212763468,1.7127319971720378,196.99944000244142,2.476237235519775,0.0,2.476237235519775,4.440892098500626e-16,1.1400000000000001,0.961476985625516,0.63777886942806
trust-aware,scale,fashion_mnist,42,500,300,1.1,2.0,0.05,iid,1.0,50,57,2.5228955996813527,0.7895789805054665,0.5940153452754021,1.0,0.03194824579570975,991.1924616495768,1000.0,1.0,1.0,50646,746,0,144,0.07662391586151426,0.0,53.285714285714285,168.82,0.45763043420655386,330.69094182332356,0.924301049539021,693.8347059122722,2.5228955996813522,0.0,2.5228955996813522,4.440892098500626e-16,1.155,0.9600570426189695,0.6060423375151436
trust-aware,scale,fashion_mnist,42,500,300,1.1,2.0,0.05,iid,1.0,50,58,2.5710493373515257,0.7898779794573784,0.5932408112287522,0.9995342338146249,0.032187319997894134,3479.7471044921876,1000.0,0.9990766389658357,1.0,50967,1068,0,229,0.08185307307908213,0.0,56.21052631578947,169.89,0.5088185103316056,1159.340390625,0.9669170160042612,2435.8229276529946,2.5710493373515253,0.0,2.5710493373515253,4.440892098500626e-16,1.1700000000000002,0.9578769212137264,0.5640471652315614
trust-aware,scale,fashion_mnist,42,500,300,1.1,2.0,0.05,iid,1.0,50,59,2.620779036985648,0.7905719795823097,0.5914942660927772,0.9995126705653021,0.032567304403831564,12154.366993001302,1000.0,0.9990310077519379,1.0,50691,792,0,75,0.07889039226267361,0.0,66.0,168.97,0.5976781249046326,4047.3966064453125,1.229820226629575,8508.05671468099,2.6207790369856485,0.0,2.6207790369856485,4.440892098500626e-16,1.185,0.9571398146459382,0.5372589172013823
trust-aware,scale,fashion_mnist,42,500,300,1.1,2.0,0.05,iid,1.0,50,60,2.672174193730253,0.7906314787268639,0.5915301072597504,0.9993861264579498,0.03278553506566419,42349.60333007813,1000.0,0.9987789987789988,1.0,50417,518,0,51,0.07197867017206475,0.0,57.55555555555556,168.05666666666667,0.622708261013031,14097.949239908854,1.3005306058459811,29644.721783854166,2.6721741937302523,0.0,2.6721741937302523,4.440892098500626e-16,1.2,0.9566833200091408,0.5276145334879341
trust-aware,scale,fashion_mnist,42,500,300,1.1,2.0,0.05,iid,1.0,50,61,2.7253345479753266,0.7909564813971519,0.5905341199040413,0.9994036970781157,0.029784312901588585,147278.6945703125,1000.0,0.9988165680473373,1.0,50541,642,0,115,0.07086814022763338,0.0,49.38461538461539,168.47,0.5152508295499362,49024.39146809896,0.9676793355208176,103095.08397786459,2.725334547975326,0.0,2.725334547975326,4.440892098500626e-16,1.215,0.9555792148732757,0.5048726483973295
trust-aware,scale,fashion_mnist,42,500,300,1.1,2.0,0.05,iid,1.0,50,62,2.7803716539313506,0.7912689766287804,0.5896750402450561,0.994147994147994,0.028893874544236395,511810.38536458334,1000.0,0.9885964912280701,1.0,50359,461,0,52,0.06769200991386455,0.0,51.22222222222222,167.86333333333334,0.5036607980728149,170355.2489453125,1.0944015317493014,358267.2632552083,2.7803716539313506,0.0,2.7803716539313506,0.0,1.2299999999999998,0.9550800157621591,0.4860788890499871
trust-aware,scale,fashion_mnist,42,500,300,1.1,2.0,0.05,iid,1.0,50,63,2.8374107198726692,0.791308479309082,0.5895092824101448,0.9924938414112041,0.02954613823782314,1772833.3579166667,1000.0,0.9855477855477855,1.0,50338,441,0,95,0.07175479419317848,0.0,40.09090909090909,167.79333333333332,0.5058946230194785,590355.2492708333,0.9695060686631636,1240983.3330208333,2.837410719872669,0.0,2.837410719872669,4.440892098500626e-16,1.245,0.9542066963546258,0.47121029435028305
trust-aware,scale,fashion_mnist,42,500,300,1.1,2.0,0.05,iid,1.0,50,64,2.8797317800857956,0.7917229804396629,0.5886917304992676,0.9921770179345489,0.03024050859468324,6150707.76,1000.0,0.9848925449373588,1.0,50807,917,0,120,0.07648853137059967,0.0,65.5,169.35666666666665,0.5687957257032394,2047923.391875,1.1583892703056335,4305495.37375,2.8797317800857956,0.0,2.8797317800857956,0.0,1.26,0.9531554474599977,0.44581062535111593
trust-aware,scale,fashion_mnist,42,500,300,1.1,2.0,0.05,iid,1.0,50,65,2.9146882802902803,0.7915454810857773,0.5901894626021386,1.0,0.02829928711677591,21371937.636666667,1000.0,1.0,1.0,50420,520,0,120,0.05548541760013757,0.0,43.333333333333336,168.06666666666666,0.3962213223179181,7113767.770833333,0.7757352193196615,14960356.073333334,2.9146882802902803,0.0,2.9146882802902803,0.0,1.275,0.9520566136582742,0.4319117072190474
trust-aware,scale,fashion_mnist,42,500,300,1.1,2.0,0.05,iid,1.0,50,66,2.9504496656185593,0.7926684781908989,0.5870115280151367,1.0,0.030961675802245736,73919403.90666667,1000.0,1.0,1.0,50300,400,0,40,0.060039735678220726,0.0,50.0,167.66666666666666,0.562143687158823,24620553.918333333,1.2240796834230423,51743581.68666667,2.9504496656185597,0.0,2.9504496656185597,4.440892098500626e-16,1.2900000000000003,0.9516864542195497,0.42416432875930243
trust-aware,scale,fashion_mnist,42,500,300,1.1,2.0,0.05,iid,1.0,50,67,2.9870369056922645,0.7926214790344238,0.586814332306385,0.9868707576733325,0.03191906972123044,256077436.61333334,1000.0,0.9763776881720431,1.0,50602,706,0,136,0.06301282188343997,0.0,50.42857142857143,168.67333333333335,0.4578345226390021,85292910.95333333,0.8302709247384753,179254201.74666667,2.9870369056922645,0.0,2.9870369056922645,0.0,1.305,0.950423907540744,0.4017788320994597
trust-aware,scale,fashion_mnist,42,500,300,1.1,2.0,0.05,iid,1.0,50,68,3.0244720059477888,0.7927359795570373,0.5865339878201484,0.9952153110047847,0.03217344172298908,890129749.8666667,1000.0,0.990909090909091,1.0,50462,563,0,79,0.06238159906800005,0.0,51.18181818181818,168.20666666666668,0.5043254765597257,296326400.61333334,1.0510811697353015,623090810.4,3.0244720059477883,0.0,3.0244720059477883,4.440892098500626e-16,1.32,0.949782313192167,0.38241885208308896
trust-aware,scale,fashion_mnist,42,500,300,1.1,2.0,0.05,iid,1.0,50,69,3.062778081137312,0.7933289805054664,0.5849671751260758,1.0,0.031298358303805195,3077894353.92,1000.0,1.0,1.0,50236,336,0,20,0.04913471574074344,0.0,56.0,167.45333333333335,0.47152982155481976,1025345254.8266667,0.9421945127348105,2154526011.306667,3.062778081137312,0.0,3.062778081137312,0.0,1.335,0.9496030331726313,0.3752818429859018
trust-aware,scale,fashion_mnist,42,500,300,1.1,2.0,0.05,iid,1.0,50,70,3.1019794351188676,0.7932319793105126,0.5846423655748367,0.9957591673961677,0.030658964440226553,10675004348.586666,1000.0,0.9916190476190476,1.0,50119,221,0,18,0.07563004687844914,0.0,44.2,167.06333333333333,0.7795220494270325,3554874981.5466666,1.6756391286849976,7472502917.973333,3.101979435118868,0.0,3.101979435118868,4.440892098500626e-16,1.3499999999999999,0.9494504978836507,0.36793777076594264
trust-aware,scale,fashion_mnist,42,500,300,1.1,2.0,0.05,iid,1.0,50,71,3.1421016475291226,0.7936249804496766,0.5841933777928352,1.0,0.034082907562454544,36961039288.32,1000.0,1.0,1.0,49979,79,0,6,0.0522011207707063,0.0,26.333333333333332,166.59666666666666,0.7744454940160116,12311444436.48,1.7770249048868816,25872726869.333332,3.142101647529123,0.0,3.142101647529123,4.440892098500626e-16,1.3650000000000002,0.9494082366394765,0.3666715028213163
trust-aware,scale,fashion_mnist,42,500,300,1.1,2.0,0.05,iid,1.0,50,72,3.183171667991226,0.7939014792442322,0.5837105730175972,1.0,0.028814160782429907,128148946725.54666,1000.0,1.0,1.0,50436,536,0,50,0.05998770109828647,0.0,59.55555555555556,168.12,0.5508840613894992,42679638200.32,1.1562803321414523,89704260908.37334,3.1831716679912256,0.0,3.1831716679912256,4.440892098500626e-16,1.38,0.9489662384157467,0.3548275582932764
trust-aware,scale,fashion_mnist,42,500,300,1.1,2.0,0.05,iid,1.0,50,73,3.225217918574414,0.7935634794831276,0.5849523723125458,0.9991769547325103,0.029762081801891327,443583195190.61334,1000.0,0.9983739837398374,1.0,50610,711,0,159,0.06271151727387282,0.0,47.4,168.7,0.4718105693658193,147776158801.92,0.841304604212443,310508230519.4667,3.225217918574415,0.0,3.225217918574415,8.881784197001252e-16,1.395,0.9475563578484848,0.339121046266762
trust-aware,scale,fashion_mnist,42,500,300,1.1,2.0,0.05,iid,1.0,50,74,3.2682704052928386,0.7942214798927307,0.5831730180978775,1.0,0.032436856627464296,1536238379881.8132,1000.0,1.0,1.0,50256,356,0,8,0.07410298612390245,0.0,71.2,167.52,1.0212362289428711,511813773994.6667,2.4251595973968505,1075366849740.8,3.2682704052928386,0.0,3.2682704052928386,0.0,1.41,0.9474752288023643,0.3303113604247966
trust-aware,scale,fashion_mnist,42,500,300,1.1,2.0,0.05,iid,1.0,50,75,3.3123608395086923,0.7941409796476364,0.5829329279065132,0.9960342687615416,0.030083516781980343,5331129118228.48,1000.0,0.992215634606939,1.0,50370,473,0,89,0.06573566149713282,0.0,43.0,167.9,0.5134237056428735,1775593589309.44,0.9190961014140736,3731790313990.8267,3.3123608395086923,0.0,3.3123608395086923,0.0,1.425,0.946692259084077,0.3205932051140602
trust-aware,scale,fashion_mnist,42,500,300,1.1,2.0,0.05,iid,1.0,50,76,3.357522770189856,0.7946199798583984,0.5825498509407043,1.0,0.02809186364439401,18493024669532.16,1000.0,1.0,1.0,50378,478,0,86,0.04797440919177765,0.0,43.45454545454545,167.92666666666668,0.4117157621817155,6158670907310.08,0.7993076118555936,12945117025402.88,3.3575227701898553,0.0,3.3575227701898553,4.440892098500626e-16,1.4400000000000002,0.9459888644794084,0.31125448650490567
trust-aware,scale,fashion_mnist,42,500,300,1.1,2.0,0.05,iid,1.0,50,77,3.4037917280656296,0.7945544776320458,0.5828253135085106,0.990703860000188,0.028767758856217067,63909590641322.664,1000.0,0.9822293447293446,1.0,50692,798,0,152,0.06349938962844208,0.0,53.2,168.97333333333333,0.450475287437439,21294854580469.76,0.8136933445930481,44736712735894.19,3.4037917280656296,0.0,3.4037917280656296,0.0,1.4549999999999998,0.9446491556508892,0.29812661784215644
trust-aware,scale,fashion_mnist,42,500,300,1.1,2.0,0.05,iid,1.0,50,78,3.4512053828263247,0.7947564822435379,0.5823335871100426,0.997524702463188,0.029538716056517193,221748731310680.75,1000.0,0.9950783830987101,1.0,50296,399,0,29,0.0548691330522337,0.0,57.0,167.65333333333334,0.5700559275490897,73850599219309.23,1.227777898311615,155224108650113.72,3.4512053828263243,0.0,3.4512053828263243,4.440892098500626e-16,1.47,0.9444220539525416,0.29340611267533934
trust-aware,scale,fashion_mnist,42,500,300,1.1,2.0,0.05,iid,1.0,50,79,3.499803714624289,0.7949579805135727,0.5819425219297409,1.0,0.030309608827034634,766843326593761.2,1000.0,1.0,1.0,50141,241,0,26,0.05759361925426904,0.0,40.166666666666664,167.13666666666666,0.6067912876605988,255520612178111.16,1.2433191736539204,536790316938690.56,3.49980371462429,0.0,3.49980371462429,8.881784197001252e-16,1.485,0.9441746265714102,0.28582464700712884
trust-aware,scale,fashion_mnist,42,500,300,1.1,2.0,0.05,iid,1.0,50,80,3.549629201256186,0.7949009793996811,0.5823034876585007,0.9981738691416111,0.028633016376541212,2659197859450061.0,1000.0,0.9963909522010995,1.0,50486,588,0,130,0.047372740372281556,0.0,45.23076923076923,168.28666666666666,0.38292921964938825,885816470494249.0,0.698694123671605,1861438463922230.5,3.5496292012561854,0.0,3.5496292012561854,4.440892098500626e-16,1.5,0.9430452891478538,0.2789171358815271
trust-aware,scale,fashion_mnist,42,500,300,1.1,2.0,0.05,iid,1.0,50,81,3.600727022539671,0.7950634807348251,0.5819668969511986,1.0,0.03099905396811664,9213195226021452.0,1000.0,1.0,1.0,50358,458,0,40,0.054173519712531475,0.0,57.25,167.86,0.6091472506523132,3069378376736877.0,1.1588445380330086,6449236499748618.0,3.600727022539672,0.0,3.600727022539672,8.881784197001252e-16,1.515,0.9426993531256675,0.27360218861371305
trust-aware,scale,fashion_mnist,42,500,300,1.1,2.0,0.05,iid,1.0,50,82,3.653145283543021,0.7953504794836044,0.5813402968645096,1.0,0.029819111650188763,3.1927451812934016e+16,1000.0,1.0,1.0,49991,91,0,6,0.05199316808699725,0.0,30.333333333333332,166.63666666666666,0.7253164450327555,1.0636402947270902e+16,1.6101208527882893,2.234921599560756e+16,3.6531452835430205,0.0,3.6531452835430205,4.440892098500626e-16,1.53,0.9426401194646412,0.2731897184279017
trust-aware,scale,fashion_mnist,42,500,300,1.1,2.0,0.05,iid,1.0,50,83,3.706935258484402,0.795505978167057,0.5815773424506188,1.0,0.028198672644793987,1.1070146531764294e+17,1000.0,1.0,1.0,50380,480,0,70,0.057353513584666796,0.0,48.0,167.93333333333334,0.47014900147914884,3.687520233704129e+16,0.9154579639434814,7.74910244496081e+16,3.706935258484401,0.0,3.706935258484401,8.881784197001252e-16,1.5450000000000002,0.9421166450707938,0.2656417345683274
trust-aware,scale,fashion_mnist,42,500,300,1.1,2.0,0.05,iid,1.0,50,84,3.7621516572892535,0.7952429795265198,0.582439042031765,1.0,0.027567967772483826,3.839348162988868e+17,1000.0,1.0,1.0,50370,470,0,30,0.05190447083995535,0.0,67.14285714285714,167.9,0.48651819995471407,1.278754436103991e+17,0.8803456170218331,2.6875436714288656e+17,3.762151657289252,0.0,3.762151657289252,1.3322676295501878e-15,1.56,0.9418724365922334,0.25288274480777584
trust-aware,scale,fashion_mnist,42,500,300,1.1,2.0,0.05,iid,1.0,50,85,3.818852916980401,0.7957544794678688,0.5812073802947998,0.9993243243243244,0.028048947686329484,1.327299012665268e+18,1000.0,0.9986559139784946,1.0,50437,538,0,41,0.06734518545257012,0.0,67.25,168.12333333333333,0.5712318643927574,4.423200475840302e+17,0.9006732834968716,9.291092882154848e+17,3.818852916980402,0.0,3.818852916980402,8.881784197001252e-16,1.575,0.9414956576282286,0.24714853008573337
trust-aware,scale,fashion_mnist,42,500,300,1.1,2.0,0.05,iid,1.0,50,86,3.874737541093223,0.7957919818162918,0.5812730392813683,1.0,0.02668735198676586,4.6069138974446715e+18,1000.0,1.0,1.0,50018,118,0,20,0.04906648556826123,0.0,23.6,166.72666666666666,0.5771958708763123,1.534509166518792e+18,1.0880753517150878,3.2248396608661827e+18,3.8747375410932245,0.0,3.8747375410932245,1.3322676295501878e-15,1.5899999999999999,0.9413108024816831,0.24463118335395354
trust-aware,scale,fashion_mnist,42,500,300,1.1,2.0,0.05,iid,1.0,50,87,3.916240373005058,0.7959919789433479,0.5816009491682053,0.9836421748186455,0.025276975395778816,inf,1000.0,0.9691932891299979,1.0,50166,270,0,20,0.06764595061555308,0.0,45.0,167.22,0.835112988948822,5.313262233868213e+18,1.24529034892718,inf,3.9162403730050594,0.0,3.9162403730050594,1.3322676295501878e-15,1.6050000000000002,0.9410885270795211,0.24197142007569317
trust-aware,scale,fashion_mnist,42,500,300,1.1,2.0,0.05,iid,1.0,50,88,3.958594794875645,0.7960924795269966,0.5810049819946289,1.0,0.027509127184748648,nan,1000.0,1.0,1.0,50104,204,0,16,0.046706547258804375,0.0,40.8,167.01333333333332,0.5876553773880004,nan,1.2070358514785766,nan,3.958594794875645,0.0,3.958594794875645,0.0,1.62,0.940967420834263,nan
trust-aware,scale,fashion_mnist,42,500,300,1.1,2.0,0.05,iid,1.0,50,89,4.00182186932881,0.7958889785408974,0.5815786737203598,0.9944591806660772,0.0265732461379634,nan,1000.0,0.9892255892255891,1.0,50356,458,0,56,0.060890052293776545,0.0,50.888888888888886,167.85333333333332,0.5491455495357513,nan,1.0540552934010823,nan,4.0018218693288095,0.0,4.0018218693288095,8.881784197001252e-16,1.635,0.9404889914822273,nan
trust-aware,scale,fashion_mnist,42,500,300,1.1,2.0,0.05,iid,1.0,50,90,4.045943537463281,0.7963919788599014,0.5811882320046425,0.9976546235539041,0.027360974944063594,nan,1000.0,0.9954081632653062,1.0,50437,539,0,164,0.053776960734766614,0.0,38.5,168.12333333333333,0.41711482618536266,nan,0.6484056838921138,nan,4.045943537463281,0.0,4.045943537463281,0.0,1.65,0.938979629301291,nan
trust-aware,scale,fashion_mnist,42,500,300,1.1,2.0,0.05,iid,1.0,50,91,4.090982666874294,0.7964634814858437,0.5811047461628914,1.0,0.025056577952844755,nan,1000.0,1.0,1.0,50217,317,0,32,0.06676281733171938,0.0,45.285714285714285,167.39,0.7457618287631443,nan,1.3039212226867676,nan,4.090982666874295,0.0,4.090982666874295,8.881784197001252e-16,1.6649999999999998,0.9386716159071476,nan
trust-aware,scale,fashion_mnist,42,500,300,1.1,2.0,0.05,iid,1.0,50,92,4.136963102650078,0.7962869808077813,0.5813908648490905,0.9969816315680977,0.026465366340496323,nan,1000.0,0.9940366502866502,1.0,50559,662,0,73,0.05352788003392262,0.0,60.18181818181818,168.53,0.5001195614988153,nan,0.9208217046477578,nan,4.136963102650078,0.0,4.136963102650078,0.0,1.6800000000000002,0.93804591148177,nan
trust-aware,scale,fashion_mnist,42,500,300,1.1,2.0,0.05,iid,1.0,50,93,4.183909721536838,0.796400480568409,0.5827016311883927,0.9937249980390619,0.02656116878444498,nan,1000.0,0.9879765395894428,1.0,50319,421,0,94,0.045614412244953,0.0,38.27272727272727,167.73,0.40974256125363434,nan,0.7334454709833319,nan,4.183909721536837,0.0,4.183909721536837,8.881784197001252e-16,1.695,0.9373256007540421,nan
trust-aware,scale,fashion_mnist,42,500,300,1.1,2.0,0.05,iid,1.0,50,94,4.231848489478358,0.7964454773068428,0.5825374519824982,1.0,0.027261959802773263,nan,1000.0,1.0,1.0,50357,457,0,50,0.04660523484057885,0.0,50.77777777777778,167.85666666666665,0.4181631604830424,nan,0.8012642727957832,nan,4.2318484894783595,0.0,4.2318484894783595,1.7763568394002505e-15,1.71,0.9368542795859849,nan
trust-aware,scale,fashion_mnist,42,500,300,1.1,2.0,0.05,iid,1.0,50,95,4.28080652274961,0.7960029795765877,0.5842543762922286,1.0,0.033684979785572396,nan,1000.0,1.0,1.0,50402,502,0,88,0.04646526844470349,0.0,45.63636363636363,168.00666666666666,0.43002449111504987,nan,0.7498617497357455,nan,4.280806522749609,0.0,4.280806522749609,8.881784197001252e-16,1.7249999999999999,0.9360626004526512,nan
trust-aware,scale,fashion_mnist,42,500,300,1.1,2.0,0.05,iid,1.0,50,96,4.330812152917754,0.7965389803051949,0.5821726575493813,1.0,0.028059239898409163,nan,1000.0,1.0,1.0,50264,364,0,34,0.045190687202418575,0.0,52.0,167.54666666666665,0.5428263076714107,nan,0.9982269746916634,nan,4.330812152917753,0.0,4.330812152917753,8.881784197001252e-16,1.7400000000000002,0.935751872278559,nan
trust-aware,scale,fashion_mnist,42,500,300,1.1,2.0,0.05,iid,1.0,50,97,4.381894995878737,0.7967049807310105,0.5820741364359856,1.0,0.029047223524405405,nan,1000.0,1.0,1.0,50630,730,0,110,0.04777440982172344,0.0,56.15384615384615,168.76666666666668,0.42676737675300014,nan,0.7486668320802542,nan,4.381894995878738,0.0,4.381894995878738,8.881784197001252e-16,1.7550000000000001,0.9348169016249404,nan
trust-aware,scale,fashion_mnist,42,500,300,1.1,2.0,0.05,iid,1.0,50,98,4.434086025233358,0.7969539785385131,0.5820156806707382,1.0,0.025065948069095612,nan,1000.0,1.0,1.0,50077,177,0,18,0.04155055480187999,0.0,35.4,166.92333333333335,0.5199229001998902,nan,1.0279516458511353,nan,4.434086025233357,0.0,4.434086025233357,8.881784197001252e-16,1.77,0.9346641506654099,nan
trust-aware,scale,fashion_mnist,42,500,300,1.1,2.0,0.05,iid,1.0,50,99,4.4874176502831755,0.797156480550766,0.5823492872714996,1.0,0.024892877088859677,nan,1000.0,1.0,1.0,50356,456,0,32,0.04451244480197715,0.0,57.0,167.85333333333332,0.5337034091353416,nan,1.0606186166405678,nan,4.487417650283176,0.0,4.487417650283176,8.881784197001252e-16,1.785,0.9343808119718432,nan
trust-aware,scale,fashion_mnist,42,500,300,1.1,2.0,0.05,iid,1.0,50,100,4.5419237989440235,0.7970799785852433,0.5821234422922135,0.9980769230769231,0.025880150962620974,nan,1000.0,0.9962121212121212,1.0,50173,274,0,51,0.05253633470578849,0.0,34.25,167.24333333333334,0.4881242960691452,nan,0.9334634616971016,nan,4.541923798944024,0.0,4.541923798944024,8.881784197001252e-16,1.7999999999999998,0.9339611492267875,nan
trust-aware,scale,fashion_mnist,42,500,300,1.1,2.0,0.05,iid,1.0,50,101,4.597640005893232,0.7972934797406197,0.5828554925322532,1.0,0.026225724774930213,nan,1000.0,1.0,1.0,50275,375,0,58,0.04042608914027158,0.0,41.666666666666664,167.58333333333334,0.4113302032152812,nan,0.7291297449005975,nan,4.597640005893233,0.0,4.597640005893233,8.881784197001252e-16,1.8150000000000002,0.9334478158414092,nan
trust-aware,scale,fashion_mnist,42,500,300,1.1,2.0,0.05,iid,1.0,50,102,4.65460350628586,0.7970734804868698,0.5831260046362877,0.9933283914010378,0.026436454989016055,nan,1000.0,0.9872222222222222,1.0,50354,456,0,68,0.038938487363399325,0.0,45.6,167.84666666666666,0.3687708407640457,nan,0.6684124171733856,nan,4.654603506285859,0.0,4.654603506285859,8.881784197001252e-16,1.83,0.9328323566881014,nan
trust-aware,scale,fashion_mnist,42,500,300,1.1,2.0,0.05,iid,1.0,50,103,4.712853335395463,0.7972404813766479,0.583302256166935,1.0,0.029073642877240975,nan,1000.0,1.0,1.0,50599,699,0,90,0.05174612623447456,0.0,58.25,168.66333333333333,0.4951263839999835,nan,0.7948111742734909,nan,4.712853335395464,0.0,4.712853335395464,8.881784197001252e-16,1.845,0.9320057260144139,nan
trust-aware,scale,fashion_mnist,42,500,300,1.1,2.0,0.05,iid,1.0,50,104,4.772430434556013,0.7971699810028077,0.5835733604431153,1.0,0.02563433576789167,nan,1000.0,1.0,1.0,50491,591,0,48,0.04033787877179835,0.0,65.66666666666667,168.30333333333334,0.4606953031486935,nan,0.8525585333506266,nan,4.772430434556013,0.0,4.772430434556013,0.0,1.8599999999999999,0.9316078104226448,nan
trust-aware,scale,fashion_mnist,42,500,300,1.1,2.0,0.05,iid,1.0,50,105,4.833377763803692,0.7973529785871506,0.5833358219265938,1.0,0.02503274893388152,nan,1000.0,1.0,1.0,50079,179,0,10,0.036101237153845785,0.0,44.75,166.93,0.5384013429284096,nan,1.0935573279857635,nan,4.833377763803691,0.0,4.833377763803691,8.881784197001252e-16,1.875,0.9315223004152174,nan
trust-aware,scale,fashion_mnist,42,500,300,1.1,2.0,0.05,iid,1.0,50,106,4.895740421640309,0.7972524765133858,0.5844244793057441,1.0,0.027326633067180712,nan,1000.0,1.0,1.0,50440,540,0,100,0.0382618037201911,0.0,45.0,168.13333333333333,0.3961038589477539,nan,0.6286530792713165,nan,4.89574042164031,0.0,4.89574042164031,8.881784197001252e-16,1.8900000000000001,0.9306831277047474,nan
trust-aware,scale,fashion_mnist,42,500,300,1.1,2.0,0.05,iid,1.0,50,107,4.959565772364041,0.797483979165554,0.5837944445014,0.9899440520815831,0.025283519686623054,nan,1000.0,0.980991230991231,1.0,50346,449,0,95,0.04841101397954068,0.0,40.81818181818182,167.82,0.4037708640098572,nan,0.6469103964892301,nan,4.959565772364042,0.0,4.959565772364042,8.881784197001252e-16,1.905,0.9298569055164455,nan
trust-aware,scale,fashion_mnist,42,500,300,1.1,2.0,0.05,iid,1.0,50,108,5.024903581438015,0.7973534780740738,0.5849916586279869,0.9991341991341992,0.023867357256157056,nan,1000.0,0.9982788296041308,1.0,50431,532,0,17,0.051001744022315554,0.0,76.0,168.10333333333332,0.6139806168419975,nan,1.307442843914032,nan,5.024903581438016,0.0,5.024903581438016,8.881784197001252e-16,1.92,0.9296994136687177,nan
trust-aware,scale,fashion_mnist,42,500,300,1.1,2.0,0.05,iid,1.0,50,109,5.09180615939299,0.7977629801630974,0.5843526077270508,0.9968122937947345,0.026447783038020135,nan,1000.0,0.9936873310234343,1.0,50568,673,0,165,0.04614134711396359,0.0,44.86666666666667,168.56,0.38490009903907774,nan,0.5784794926643372,nan,5.0918061593929895,0.0,5.0918061593929895,8.881784197001252e-16,1.935,0.9282376289195294,nan
trust-aware,scale,fashion_mnist,42,500,300,1.1,2.0,0.05,iid,1.0,50,110,5.16032851478683,0.7976559802889824,0.5847513616085053,1.0,0.02588422754063056,nan,1000.0,1.0,1.0,50644,744,0,104,0.04022863471716621,0.0,57.23076923076923,168.81333333333333,0.3894389799008003,nan,0.6625477121426508,nan,5.160328514786829,0.0,5.160328514786829,8.881784197001252e-16,1.95,0.927388260656033,nan
trust-aware,scale,fashion_mnist,42,500,300,1.1,2.0,0.05,iid,1.0,50,111,5.207853168736674,0.7973084792494773,0.5862631496787071,0.9946637724415501,0.02578580958975686,nan,1000.0,0.989648033126294,1.0,50332,434,0,54,0.04752817217538853,0.0,48.22222222222222,167.77333333333334,0.4447432789537642,nan,0.8528508477740817,nan,5.207853168736674,0.0,5.207853168736674,0.0,1.965,0.9269289116897994,nan
trust-aware,scale,fashion_mnist,42,500,300,1.1,2.0,0.05,iid,1.0,50,112,5.252493593221522,0.7978884801268578,0.5851653343439103,1.0,0.027984522748738527,nan,1000.0,1.0,1.0,50122,222,0,8,0.039446030884663,0.0,55.5,167.07333333333332,0.5817869007587433,nan,1.24849271774292,nan,5.252493593221523,0.0,5.252493593221523,8.881784197001252e-16,1.98,0.9268496097533254,nan
trust-aware,scale,fashion_mnist,42,500,300,1.1,2.0,0.05,iid,1.0,50,113,5.297900042856843,0.7977069780230522,0.5861370477080345,0.9899577614973284,0.026115754205319617,nan,1000.0,0.9806637806637806,1.0,50152,255,0,69,0.04338363590849872,0.0,28.333333333333332,167.17333333333335,0.3749692804283566,nan,0.648473064104716,nan,5.297900042856844,0.0,5.297900042856844,8.881784197001252e-16,1.995,0.9262758171257199,nan
trust-aware,scale,fashion_mnist,42,500,300,1.1,2.0,0.05,iid,1.0,50,114,5.344087390883105,0.7976469823718071,0.5864692193269729,1.0,0.026442396369847385,nan,1000.0,1.0,1.0,50578,678,0,88,0.041893099419232686,0.0,61.63636363636363,168.59333333333333,0.4234620955857364,nan,0.709776602008126,nan,5.3440873908831055,0.0,5.3440873908831055,8.881784197001252e-16,2.01,0.9255572253425747,nan
trust-aware,scale,fashion_mnist,42,500,300,1.1,2.0,0.05,iid,1.0,50,115,5.391070942635641,0.7979749804735183,0.5867680898308754,1.0,0.02660637330263853,nan,1000.0,1.0,1.0,50467,567,0,64,0.03852390291819332,0.0,56.7,168.22333333333333,0.4071346312761307,nan,0.7303386747837066,nan,5.3910709426356425,0.0,5.3910709426356425,1.7763568394002505e-15,2.025,0.9250235202644845,nan
trust-aware,scale,fashion_mnist,42,500,300,1.1,2.0,0.05,iid,1.0,50,116,5.4388664510187725,0.7980224812030792,0.5863607233762741,0.9919611886715081,0.02545836066397337,nan,1000.0,0.9841950497907347,1.0,50447,554,0,129,0.04147642661041484,0.0,42.61538461538461,168.15666666666667,0.3520634862092825,nan,0.5634358800374545,nan,5.438866451018773,0.0,5.438866451018773,8.881784197001252e-16,2.04,0.9239903395904776,nan
trust-aware,scale,fashion_mnist,42,500,300,1.1,2.0,0.05,iid,1.0,50,117,5.48749013258289,0.7979494786262512,0.5871800211071968,0.998689384010485,0.025468204968741963,nan,1000.0,0.9974025974025974,1.0,50319,420,0,23,0.047240564201296756,0.0,60.0,167.73,0.6155483552387783,nan,1.2048563190868922,nan,5.487490132582891,0.0,5.487490132582891,8.881784197001252e-16,2.055,0.9237761018979475,nan
trust-aware,scale,fashion_mnist,42,500,300,1.1,2.0,0.05,iid,1.0,50,118,5.536958684228259,0.7979389795660973,0.5876260340213776,0.9981684981684982,0.025435493593769416,nan,1000.0,0.9964285714285713,1.0,50646,747,0,127,0.03836064425358949,0.0,53.357142857142854,168.82,0.3318289177758353,nan,0.5815515773636954,nan,5.536958684228259,0.0,5.536958684228259,0.0,2.07,0.9227934652781248,nan
trust-aware,scale,fashion_mnist,42,500,300,1.1,2.0,0.05,iid,1.0,50,119,5.5872893005602045,0.7977829787135124,0.5879857212305069,0.9978802806389014,0.025383437717599527,nan,1000.0,0.9958256029684601,1.0,50592,694,0,138,0.039879699312972326,0.0,49.57142857142857,168.64,0.34083637808050427,nan,0.5595149844884872,nan,5.587289300560204,0.0,5.587289300560204,8.881784197001252e-16,2.085,0.9215554064679328,nan
trust-aware,scale,fashion_mnist,42,500,300,1.1,2.0,0.05,iid,1.0,50,120,5.638499691921221,0.7980009800195694,0.5886032101511955,1.0,0.02503496652039198,nan,1000.0,1.0,1.0,50547,647,0,122,0.03619243797453991,0.0,49.76923076923077,168.49,0.37867283821105957,nan,0.5650607599661901,nan,5.63849969192122,0.0,5.63849969192122,8.881784197001252e-16,2.1,0.9206380833583772,nan
trust-aware,scale,fashion_mnist,42,500,300,1.1,2.0,0.05,iid,1.0,50,121,5.690608103126535,0.7980774798989296,0.588660396039486,0.9956533776301217,0.02508546393364668,nan,1000.0,0.9915649867374006,1.0,50391,494,0,63,0.03596012851684263,0.0,49.4,167.97,0.37528056204319,nan,0.6928685963153839,nan,5.690608103126535,0.0,5.690608103126535,0.0,2.115,0.9202239782081402,nan
trust-aware,scale,fashion_mnist,42,500,300,1.1,2.0,0.05,iid,1.0,50,122,5.743633332930533,0.798053483068943,0.5892318841814995,0.9800000000000001,0.023933179304003717,nan,1000.0,0.9666666666666666,1.0,50421,522,0,61,0.04498585127590484,0.0,52.2,168.07,0.4293552339076996,nan,0.8116875350475311,nan,5.743633332930534,0.0,5.743633332930534,8.881784197001252e-16,2.13,0.9196940295463184,nan
trust-aware,scale,fashion_mnist,42,500,300,1.1,2.0,0.05,iid,1.0,50,123,5.797594754252546,0.7978589782118797,0.5898678800463677,1.0,0.022829627618193626,nan,1000.0,1.0,1.0,50213,313,0,26,0.033434843457419296,0.0,52.166666666666664,167.37666666666667,0.40342293679714203,nan,0.774922380844752,nan,5.797594754252544,0.0,5.797594754252544,1.7763568394002505e-15,2.145,0.9195059056597632,nan
trust-aware,scale,fashion_mnist,42,500,300,1.1,2.0,0.05,iid,1.0,50,124,5.852512335191406,0.7981744784116745,0.5899468958377838,1.0,0.026737734941499575,nan,1000.0,1.0,1.0,50282,382,0,30,0.037365200919087606,0.0,54.57142857142857,167.60666666666665,0.4172687530517578,nan,0.8149241294179644,nan,5.852512335191407,0.0,5.852512335191407,8.881784197001252e-16,2.16,0.9192467751441931,nan
trust-aware,scale,fashion_mnist,42,500,300,1.1,2.0,0.05,iid,1.0,50,125,5.908406660859312,0.7978839775919915,0.5909218895435333,1.0,0.025886075757443904,nan,1000.0,1.0,1.0,50513,613,0,48,0.036197699601374256,0.0,61.3,168.37666666666667,0.4521103709936142,nan,0.8540367424488068,nan,5.9084066608593115,0.0,5.9084066608593115,8.881784197001252e-16,2.175,0.9188344481368133,nan
trust-aware,scale,fashion_mnist,42,500,300,1.1,2.0,0.05,iid,1.0,50,126,5.9652989560665395,0.798125978410244,0.5907067942619324,1.0,0.024742930329271724,nan,1000.0,1.0,1.0,50222,322,0,36,0.04067536009524166,0.0,46.0,167.40666666666667,0.4121385727609907,nan,0.8011547582490104,nan,5.965298956066539,0.0,5.965298956066539,8.881784197001252e-16,2.19,0.9185159618951425,nan
trust-aware,scale,fashion_mnist,42,500,300,1.1,2.0,0.05,iid,1.0,50,127,6.023211108889667,0.7979419779777527,0.5917665001749992,0.9944330949948927,0.026351999322121792,nan,1000.0,0.9893217893217894,1.0,50497,600,0,71,0.04023298631511036,0.0,54.54545454545455,168.32333333333332,0.4165083007379012,nan,0.7225885228677229,nan,6.023211108889668,0.0,6.023211108889668,8.881784197001252e-16,2.205,0.9178944971064994,nan
trust-aware,scale,fashion_mnist,42,500,300,1.1,2.0,0.05,iid,1.0,50,128,6.0821656951570935,0.7983264788985253,0.5916635462641716,1.0,0.023239737004041673,nan,1000.0,1.0,1.0,50345,445,0,70,0.0350155872318396,0.0,44.5,167.81666666666666,0.38767048716545105,nan,0.6344279229640961,nan,6.0821656951570935,0.0,6.0821656951570935,0.0,2.22,0.9172527627943152,nan
trust-aware,scale,fashion_mnist,42,500,300,1.1,2.0,0.05,iid,1.0,50,129,6.142186003886753,0.7979414793848991,0.5927114552259445,1.0,0.024276636202226986,nan,1000.0,1.0,1.0,50439,539,0,82,0.03383526654399426,0.0,49.0,168.13,0.3385433961044658,nan,0.574743081222881,nan,6.142186003886752,0.0,6.142186003886752,8.881784197001252e-16,2.235,0.916498317023707,nan
trust-aware,scale,fashion_mnist,42,500,300,1.1,2.0,0.05,iid,1.0,50,130,6.203296063712107,0.7984434822201729,0.5923044997453689,1.0,0.025265443449219067,nan,1000.0,1.0,1.0,50323,423,0,54,0.03229428856759761,0.0,47.0,167.74333333333334,0.33272915416293675,nan,0.5983633332782321,nan,6.2032960637121075,0.0,6.2032960637121075,8.881784197001252e-16,2.25,0.9160733224361028,nan
trust-aware,scale,fashion_mnist,42,500,300,1.1,2.0,0.05,iid,1.0,50,131,6.26552067033368,0.798324479162693,0.5930990707874298,1.0,0.022214969620108604,nan,1000.0,1.0,1.0,50106,206,0,18,0.03199998297603844,0.0,41.2,167.02,0.4058012843132019,nan,0.7881028771400451,nan,6.2655206703336805,0.0,6.2655206703336805,8.881784197001252e-16,2.265,0.9159208445663937,nan
trust-aware,scale,fashion_mnist,42,500,300,1.1,2.0,0.05,iid,1.0,50,132,6.328885415034608,0.7981699788570404,0.5933404922485351,1.0,0.023744240270129273,nan,1000.0,1.0,1.0,50461,561,0,158,0.03347110594710961,0.0,40.07142857142857,168.20333333333335,0.31354535477502005,nan,0.4527778668063028,nan,6.328885415034606,0.0,6.328885415034606,1.7763568394002505e-15,2.2800000000000002,0.9146437164339712,nan
trust-aware,scale,fashion_mnist,42,500,300,1.1,2.0,0.05,iid,1.0,50,133,6.393416714299886,0.7980299785733223,0.5944476908445359,0.9955140186915888,0.02691665715114637,nan,1000.0,0.9913234913234913,1.0,50411,513,0,82,0.034942305189920427,0.0,46.63636363636363,168.03666666666666,0.32668469981713727,nan,0.6048975776542317,nan,6.393416714299888,0.0,6.393416714299888,1.7763568394002505e-15,2.295,0.9140387698137046,nan
trust-aware,scale,fashion_mnist,42,500,300,1.1,2.0,0.05,iid,1.0,50,134,6.459141840580268,0.7983414790034294,0.5945241150259971,1.0,0.024125565050376788,nan,1000.0,1.0,1.0,50376,476,0,52,0.03490050454795968,0.0,52.888888888888886,167.92,0.3331618640157912,nan,0.6535149878925748,nan,6.459141840580269,0.0,6.459141840580269,8.881784197001252e-16,2.31,0.913627668808019,nan
trust-aware,scale,fashion_mnist,42,500,300,1.1,2.0,0.05,iid,1.0,50,135,6.526088954243005,0.798476979136467,0.5947193336486817,1.0,0.024762052365324715,nan,1000.0,1.0,1.0,50298,398,0,94,0.031004765418751343,0.0,36.18181818181818,167.66,0.29996606978503143,nan,0.5308706137267026,nan,6.526088954243007,0.0,6.526088954243007,1.7763568394002505e-15,2.3249999999999997,0.9129463843287997,nan
trust-aware,scale,fashion_mnist,42,500,300,1.1,2.0,0.05,iid,1.0,50,136,6.594287136752883,0.7983864793181419,0.5950201609730721,1.0,0.023241475224494934,nan,1000.0,1.0,1.0,50250,350,0,16,0.03130029565649128,0.0,58.333333333333336,167.5,0.4304625441630681,nan,0.9009458323319753,nan,6.594287136752883,0.0,6.594287136752883,0.0,2.3400000000000003,0.9128009476474386,nan
trust-aware,scale,fashion_mnist,42,500,300,1.1,2.0,0.05,iid,1.0,50,137,6.663766425128326,0.7983159816265106,0.5955882042646408,0.9947368421052631,0.024449934624135493,nan,1000.0,0.99,1.0,50490,591,0,61,0.031905438326720714,0.0,59.1,168.3,0.36979074478149415,nan,0.6596130311489106,nan,6.663766425128329,0.0,6.663766425128329,2.6645352591003757e-15,2.355,0.9124787702800151,nan
trust-aware,scale,fashion_mnist,42,500,300,1.1,2.0,0.05,iid,1.0,50,138,6.734557847718581,0.7983434784412384,0.5962255293130875,1.0,0.02443941454920504,nan,1000.0,1.0,1.0,50462,562,0,42,0.03183905262367501,0.0,62.44444444444444,168.20666666666668,0.38694914513164097,nan,0.7462104625172086,nan,6.734557847718581,0.0,6.734557847718581,0.0,2.37,0.9121715177622721,nan
trust-aware,scale,fashion_mnist,42,500,300,1.1,2.0,0.05,iid,1.0,50,139,6.80669346134933,0.7983139801025391,0.5968817377090454,0.9941666238171588,0.022607863259812195,nan,1000.0,0.9887440068891681,1.0,50499,602,0,91,0.0352018428222742,0.0,50.166666666666664,168.33,0.34843816856543225,nan,0.6099750200907389,nan,6.8066934613493295,0.0,6.8066934613493295,8.881784197001252e-16,2.385,0.9115272245643837,nan
trust-aware,scale,fashion_mnist,42,500,300,1.1,2.0,0.05,iid,1.0,50,140,6.880206389885328,0.798283980190754,0.5977528703212738,1.0,0.025259075919166207,nan,1000.0,1.0,1.0,50498,598,0,32,0.029749341127375945,0.0,74.75,168.32666666666665,0.4154352657496929,nan,0.8046765550971031,nan,6.88020638988533,0.0,6.88020638988533,1.7763568394002505e-15,2.4,0.9112642463829093,nan
trust-aware,scale,fashion_mnist,42,500,300,1.1,2.0,0.05,iid,1.0,50,141,6.95513086425999,0.7983349785208702,0.5976730978488922,1.0,0.025470975941667955,nan,1000.0,1.0,1.0,50196,296,0,128,0.03141276123824313,0.0,24.666666666666668,167.32,0.29003534217675525,nan,0.44692347943782806,nan,6.955130864259989,0.0,6.955130864259989,8.881784197001252e-16,2.415,0.9101550076786012,nan
trust-aware,scale,fashion_mnist,42,500,300,1.1,2.0,0.05,iid,1.0,50,142,7.031502264023105,0.7980879789590836,0.5986579743027687,1.0,0.025879199749657085,nan,1000.0,1.0,1.0,50157,257,0,38,0.03115215071265202,0.0,36.714285714285715,167.19,0.3226523058755057,nan,0.616434667791639,nan,7.031502264023104,0.0,7.031502264023104,8.881784197001252e-16,2.43,0.9098184835248342,nan
trust-aware,scale,fashion_mnist,42,500,300,1.1,2.0,0.05,iid,1.0,50,143,7.109357160459109,0.7983699804544448,0.5989208880066872,1.0,0.021943693980574608,nan,1000.0,1.0,1.0,50399,499,0,70,0.03085636890982949,0.0,49.9,167.99666666666667,0.3788484901189804,nan,0.5578279376029969,nan,7.10935716045911,0.0,7.10935716045911,8.881784197001252e-16,2.445,0.9092426063861303,nan
trust-aware,scale,fashion_mnist,42,500,300,1.1,2.0,0.05,iid,1.0,50,144,7.188733361329623,0.7984059804677963,0.5996212315559387,1.0,0.022602858554039682,nan,1000.0,1.0,1.0,50287,387,0,38,0.03303461242315659,0.0,55.285714285714285,167.62333333333333,0.37922434721674236,nan,0.6841755339077541,nan,7.188733361329623,0.0,7.188733361329623,0.0,2.4599999999999995,0.9089569577755706,nan
trust-aware,scale,fashion_mnist,42,500,300,1.1,2.0,0.05,iid,1.0,50,145,7.269669957295138,0.7982749804854393,0.6000462621450424,0.9986013986013986,0.02393403175202283,nan,1000.0,0.9972451790633609,1.0,50424,525,0,89,0.029904083390158362,0.0,47.72727272727273,168.08,0.30114302987402136,nan,0.5023018338463523,nan,7.269669957295137,0.0,7.269669957295137,8.881784197001252e-16,2.475,0.9082903075968396,nan
trust-aware,scale,fashion_mnist,42,500,300,1.1,2.0,0.05,iid,1.0,50,146,7.352207370071938,0.7982029810547828,0.6009032720327377,1.0,0.022824957120147617,nan,1000.0,1.0,1.0,50542,642,0,66,0.0312579875075445,0.0,58.36363636363637,168.47333333333333,0.3542149635878476,nan,0.6036183671517805,nan,7.352207370071938,0.0,7.352207370071938,0.0,2.49,0.9077546255378859,nan
trust-aware,scale,fashion_mnist,42,500,300,1.1,2.0,0.05,iid,1.0,50,147,7.436387402381476,0.7984114784002304,0.6008093586564064,0.9955555555555555,0.022776214530070622,nan,1000.0,0.9916666666666667,1.0,50690,791,0,151,0.030564777083123384,0.0,52.733333333333334,168.96666666666667,0.28789688646793365,nan,0.45557666222254434,nan,7.436387402381474,0.0,7.436387402381474,2.6645352591003757e-15,2.5050000000000003,0.9064639214607376,nan
trust-aware,scale,fashion_mnist,42,500,300,1.1,2.0,0.05,iid,1.0,50,148,7.522253289750495,0.7982744807004929,0.6019056430459022,1.0,0.023654401861131193,nan,1000.0,1.0,1.0,50634,734,0,50,0.03397997757111419,0.0,73.4,168.78,0.3942143887281418,nan,0.7518728494644165,nan,7.522253289750495,0.0,7.522253289750495,0.0,2.52,0.9061125687167331,nan
trust-aware,scale,fashion_mnist,42,500,300,1.1,2.0,0.05,iid,1.0,50,149,7.609849754221228,0.7983369785547256,0.6020802342891693,1.0,0.02396813179883692,nan,1000.0,1.0,1.0,50299,399,0,58,0.02951964590311175,0.0,44.333333333333336,167.66333333333333,0.305869374010298,nan,0.5728354189130995,nan,7.609849754221229,0.0,7.609849754221229,8.881784197001252e-16,2.5349999999999997,0.9056652942878199,nan
