algorithm,attack_type,dataset,seed,n_nodes,n_attackers,noise_mult,clip_bound,sampling_rate,split_mode,dirichlet_alpha,start_round,round,epsilon,accuracy,test_loss,f1_score,mean_update_norm_honest,mean_update_norm_attacker,best_alpha,precision,recall,total_tp_all,total_fp_all,total_fn_all,total_tn_all,krum_score_honest,krum_score_attacker,n_dp_norm_honest,n_dp_norm_attacker,sigma_n_honest,sigma_n_attacker,nsr_honest,nsr_attacker,sigma_dp_honest,sigma_dp_attacker,eps_n_honest,eps_n_attacker,trust_honest,trust_attacker,noise_norm_honest,noise_norm_attacker,eps_avg,eps_std,avg_trust,avg_sigma_dp_precap,avg_n_dp_norm_postcap,avg_nsr
noise-game,scale,mnist,42,500,200,1.1,1.0,0.05,iid,1.0,50,0,1.9060445256894678,0.3748349894583225,2.105045402844747,nan,9.638195582798549,9.642049570083618,1000.0,0.0,nan,0,30595,0,205,182.17640904017858,181.4275517272949,225.45499093191964,225.54495796203614,1.0,1.0,1288.099957924811,1288.9794921870032,1.0,1.0,0.04447437226608758,1.9060445256894676,1.0,1.0,225.45499093191964,225.54495796203614,0.7891024336354395,0.9388193239754351,1.0,1.0,93.37435305786133,533.6251962857486
noise-game,scale,mnist,42,500,200,1.1,1.0,0.05,iid,1.0,50,1,1.9631889686101893,0.5341879873226086,1.906846787929535,nan,8.922773092985153,4.396735819578171,1000.0,0.0,nan,0,30955,0,213,44.787100076675415,21.460747356414796,238.23864364624023,349.72305335998533,1.057514219493227,1.5501132216780649,1230.347050634679,1247.11815660104,1.057514219493227,1.5501132216780649,0.1347783422908258,1.9127253158575162,0.9318575859069824,0.4343078814446926,238.23864364624023,349.72305335998533,0.8459571317175019,0.950516437620285,0.4711634151085659,1.5136244067014102,147.51285794067383,538.2183682607257
noise-game,scale,mnist,42,500,200,1.1,1.0,0.05,iid,1.0,50,2,2.012594620132423,0.6195296514034271,1.7054102897644043,nan,9.417485237121582,9.056104202270507,1000.0,0.0,nan,0,31093,0,213,136.05662282307944,82.79099815368653,222.8081512451172,244.86776512145997,0.987851595057608,1.0857011499249858,1190.6327810297798,911.5747391864212,0.987851595057608,1.0857011499249858,0.2267078618601272,1.9570380191810564,0.9921924789746602,0.8923662319779396,222.8081512451172,244.86776512145997,0.9188399247884989,0.9757985624782425,0.8993308538614317,1.0788744367947039,104.6313505859375,400.3488791054619
noise-game,scale,mnist,42,500,200,1.1,1.0,0.05,iid,1.0,50,3,2.038850908201703,0.6685826490322749,1.5161182963848114,nan,8.943098497390746,8.665536551475524,1000.0,0.0,nan,0,31166,0,216,86.02460613250733,82.93705116271973,229.39739151000975,250.96621223449708,1.0168606626987167,1.1123430467617192,1245.9473577606184,743.0912252056388,1.0168606626987167,1.1123430467617192,0.3471125655418336,1.9935690523035767,0.9521713197231293,0.8537810641527176,229.39739151000975,250.96621223449708,1.005695160246531,0.9938582013684886,0.8627256328409368,1.103662830028719,109.56238055419922,347.07438439268026
noise-game,scale,mnist,42,500,200,1.1,1.0,0.05,iid,1.0,50,4,2.1057887666629798,0.7130283172925314,1.333202037413915,nan,8.949972867965698,8.621573808193206,1000.0,0.0,nan,0,31001,0,207,103.0387796674456,95.52452785491943,224.08041054861886,249.50745826721192,0.9943825460477393,1.1054457839527816,1299.8021067521222,667.6132536000123,0.9943825460477393,1.1054457839527816,0.4359650486087468,2.030345237082571,0.9650359324046544,0.8494401177763939,224.08041054861886,249.50745826721192,1.0737171239982763,1.0074354064691495,0.8570024607894576,1.0981799646505825,106.0772348022461,303.43976042906434
noise-game,scale,mnist,42,500,200,1.1,1.0,0.05,iid,1.0,50,5,2.2404859576315244,0.7492119810978571,1.1722730310757954,nan,7.976342307196723,8.980127158164978,1000.0,0.0,nan,0,30662,0,204,90.64222632514105,109.50160713195801,246.83029513888889,239.36569007873535,1.094643143107236,1.0608322714320442,1361.0162642642633,609.3521626675105,1.094643143107236,1.0608322714320442,0.47118097436240686,2.0932756761024205,0.8492333028051589,0.884777694940567,246.83029513888889,239.36569007873535,1.1200188550584123,1.0307025173175985,0.8832470751835398,1.0622882419826505,100.18922134399413,268.2391578237609
noise-game,scale,mnist,42,500,200,1.1,1.0,0.05,iid,1.0,50,6,2.294159836175253,0.7685143141945203,1.0506357177098593,nan,8.401446628570557,8.829095780849457,1000.0,0.0,nan,0,30962,0,210,87.76872049967447,87.46407176971435,232.08733011881512,240.09795989990235,1.0277144743794295,1.0642904195936418,1604.233141751035,570.2810506107412,1.0277144743794295,1.0642904195936418,0.5503157766048972,2.1522659665080006,0.9087352116902669,0.8698975363373757,232.08733011881512,240.09795989990235,1.1910958525661386,1.0492518818885825,0.8726071415945541,1.0617386094624177,103.0018038635254,276.2394144968275
noise-game,scale,mnist,42,500,200,1.1,1.0,0.05,iid,1.0,50,7,2.4570752712641237,0.7800189811984698,0.960305001338323,nan,8.38944403330485,9.05519655227661,1000.0,0.0,nan,0,30837,0,211,96.19483354356554,88.34402263641357,227.30086517333984,233.00002670288086,1.0070508421277844,1.032927484042618,1749.363782093412,526.8893524481529,1.0070508421277844,1.032927484042618,0.6537349738614023,2.2471879795523453,0.9199297328790029,0.8921768227219582,227.30086517333984,233.00002670288086,1.2911161761377796,1.0763813766563028,0.8944683474138242,1.03079088058176,101.38284182739258,273.732837134624
noise-game,scale,mnist,42,500,200,1.1,1.0,0.05,iid,1.0,50,8,2.51581043018604,0.7890449806054434,0.8860349150498709,nan,7.71230003108149,9.317556538581847,1000.0,0.0,nan,0,31696,0,218,51.21329697318699,87.34385478973388,241.5307915729025,225.2172745513916,1.0703854554079946,0.9987816845422478,1929.3116411061733,476.2276635691851,1.0703854554079946,0.9987816845422478,0.7537984772281006,2.3890504596748086,0.8404652787291486,0.9180327177047729,241.5307915729025,225.2172745513916,1.4078992702067838,1.1159369556531864,0.9100324885727579,1.0061668268288493,101.19732623291016,279.23940091855803
noise-game,scale,mnist,42,500,200,1.1,1.0,0.05,iid,1.0,50,9,2.5543035050611174,0.7996489794055621,0.8215890171130499,nan,7.476904233296712,8.768368465900421,1000.0,0.0,nan,0,31526,0,212,72.77425723605685,83.52108119964599,245.56448449028863,234.1709464263916,1.089300826393898,1.0382949859323916,2221.9432003350253,470.72342199981284,1.089300826393898,1.0382949859323916,0.8168434021158445,2.4500504377022723,0.808115048540963,0.863924327492714,245.56448449028863,234.1709464263916,1.4701262163504156,1.1281952846109344,0.8593162218911932,1.0425064773466444,102.50870001220703,268.27932401198603
noise-game,scale,mnist,42,500,200,1.1,1.0,0.05,iid,1.0,50,10,2.58750761951258,0.8054559797048568,0.7747415826718013,nan,8.191042799698678,8.879091224670411,1000.0,0.0,nan,0,31821,0,213,87.03490528307464,89.47778966903687,222.3204016434519,229.60465980529784,0.984961208372211,1.0180912906884765,2245.979245739514,452.9694439284886,0.984961208372211,1.0180912906884765,0.921682265649907,2.502667076578382,0.9114495170743842,0.8748351135849952,222.3204016434519,229.60465980529784,1.554076190021297,1.1287391704338452,0.8780117056685496,1.0152169913094398,100.29003918457032,266.53498890949703
noise-game,scale,mnist,42,500,200,1.1,1.0,0.05,iid,1.0,50,11,2.636140239867024,0.8117473140358925,0.7352044246594112,nan,7.610595067342122,8.626913599967956,1000.0,0.0,nan,0,31467,0,213,58.88208431667752,88.98880611419678,234.64406077067056,232.41116088867187,1.0402303348149833,1.0302234895964955,2357.7235228912327,444.7404702737123,1.0402303348149833,1.0302234895964955,0.9875127143093695,2.538309602301951,0.8388136890199449,0.849984110891819,234.64406077067056,232.41116088867187,1.607831469506402,1.1280377683878435,0.8490617824803799,1.0310497428714165,101.41165054321289,262.77423493356935
noise-game,scale,mnist,42,500,200,1.1,1.0,0.05,iid,1.0,50,12,2.6697122292654334,0.8193156468868256,0.6960118752717972,nan,7.7148284045132725,8.608084890842438,1000.0,0.0,nan,0,30495,0,205,83.10390333695845,93.27917514801025,229.62879111550072,230.37831161499022,1.018964141627559,1.0216185776285271,2629.6890307159915,438.1562001295472,1.018964141627559,1.0216185776285271,1.0287838589028586,2.57493398604458,0.8511211384426464,0.8481282702088356,229.62879111550072,230.37831161499022,1.647243909759547,1.1312730015254606,0.8482842965148637,1.0214801947090455,97.20315805053711,233.1156387275707
noise-game,scale,mnist,42,500,200,1.1,1.0,0.05,iid,1.0,50,13,2.7115002918033904,0.8218329791227976,0.6732055761416753,nan,7.118624687194824,8.464219121932983,1000.0,0.0,nan,0,30763,0,213,58.37517009061926,82.2527598953247,239.73987085679,231.06872581481935,1.0632685947937375,1.0238971765140918,2782.615533268419,431.113442710134,1.0632685947937375,1.0238971765140918,1.0788965415398972,2.6081206437124553,0.7891195451512056,0.8339568337798119,239.73987085679,231.06872581481935,1.6905861824089201,1.1308655854322496,0.8304442351314879,1.026981573337843,100.57864593505859,267.0543052151798
noise-game,scale,mnist,42,500,200,1.1,1.0,0.05,iid,1.0,50,14,2.7495142601296347,0.8274106442928314,0.6472120589017868,nan,7.883972644805908,8.348395128250122,1000.0,0.0,nan,0,30427,0,205,91.6689944797092,79.96365615844726,222.72107781304254,230.85821334838866,0.9852187981635796,1.0236351136324595,2979.5625349693155,423.1627662909382,0.9852187981635796,1.0236351136324595,1.1139255669339108,2.64038740640584,0.8667286303308275,0.8225393491983414,222.72107781304254,230.85821334838866,1.7245103027226825,1.1336597636166104,0.8244422369026111,1.0219808225357137,96.35226473999023,222.89723214582295
noise-game,scale,mnist,42,500,200,1.1,1.0,0.05,iid,1.0,50,15,2.8219615918765286,0.8281779789924621,0.6317119397719702,nan,7.12841260433197,8.321346504688263,1000.0,0.0,nan,0,31038,0,212,60.04574394226074,71.74607429504394,233.16284370422363,229.14225410461427,1.0352640783306097,1.0157409123202432,3113.2763332688355,415.6579533004741,1.0352640783306097,1.0157409123202432,1.1665525394377008,2.6751175884588485,0.7971947435289621,0.8198774263262749,233.16284370422363,229.14225410461427,1.7699785590461596,1.1325039299862698,0.818197227600548,1.0171870727654555,99.11811264038086,265.88802398479237
noise-game,scale,mnist,42,500,200,1.1,1.0,0.05,iid,1.0,50,16,2.9091092106039333,0.8331606459617614,0.608301324446996,nan,7.578159418973056,8.502374022006988,1000.0,0.0,nan,0,30795,0,207,85.18977841463956,91.03212215423584,225.87638161399147,223.43532524108886,1.0002127435958044,0.9904275184242027,3357.8212461419666,396.32487691064523,1.0002127435958044,0.9904275184242027,1.1948110243662506,2.719747112864983,0.8262394720857794,0.8377225401997567,225.87638161399147,223.43532524108886,1.8047854597657436,1.1406369506448162,0.8371238968383644,0.990937648646419,94.34341049194336,232.40201817938134
noise-game,scale,mnist,42,500,200,1.1,1.0,0.05,iid,1.0,50,17,2.9774005181793317,0.8342289779583613,0.5951727006832759,nan,6.82299642264843,8.394410929679871,1000.0,0.0,nan,0,30844,0,210,47.204912424087524,55.87073820114136,230.35662078857422,223.22689849853515,1.0202877833011992,0.9895542751284016,3670.681388020963,383.04953018139537,1.0202877833011992,0.9895542751284016,1.2654314819782126,2.7665949628582838,0.790647940710187,0.8270765170454979,230.35662078857422,223.22689849853515,1.865896874330241,1.1367342601137271,0.824378103983623,0.9918308312893495,96.66217126464844,270.681616489229
noise-game,scale,mnist,42,500,200,1.1,1.0,0.05,iid,1.0,50,18,3.0526594555941986,0.8361593121290207,0.5838218063116074,nan,6.974225103855133,8.202526443004608,1000.0,0.0,nan,0,30647,0,211,50.72241961956024,59.68453872680664,226.960467338562,224.55615631103515,1.0067592601148876,0.9955118567464839,3859.8937513852416,388.69212864664684,1.0067592601148876,0.9955118567464839,1.3297314427386597,2.8110194798894304,0.7946903333067894,0.8081559199094772,226.960467338562,224.55615631103515,1.9222466575989683,1.1329130912836158,0.8071584690500189,0.996344997736736,97.08519747924805,278.9934515029865
noise-game,scale,mnist,42,500,200,1.1,1.0,0.05,iid,1.0,50,19,3.1136540956737973,0.8387919785579045,0.5708295505245526,nan,7.377464077689431,8.100784401893616,1000.0,0.0,nan,0,30811,0,209,64.79793132435192,59.989241981506346,213.43492403897372,224.1719821166992,0.9460051723437424,0.9938906474303676,3884.619130200869,387.7445975569282,0.9460051723437424,0.9938906474303676,1.3774534703019903,2.8550935047207737,0.8560436259616505,0.7981381344795228,213.43492403897372,224.1719821166992,1.9685094840695034,1.1336511077238156,0.8011569041776431,0.9913942482552355,94.36436117553711,240.55945988719043
noise-game,scale,mnist,42,500,200,1.1,1.0,0.05,iid,1.0,50,20,3.186543171026707,0.8404419811566671,0.5598620750506719,nan,6.325213305155436,8.165436651706695,1000.0,0.0,nan,0,30522,0,210,36.16399129231771,78.48975940704345,232.96789957682293,220.75400871276855,1.0339804741564458,0.9787839350746317,3896.7727000749173,373.3212751491561,1.0339804741564458,0.9787839350746317,1.4248826421044105,2.9055208987776133,0.7370933969815572,0.8045106020569801,232.96789957682293,220.75400871276855,2.0171379447736917,1.1352590039297987,0.7998070761214855,0.9826348564059212,95.29064047241211,266.23169106190994
noise-game,scale,mnist,42,500,200,1.1,1.0,0.05,iid,1.0,50,21,3.2863354918513092,0.8420856453975042,0.5504746279120445,nan,6.741170644760132,8.00828021287918,1000.0,0.0,nan,0,30601,0,209,55.054307301839195,62.29166599273682,227.35602060953775,221.4342877960205,1.0081792349077237,0.9815971953920886,4162.813690308522,364.64509139410546,1.0081792349077237,0.9815971953920886,1.4572570835336243,2.95640408387286,0.7562313973903656,0.7890250763297081,227.35602060953775,221.4342877960205,2.0569158836693187,1.143058440204492,0.7871688303520095,0.9831018391382566,94.0302596130371,245.76556512504678
noise-game,scale,mnist,42,500,200,1.1,1.0,0.05,iid,1.0,50,22,3.3898849858767655,0.8417836453517278,0.5477386597792308,nan,6.31098851404692,7.672114219665527,1000.0,0.0,nan,0,31164,0,214,40.2366492622777,41.52860605239868,231.10004063656456,225.20676971435546,1.0246427653932524,0.9983976748397206,4227.719347584795,374.3938019101815,1.0246427653932524,0.9983976748397206,1.508492495568072,2.9993387177321242,0.7232164928787633,0.7559198895096779,231.10004063656456,225.20676971435546,2.1048309844336925,1.1416685380473581,0.7530826085234341,1.0006746461662828,98.86450942993164,310.4108559722948
noise-game,scale,mnist,42,500,200,1.1,1.0,0.05,iid,1.0,50,23,3.523061737290768,0.8435473138093948,0.5406780794262886,nan,7.085177898406982,7.8301313829421995,1000.0,0.0,nan,0,30464,0,210,61.89949710552509,56.3498087310791,209.4572037916917,220.18547981262208,0.9300104385158974,0.9761090193945303,4265.710486811475,369.5661706961674,0.9300104385158974,0.9761090193945303,1.571637145353698,3.0546052167437523,0.8294888528493735,0.7714691784977913,209.4572037916917,220.18547981262208,2.1648243739097195,1.1399281436774358,0.7750102853830991,0.9732954909840973,93.5200792236328,258.7349409355653
noise-game,scale,mnist,42,500,200,1.1,1.0,0.05,iid,1.0,50,24,3.5757434482678474,0.8447456455230713,0.5334239672621092,nan,6.2856265226999914,7.492035992145539,1000.0,0.0,nan,0,30720,0,210,44.688350168863934,49.99222757339478,223.42772318522137,224.01080772399902,0.9911464697272433,0.99259221903772,4649.726137060439,370.2332336914174,0.9911464697272433,0.99259221903772,1.624626516014343,3.0996103797286234,0.7400058925151825,0.738167984932661,223.42772318522137,224.01080772399902,2.2146200615000553,1.1370363892395794,0.7382962110430695,0.9924913528067564,96.30715478515626,287.58507758838016
noise-game,scale,mnist,42,500,200,1.1,1.0,0.05,iid,1.0,50,25,3.6092328086,0.8452929782867432,0.5282622023423513,nan,7.058492342631022,7.36311939239502,1000.0,0.0,nan,0,30650,0,208,70.53488794962566,61.570363216400146,198.32552591959634,223.9616414642334,0.8793734215104342,0.9926038243608261,4485.946364834581,370.60023868130475,0.8793734215104342,0.9926038243608261,1.6997118702534109,3.145901792849569,0.8708621760209402,0.7254714608192444,198.32552591959634,223.9616414642334,2.2781878392918737,1.1261012416050291,0.7337011239438687,0.986194556274955,94.34446920776367,255.90280822855186
noise-game,scale,mnist,42,500,200,1.1,1.0,0.05,iid,1.0,50,26,3.635318278620052,0.8463109793265661,0.5228722579280536,nan,6.641737204331618,7.233895311355591,1000.0,0.0,nan,0,30687,0,207,44.31126183729906,45.87574541091919,211.42330932617188,223.9019812774658,0.9368776449710908,0.992537905823292,4545.962561242332,367.43531871307147,0.9368776449710908,0.992537905823292,1.758264478668248,3.1921191788055063,0.7849351947124188,0.7127477277815342,211.42330932617188,223.9019812774658,2.331806358723151,1.1213060001267763,0.7171535356223863,0.9891408007008573,95.0577985534668,265.1691540775292
noise-game,scale,mnist,42,500,200,1.1,1.0,0.05,iid,1.0,50,27,3.664639826386748,0.8463409795363744,0.5208980046709378,nan,6.398650029126336,7.33645403623581,1000.0,0.0,nan,0,31154,0,214,45.46734753776999,50.085863742828366,218.78620013068704,219.88842010498047,0.9690447169529084,0.9749462315697401,4921.587274259251,361.50857825107965,0.9690447169529084,0.9749462315697401,1.8054130387604819,3.247612565672235,0.730585869620828,0.7228550952672959,218.78620013068704,219.88842010498047,2.382292849525183,1.122296268657591,0.7234607319678029,0.9744839009315552,95.39409884643554,311.9373986252464
noise-game,scale,mnist,42,500,200,1.1,1.0,0.05,iid,1.0,50,28,3.684085488446634,0.8463849784930547,0.5188733481367429,nan,6.235148962806253,7.01851746559143,1000.0,0.0,nan,0,31027,0,211,44.252914653104895,49.35489133834839,213.6058807373047,223.065439453125,0.9471610724249343,0.9889287914253796,4710.593238457574,367.3342278962138,0.9471610724249343,0.9889287914253796,1.8535467394778005,3.294532648420692,0.7467829479890711,0.6915188337862491,213.6058807373047,223.065439453125,2.4299411030549574,1.1197202774298498,0.6958482805210324,0.9856566659737318,96.48877572631837,307.09386126604306
noise-game,scale,mnist,42,500,200,1.1,1.0,0.05,iid,1.0,50,29,3.7121198895191805,0.8469783119360605,0.5148576854666074,nan,6.066286012530327,6.861838713884354,1000.0,0.0,nan,0,31206,0,212,36.405677795410156,29.582236328125,217.629319190979,223.50288200378418,0.9655530763656559,0.9906310653084706,5088.192024034208,368.7669743814216,0.9655530763656559,0.9906310653084706,1.8923575537645192,3.3390743414213455,0.7096083275973797,0.6760934138298035,217.629319190979,223.50288200378418,2.47104426882725,1.1196323109298278,0.6785760000348091,0.9887734364978916,96.365291015625,310.32893452166337
noise-game,scale,mnist,42,500,200,1.1,1.0,0.05,iid,1.0,50,30,3.756429344667927,0.846350312034289,0.514580767552058,nan,5.950132337483493,6.794488254785538,1000.0,0.0,nan,0,31287,0,217,24.056574474681508,30.877473287582397,214.35256819291547,222.29162628173827,0.9500721478502837,0.9856922311176212,4964.446926556462,373.06956965497096,0.9500721478502837,0.9856922311176212,1.9674730985930198,3.3855372051489883,0.7175367433916439,0.6694546602666378,214.35256819291547,222.29162628173827,2.534698741215407,1.104560634174842,0.6742195513871339,0.9821623129559931,98.3481635131836,367.6634926304728
noise-game,scale,mnist,42,500,200,1.1,1.0,0.05,iid,1.0,50,31,3.7804186787443346,0.8473539797465006,0.5125136448939641,nan,6.3143041133880615,6.7205657184123995,1000.0,0.0,nan,0,30681,0,207,43.72248284022013,30.198932304382325,210.60732142130533,221.36967391967772,0.9349438780753038,0.9812237088476162,4590.596554317454,367.11800546416924,0.9349438780753038,0.9812237088476162,1.9958902653896882,3.432092027648255,0.7252740363279978,0.66217495277524,210.60732142130533,221.36967391967772,2.5703709702931157,1.1082093534288142,0.6657465990140753,0.9786040957850325,93.60244528198243,257.02151948928656
noise-game,scale,mnist,42,500,200,1.1,1.0,0.05,iid,1.0,50,32,3.8221781509468853,0.8468059782187144,0.5126501026749611,nan,6.733636782719539,6.66444384098053,1000.0,0.0,nan,0,30646,0,210,52.99275647676908,35.454784355163575,193.30914776141827,220.02064445495606,0.8571793308931153,0.9754820408305213,4509.062026324741,365.83106481546537,0.8571793308931153,0.9754820408305213,2.04828382750303,3.4778662401356324,0.8195545444121728,0.6566365979611873,193.30914776141827,220.02064445495606,2.620116792556071,1.1007463501785646,0.6665799468056137,0.9682616876418534,93.0342956237793,263.56803861062946
noise-game,scale,mnist,42,500,200,1.1,1.0,0.05,iid,1.0,50,33,3.8468551373930495,0.8489146455128987,0.5055915719270706,nan,5.898661573727925,6.516988339424134,1000.0,0.0,nan,0,30604,0,206,29.594194094340008,32.777802000045774,207.69057337443033,220.23173301696778,0.9212581394249972,0.9762325932979219,4171.643847704973,358.7728221383793,0.9212581394249972,0.9762325932979219,2.087477472397138,3.5214737451934184,0.7185592899719874,0.6420915767550468,207.69057337443033,220.23173301696778,2.6610759815156504,1.0972464210226793,0.6464199378805341,0.9731208317579451,93.07726696777344,243.62858120027104
noise-game,scale,mnist,42,500,200,1.1,1.0,0.05,iid,1.0,50,34,3.88076454354532,0.8466863113641739,0.5119056636095047,nan,5.755179975343787,6.16542949616909,1000.0,0.0,nan,0,32137,0,219,26.360563029413637,19.882852754592896,214.6272032364555,223.5787390899658,0.9508091889713941,0.9911797976353148,4773.221424119383,366.8003668605981,0.9508091889713941,0.9911797976353148,2.122379081531305,3.5586541487504166,0.664162920868915,0.607444331496954,214.6272032364555,223.5787390899658,2.696889108418949,1.096548386133487,0.613294230849219,0.9870160128852242,99.30434698486329,366.28833225373086
noise-game,scale,mnist,42,500,200,1.1,1.0,0.05,iid,1.0,50,35,3.9099391935839733,0.8480163115262985,0.5080473101139069,nan,6.485398133595784,6.0527873969078065,1000.0,0.0,nan,0,30567,0,207,29.814327319463093,16.01952169895172,199.6126912434896,223.093816986084,0.8855269007777071,0.9891294869432551,5156.45929230127,373.88562997351505,0.8855269007777071,0.9891294869432551,2.159000265543619,3.5932816486150916,0.7433775116999944,0.5963584437221289,199.6126912434896,223.093816986084,2.732712818772208,1.0954442829668074,0.6046802777586118,0.9832651896131296,94.02823138427735,273.3092750046365
noise-game,scale,mnist,42,500,200,1.1,1.0,0.05,iid,1.0,50,36,3.9359278093782484,0.8489993131160736,0.5038099491596222,nan,5.504240334033966,5.892658485174179,1000.0,0.0,nan,0,30723,0,207,25.519442240397137,20.418262481689453,203.7005157470703,223.45584259033203,0.9039827183237906,0.9902817254355744,5290.226464356386,376.0188631166144,0.9039827183237906,0.9902817254355744,2.198916258417746,3.6256706442589075,0.7042949795722961,0.5806000742316246,203.7005157470703,223.45584259033203,2.76961801275421,1.0874414456249906,0.5876016726471344,0.9853968759764168,94.2711494140625,277.372980391199
noise-game,scale,mnist,42,500,200,1.1,1.0,0.05,iid,1.0,50,37,3.9653654735056865,0.849703978697459,0.5017665060361226,nan,5.870568643916737,5.76358709692955,1000.0,0.0,nan,0,30062,0,206,33.694886987859554,28.29843114852905,200.36513033780184,223.25140800476075,0.8885427699142401,0.989206667128711,5148.689314302262,379.2493867146995,0.8885427699142401,0.989206667128711,2.239777742753155,3.657181593492064,0.7136258753863248,0.5678912669420242,200.36513033780184,223.25140800476075,2.806739283048719,1.0781816583223685,0.575488805770874,0.9839587862312741,93.70859606933594,264.97091960052956
noise-game,scale,mnist,42,500,200,1.1,1.0,0.05,iid,1.0,50,38,3.9953810911367027,0.8478686473766963,0.5072151909271876,nan,5.310072561105092,5.676296396255493,1000.0,0.0,nan,0,31184,0,218,11.840458273887634,18.184989404678344,215.38833808898926,222.18328079223633,0.9540376430914109,0.9852550465421751,5273.013035647709,376.8192532312941,0.9540376430914109,0.9852550465421751,2.2666660867765724,3.6878417847729668,0.6049254567672809,0.5592767287790775,215.38833808898926,222.18328079223633,2.83513636597513,1.0799939533170513,0.5641676639206707,0.981910324743879,99.21195254516601,403.8323270036077
noise-game,scale,mnist,42,500,200,1.1,1.0,0.05,iid,1.0,50,39,4.047356965800977,0.848774645725886,0.5040506517887116,nan,5.470762115258437,5.546975600719452,1000.0,0.0,nan,0,30448,0,210,10.90869661477896,16.800063834190368,202.94120436448318,221.92205207824708,0.9004702011470109,0.9840756836928521,4585.711703701235,376.73940578785,0.9004702011470109,0.9840756836928521,2.3032030957532865,3.718040385394141,0.670022807442225,0.5465391154587269,202.94120436448318,221.92205207824708,2.869138011609628,1.0759981236526979,0.554075678819222,0.9789730016595378,94.04529214477539,269.9242666113721
noise-game,scale,mnist,42,500,200,1.1,1.0,0.05,iid,1.0,50,40,4.09191765737359,0.8487853133678436,0.5049257504940033,nan,5.828068765004476,5.438246305584908,1000.0,0.0,nan,0,30855,0,211,29.25683447519938,10.454051604270935,195.2827941894531,221.39141639709473,0.8667036697746013,0.9814671403066602,5181.311275850836,379.48929452020644,0.8667036697746013,0.9814671403066602,2.336990731637852,3.74831867829037,0.707030059893926,0.5358230801671744,195.2827941894531,221.39141639709473,2.901521910298859,1.0717005382411033,0.5477677531713663,0.9734603865486097,94.41505038452148,307.2350560836076
noise-game,scale,mnist,42,500,200,1.1,1.0,0.05,iid,1.0,50,41,4.127492129611356,0.8450506466627121,0.5178641060988108,nan,6.066187381744385,5.339253733158111,1000.0,0.0,nan,0,31205,0,221,29.989509084950324,16.70611909866333,196.50293897545856,220.64672225952148,0.871148749440508,0.9781716354782537,4650.177674524406,380.3312971889079,0.871148749440508,0.9781716354782537,2.3555429088912745,3.778475946553706,0.6873375708642213,0.5260735827684403,196.50293897545856,220.64672225952148,2.924716123956247,1.0794414049189351,0.5427061914061218,0.967133400595437,97.29782409667969,366.0406919036858
noise-game,scale,mnist,42,500,200,1.1,1.0,0.05,iid,1.0,50,42,4.24949817428469,0.846411312421163,0.5131020762523015,nan,5.818037526948111,5.056559146642685,1000.0,0.0,nan,0,31107,0,209,21.945206233433314,15.952818870544434,191.32908630371094,222.64457290649415,0.8496308341373352,0.9867331620669583,5173.505873247961,386.010415577144,0.8496308341373352,0.9867331620669583,2.397675065336946,3.8041846421647905,0.7068945339747837,0.4982300616800785,191.32908630371094,222.64457290649415,2.9602788960680835,1.0726019714644295,0.5118810084657134,0.9777638508939924,94.41504357910156,299.2623306818005
noise-game,scale,mnist,42,500,200,1.1,1.0,0.05,iid,1.0,50,43,4.343509761970973,0.8457153119643529,0.5168875307838122,nan,6.067567282252842,4.977057862281799,1000.0,0.0,nan,0,31010,0,214,24.3322188589308,12.435828638076782,185.25371975368924,221.56676856994628,0.8224035814013582,0.9820339783457439,4098.899237265334,384.6016361629681,0.8224035814013582,0.9820339783457439,2.458729943367686,3.829582113074237,0.7357539070977105,0.49036087840795517,185.25371975368924,221.56676856994628,3.007070811250306,1.0591504508043474,0.5106226881162836,0.9688534868549231,95.29584133911133,301.4010270067393
noise-game,scale,mnist,42,500,200,1.1,1.0,0.05,iid,1.0,50,44,4.440309501886692,0.8460499783356984,0.5170641114314397,nan,5.5888140598932905,4.738964537382126,1000.0,0.0,nan,0,31100,0,212,16.07503827412923,10.02148521900177,190.6222186618381,222.7702336883545,0.8456964255144076,0.9873677221288336,5178.4026569284015,389.5905150032333,0.8456964255144076,0.9873677221288336,2.5138612309540025,3.853288141360021,0.6868810554345449,0.466907010525465,190.6222186618381,222.7702336883545,3.0496319951164095,1.0443799735495802,0.48507000505924225,0.9756700921331471,95.97049334716797,342.2587016507158
noise-game,scale,mnist,42,500,200,1.1,1.0,0.05,iid,1.0,50,45,4.451061178671244,0.8444339778025945,0.5241975772380829,nan,5.72857559862591,4.569286513328552,1000.0,0.0,nan,0,31570,0,216,10.668409075055804,9.004308409690857,195.34129696800596,222.87747604370117,0.864908765254065,0.9881977625585914,4726.171397588983,394.83072677798106,0.864908765254065,0.9881977625585914,2.536943382796895,3.876108024869326,0.6435530441147941,0.4501974073052406,195.34129696800596,222.87747604370117,3.0726092396258675,1.0489390869082946,0.468570567364067,0.976482518470831,97.35532489013671,356.4314894099297
noise-game,scale,mnist,42,500,200,1.1,1.0,0.05,iid,1.0,50,46,4.6418344701202585,0.8461886449654897,0.5199516680836678,nan,6.133740099993619,4.3449603927135465,1000.0,0.0,nan,0,30771,0,207,23.68483467535539,4.059953589439392,182.2191689231179,223.90512573242188,0.8092208092140545,0.9923192359773921,5011.7880834994585,400.24845333504345,0.8092208092140545,0.9923192359773921,2.5699989336836686,3.897563696133841,0.7181343680078333,0.4280929134786129,182.2191689231179,223.90512573242188,3.1010248386637373,1.0464638339402312,0.4432135580275296,0.9827738203641375,93.57087200927734,270.3587191710055
noise-game,scale,mnist,42,500,200,1.1,1.0,0.05,iid,1.0,50,47,4.7464023579153265,0.844652979572614,0.5284037881096204,nan,6.19768414777868,4.280038342177868,1000.0,0.0,nan,0,31543,0,213,19.036455322714414,7.008892097473145,179.6488728242762,222.44779281616212,0.7965098828826179,0.9864297679248176,4147.203422832135,404.57998123540625,0.7965098828826179,0.9864297679248176,2.619691043423936,3.9196837337129917,0.7255888125475716,0.4217180993035436,179.6488728242762,222.44779281616212,3.1396881195395583,1.0396999948841648,0.4455236390507716,0.971551251585106,95.08717880249023,302.8369088704551
noise-game,scale,mnist,42,500,200,1.1,1.0,0.05,iid,1.0,50,48,4.7464023579153265,0.8457096449534098,0.5247029728690783,nan,5.048363555561412,4.0620448577404025,1000.0,0.0,nan,0,30390,0,206,13.673613049767233,3.6469899052381516,202.06556424227628,223.27011764526367,0.8960253510767554,0.9899102607547802,5339.754532099075,408.66791863125263,0.8960253510767554,0.9899102607547802,2.6298172077398316,3.9413450906219167,0.551956366408955,0.40023136712610724,202.06556424227628,223.27011764526367,3.1544283608926658,1.0442887536254866,0.40814120121194286,0.9850157867905232,93.75348947143554,280.9417671586807
noise-game,scale,mnist,42,500,200,1.1,1.0,0.05,iid,1.0,50,49,4.7464023579153265,0.8458659799893697,0.5266814600427946,nan,5.350423276424408,3.9154101330041886,1000.0,0.0,nan,0,30482,0,206,9.202034877105193,1.6798310543596744,188.8495733087713,223.10186950683592,0.836370554715144,0.9889054654671463,3828.6416927266646,413.6931174184238,0.836370554715144,0.9889054654671463,2.636573262307421,3.96243069620582,0.6347787776453928,0.3857935687154532,188.8495733087713,223.10186950683592,3.1669162358667804,1.0517174601661385,0.3987738402710424,0.9809534085085113,93.39543841552734,249.7073642073561
noise-game,scale,mnist,42,500,200,1.1,1.0,0.05,iid,1.0,50,50,5.074807043784342,0.8275913124283155,0.7691479032238324,0.8359428135142787,6.113773039409092,5.41291347026825,1000.0,0.6630520769652382,0.9720085724191051,30204,604,207,1,35.15206732068743,30.154896183013918,175.51904296875,0.0,0.7781539527214967,0.0,4732.866357257595,0.0,0.7781539527214967,0.0,2.692675254171658,0.0,0.7170410262686866,0.0,175.51904296875,0.0,2.692675254171658,1.0650437104566601,0.7170410262686866,0.7781539527214967,8.190888671875,220.8670966720211
noise-game,scale,mnist,42,500,200,1.1,1.0,0.05,iid,1.0,50,51,5.189122391698059,0.8428189804156622,0.5436278333266577,0.9735708640109735,6.286320382898504,10.729898586273194,1000.0,0.6038457439050294,1.0,30287,421,97,109,60.04982376098633,67.44146909713746,171.5271689675071,0.0,0.7602818395977546,0.0,5105.668394515763,0.0,0.7602818395977546,0.0,2.730543219889581,0.0,0.7339093468405984,0.0,171.5271689675071,0.0,2.730543219889581,1.0702890420999065,0.7339093468405984,0.7602818395977546,6.289329528808594,187.20784113224465
noise-game,scale,mnist,42,500,200,1.1,1.0,0.05,iid,1.0,50,52,5.194253122102357,0.8435619799296061,0.5426955833037694,0.8965606681220769,6.27453088760376,17.39969575881958,1000.0,0.5833647134189343,1.0,30328,443,72,137,52.064949622521034,70.32175640106202,166.288573044997,0.0,0.7367584226376119,0.0,4248.317284358504,0.0,0.7367584226376119,0.0,2.780940865476139,0.0,0.7622291766680204,0.0,166.288573044997,0.0,2.780940865476139,1.0763819605608194,0.7622291766680204,0.7367584226376119,7.205838165283203,184.09374898886853
noise-game,scale,mnist,42,500,200,1.1,1.0,0.05,iid,1.0,50,53,5.194253122102357,0.8451019775867462,0.5361181045571963,0.8955998521431333,5.33109575510025,20.44491351366043,1000.0,0.6815591972326714,1.0,30243,457,112,94,30.758721351623535,73.3180731010437,178.93403498331705,0.0,0.7945145594251852,0.0,5654.820385868629,0.0,0.7945145594251852,0.0,2.8144238851812817,0.0,0.651819258928299,0.0,178.93403498331705,0.0,2.8144238851812817,1.0772089410742045,0.651819258928299,0.7945145594251852,7.157361399332682,226.19281543474517
noise-game,scale,mnist,42,500,200,1.1,1.0,0.05,iid,1.0,50,54,5.194253122102357,0.8448253120978674,0.5389671660463016,0.9060799835463776,5.778878716861501,30.480253648757934,1000.0,0.5465799501740589,1.0,30460,620,68,146,29.402044969446518,74.88953002929688,177.51223575367646,0.0,0.7870673254022664,0.0,5580.295424708903,0.0,0.7870673254022664,0.0,2.850342868231102,0.0,0.6493870686082279,0.0,177.51223575367646,0.0,2.850342868231102,1.0844221100823994,0.6493870686082279,0.7870673254022664,10.059026692708333,316.21674073350454
noise-game,scale,mnist,42,500,200,1.1,1.0,0.05,iid,1.0,50,55,5.194253122102357,0.84535331428051,0.5368874793251356,0.9344012857078385,5.804575755045964,35.58724112033844,1000.0,0.6090384631100171,1.0,30193,410,121,88,31.475684532752403,68.00812953948974,171.91148611215445,0.0,0.7629466029105162,0.0,4891.4687908038595,0.0,0.7629466029105162,0.0,2.8824004041934526,0.0,0.6776204980336703,0.0,171.91148611215445,0.0,2.8824004041934526,1.1022901337269664,0.6776204980336703,0.7629466029105162,7.449497731526693,211.96364760150058
noise-game,scale,mnist,42,500,200,1.1,1.0,0.05,iid,1.0,50,56,5.387102109771749,0.8464019799232483,0.5331749521692594,0.9448622500262275,5.611742925643921,43.05263447284698,1000.0,0.6279964780691578,1.0,30105,255,103,103,41.01120796203613,158.48023698806762,168.68190307617186,0.0,0.7471573767847586,0.0,6257.708060561658,0.0,0.7471573767847586,0.0,2.921097745984684,0.0,0.6970525801181793,0.0,168.68190307617186,0.0,2.921097745984684,1.103722979601158,0.6970525801181793,0.7471573767847586,5.622730102539062,208.59026868538862
noise-game,scale,mnist,42,500,200,1.1,1.0,0.05,iid,1.0,50,57,5.387102109771749,0.8447366466124853,0.5390473325053851,0.8433293374759923,5.775422143936157,57.913021132946014,1000.0,0.34643107491698594,1.0,30242,598,114,102,38.86446113586426,88.74901056289673,159.20063552856445,0.0,0.7057232729058109,0.0,5285.29348582433,0.0,0.7057232729058109,0.0,3.0183505411121048,0.0,0.7643658474087716,0.0,159.20063552856445,0.0,3.0183505411121048,1.094656453980517,0.7643658474087716,0.7057232729058109,10.613375701904296,352.35289905495534
noise-game,scale,mnist,42,500,200,1.1,1.0,0.05,iid,1.0,50,58,5.387102109771749,0.8434729782740275,0.5442569665114085,0.9019530550681714,5.8355699479579926,67.08305711746216,1000.0,0.4813005029207966,1.0,30617,939,68,152,34.16107130050659,190.61577127456664,167.02557182312012,0.0,0.7404136167532741,0.0,5839.8242379025905,0.0,0.7404136167532741,0.0,3.111294634034931,0.0,0.6835955083370209,0.0,167.02557182312012,0.0,3.111294634034931,1.0872874051239403,0.6835955083370209,0.7404136167532741,13.36204574584961,467.1859390322072
noise-game,scale,mnist,42,500,200,1.1,1.0,0.05,iid,1.0,50,59,5.387102109771749,0.8438553122679392,0.543490341603756,0.9095444854919701,5.340569051106771,75.52050996780396,1000.0,0.506333105330251,1.0,30268,423,75,136,27.253865432739257,227.65778484344483,169.15241394042968,0.0,0.7495144048449641,0.0,5171.906554734165,0.0,0.7495144048449641,0.0,3.1593965020913846,0.0,0.653405116001765,0.0,169.15241394042968,0.0,3.1593965020913846,1.0865207720355294,0.653405116001765,0.7495144048449641,8.457620697021484,258.59532773670827
noise-game,scale,mnist,42,500,200,1.1,1.0,0.05,iid,1.0,50,60,5.387102109771749,0.8439389791091283,0.5464351927240689,0.9375703501806447,5.864335705836614,90.51953488826751,1000.0,0.6651019700124691,1.0,30277,418,90,119,29.185240109761555,212.80373207092285,167.59996922810873,0.0,0.7441306508477509,0.0,3870.2914663202305,0.0,0.7441306508477509,0.0,3.189971678271335,0.0,0.6441055511434873,0.0,167.59996922810873,0.0,3.189971678271335,1.1066545802560614,0.6441055511434873,0.7441306508477509,6.7039987691243486,154.81165865280923
noise-game,scale,mnist,42,500,200,1.1,1.0,0.05,iid,1.0,50,61,5.387102109771749,0.8432983126242956,0.5512097338835399,0.8412607179252876,5.621321901679039,109.19899020671845,1000.0,0.4267505985463206,1.0,30171,418,101,112,33.38623130321503,297.7374220085144,165.1561918258667,0.0,0.7327062944577655,0.0,5422.58863923108,0.0,0.7327062944577655,0.0,3.241015511985576,0.0,0.6580468565225601,0.0,165.1561918258667,0.0,3.241015511985576,1.1056351328356735,0.6580468565225601,0.7327062944577655,8.80833023071289,289.2047274256576
noise-game,scale,mnist,42,500,200,1.1,1.0,0.05,iid,1.0,50,62,5.387102109771749,0.8428813117742538,0.5541303984324137,0.9300511338199142,5.751367479562759,134.63000425815582,1000.0,0.5454354710498119,1.0,30436,564,56,156,35.26346683502197,75.6956072807312,155.37554836273193,0.0,0.6888870171833548,0.0,4866.376602426238,0.0,0.6888870171833548,0.0,3.3113759773769442,0.0,0.7339471355080605,0.0,155.37554836273193,0.0,3.3113759773769442,1.1053959720063644,0.7339471355080605,0.6888870171833548,8.286695912679036,259.5400854627327
noise-game,scale,mnist,42,500,200,1.1,1.0,0.05,iid,1.0,50,63,5.387102109771749,0.8418256457646688,0.5590973932544391,0.8863071709754077,5.267579599430687,137.76099650382994,1000.0,0.5555066074835845,1.0,30464,690,77,139,21.241051322535466,83.71994297981263,168.63486119320518,0.0,0.7475249133044162,0.0,5011.310761732427,0.0,0.7475249133044162,0.0,3.3571605152248463,0.0,0.5964393145159671,0.0,168.63486119320518,0.0,3.3571605152248463,1.11274740544422,0.5964393145159671,0.7475249133044162,10.680207875569662,317.3830149097204
noise-game,scale,mnist,42,500,200,1.1,1.0,0.05,iid,1.0,50,64,5.387102109771749,0.8411889765659968,0.5667941903074583,0.9233526402596516,6.067551056543986,143.77030951499938,1000.0,0.7196736436557983,1.0,30893,963,15,199,38.876488791571724,55.25389320373535,159.67149607340494,0.0,0.7073397046424927,0.0,5157.647939736736,0.0,0.7073397046424927,0.0,3.4244961276626356,0.0,0.6662283837795258,0.0,159.67149607340494,0.0,3.4244961276626356,1.1038134194083364,0.6662283837795258,0.7073397046424927,9.580289764404297,309.45887638420413
noise-game,scale,mnist,42,500,200,1.1,1.0,0.05,iid,1.0,50,65,5.4848185624876615,0.8404423109690349,0.5709377577900887,0.8925208780746438,4.918920905966508,144.1165452528,1000.0,0.6423411267162983,1.0,30575,758,59,156,25.510636179070723,84.42231782913208,160.77628286261307,0.0,0.713592358581745,0.0,4639.274748413206,0.0,0.713592358581745,0.0,3.4575688480989726,0.0,0.633084701864343,0.0,160.77628286261307,0.0,3.4575688480989726,1.1215186242397708,0.633084701864343,0.713592358581745,10.182497914632162,293.82073406616973
noise-game,scale,mnist,42,500,200,1.1,1.0,0.05,iid,1.0,50,66,5.4848185624876615,0.8402489789326986,0.5744194667538007,0.888546029024114,5.081254869699478,150.43787486076354,1000.0,0.5134611366681948,1.0,30360,574,94,118,27.746527433395386,65.3745482635498,160.2056884765625,0.0,0.7100985143504995,0.0,4090.8471809994135,0.0,0.7100985143504995,0.0,3.4909588630905333,0.0,0.6261068377643824,0.0,160.2056884765625,0.0,3.4909588630905333,1.141220312846899,0.6261068377643824,0.7100985143504995,8.544303385416667,218.1785163199687
noise-game,scale,mnist,42,500,200,1.1,1.0,0.05,iid,1.0,50,67,5.4848185624876615,0.8395263135433197,0.5787180350224177,0.8363731409043473,5.308888381719589,156.65137679100036,1000.0,0.4501329149970785,1.0,30389,623,65,153,17.62972025871277,108.72084157943726,156.79568176269532,0.0,0.6952390143354156,0.0,4898.036750973384,0.0,0.6952390143354156,0.0,3.5893208450168763,0.0,0.6701061889529228,0.0,156.79568176269532,0.0,3.5893208450168763,1.109972357513318,0.6701061889529228,0.6952390143354156,10.453045450846354,326.5357833982256
noise-game,scale,mnist,42,500,200,1.1,1.0,0.05,iid,1.0,50,68,5.730282185782017,0.8386506464083989,0.5874471890926362,0.8276283013367194,5.740421590350923,162.8671375465393,1000.0,0.5687018144682876,1.0,30677,822,21,196,36.13166055225191,63.49965005874634,151.2054159981864,0.0,0.6703536991315118,0.0,5085.092440353183,0.0,0.6703536991315118,0.0,3.6744008791359786,0.0,0.6876476917948041,0.0,151.2054159981864,0.0,3.6744008791359786,1.1114318614848568,0.6876476917948041,0.6703536991315118,10.584379119873047,355.95647082472277
noise-game,scale,mnist,42,500,200,1.1,1.0,0.05,iid,1.0,50,69,5.730282185782017,0.8405166441202163,0.5799291074275971,0.9910209066971225,4.762015912267897,164.36975403785706,1000.0,0.4365726227795193,1.0,30096,262,121,83,46.340719858805336,79.42195625305176,153.72225443522134,0.0,0.6808421576084069,0.0,4781.892706950414,0.0,0.6808421576084069,0.0,3.7097039076515905,0.0,0.6705421970950233,0.0,153.72225443522134,0.0,3.7097039076515905,1.1041264398631392,0.6705421970950233,0.6808421576084069,4.611667633056641,143.45678120851244
noise-game,scale,mnist,42,500,200,1.1,1.0,0.05,iid,1.0,50,70,5.730282185782017,0.8411579781770706,0.5790653129418691,0.9396491228070175,6.108128488063812,173.83436020851136,1000.0,0.3331326929218977,1.0,29875,155,172,30,50.821524143218994,598.5538712692261,151.45155715942383,0.0,0.6698899338969744,0.0,4857.494101731643,0.0,0.6698899338969744,0.0,3.7401338086317386,0.0,0.6510073319077492,0.0,151.45155715942383,0.0,3.7401338086317386,1.109105002545964,0.6510073319077492,0.6698899338969744,4.038708190917969,129.53317604617715
noise-game,scale,mnist,42,500,200,1.1,1.0,0.05,iid,1.0,50,71,5.952188591327961,0.8408973119656244,0.5807548354069392,0.787686454678126,5.548028135299683,232.36522468566895,1000.0,0.5744740556609815,1.0,30036,279,145,60,40.46278381347656,2721.7164191627503,145.70723876953124,0.0,0.6467117505627574,0.0,4882.737442276197,0.0,0.6467117505627574,0.0,3.775686169694445,0.0,0.6948247671127319,0.0,145.70723876953124,0.0,3.775686169694445,1.1231264446713534,0.6948247671127319,0.6467117505627574,4.856907958984375,162.75791474253987
noise-game,scale,mnist,42,500,200,1.1,1.0,0.05,iid,1.0,50,72,5.952188591327961,0.8406973115603129,0.5844291496276856,0.9483229383363231,5.744752963383992,446.2762894153595,1000.0,0.48340478211695687,1.0,30376,504,65,145,35.76213035583496,2241.2480710315704,148.1585713704427,0.0,0.6561467631454388,0.0,5384.221690388816,0.0,0.6561467631454388,0.0,3.8340079124017286,0.0,0.6600496073563894,0.0,148.1585713704427,0.0,3.8340079124017286,1.1388979677619877,0.6600496073563894,0.6561467631454388,7.407928568522135,269.21108451944076
noise-game,scale,mnist,42,500,200,1.1,1.0,0.05,iid,1.0,50,73,5.952188591327961,0.8391723134120306,0.595036963224411,0.9116005658437584,5.6049575209617615,583.9380917263031,1000.0,0.5050605994744385,1.0,30459,667,59,157,28.079932022094727,596.5624345779419,149.23877868652343,0.0,0.6620553310381476,0.0,4712.730317560408,0.0,0.6620553310381476,0.0,3.9099886407383733,0.0,0.6292662382125854,0.0,149.23877868652343,0.0,3.9099886407383733,1.1518002810424386,0.6292662382125854,0.6620553310381476,9.949251912434896,314.18202117069393
noise-game,scale,mnist,42,500,200,1.1,1.0,0.05,iid,1.0,50,74,5.952188591327961,0.8392919792731603,0.5965337410569191,0.8757332709542298,5.276668779055277,617.3467900657654,1000.0,0.6897126162369536,1.0,30515,594,31,180,22.656391398111978,176.15475584983827,149.34810587565104,0.0,0.6622448343801204,0.0,5094.099432289887,0.0,0.6622448343801204,0.0,3.972356599813993,0.0,0.6291802942752838,0.0,149.34810587565104,0.0,3.972356599813993,1.1367138567842048,0.6291802942752838,0.6622448343801204,7.467405293782552,254.70497161449438
noise-game,scale,mnist,42,500,200,1.1,1.0,0.05,iid,1.0,50,75,5.952188591327961,0.838508979678154,0.602814251879851,0.923122838399464,5.46861207485199,633.2469333362579,1000.0,0.5575651738002408,1.0,30402,478,42,170,21.583677291870117,231.16111917495726,150.05553109305245,0.0,0.6646828284044533,0.0,5077.924327233631,0.0,0.6646828284044533,0.0,4.018144950855432,0.0,0.6182087691766875,0.0,150.05553109305245,0.0,4.018144950855432,1.1490926234197902,0.6182087691766875,0.6646828284044533,7.002591451009114,236.96980193756937
noise-game,scale,mnist,42,500,200,1.1,1.0,0.05,iid,1.0,50,76,5.96769429129071,0.8378313116232554,0.6094928480188052,0.9105940148530953,5.944502025842667,646.8045687580109,1000.0,0.5331547332222976,1.0,30426,561,63,150,44.462026596069336,3661.9440526771546,140.792160987854,0.0,0.6246593837463427,0.0,4281.95498594257,0.0,0.6246593837463427,0.0,4.087297243531805,0.0,0.7039878591895103,0.0,140.792160987854,0.0,4.087297243531805,1.1510505232840076,0.7039878591895103,0.6246593837463427,7.508915252685547,228.37093258360372
noise-game,scale,mnist,42,500,200,1.1,1.0,0.05,iid,1.0,50,77,5.96769429129071,0.8370933133363724,0.6161504728595416,0.8897288577412716,5.747821653590483,863.8743987751008,1000.0,0.33499149366565073,1.0,30120,435,121,92,38.60459540872013,1967.748741455078,142.79004714068245,0.0,0.6332207980505782,0.0,4740.021070720246,0.0,0.6332207980505782,0.0,4.1505888308999515,0.0,0.6450077382957234,0.0,142.79004714068245,0.0,4.1505888308999515,1.1620069487008435,0.6450077382957234,0.6332207980505782,8.091436004638672,268.60119400748056
noise-game,scale,mnist,42,500,200,1.1,1.0,0.05,iid,1.0,50,78,5.96769429129071,0.8381556445360183,0.6143751012285551,0.959859269311149,5.744228016246449,985.8480771827698,1000.0,0.7565467275087027,1.0,30496,473,17,188,49.04537651755593,122.64355186462403,137.75622003728694,0.0,0.6118598941859742,0.0,4307.988087720794,0.0,0.6118598941859742,0.0,4.184862118573899,0.0,0.6932408918033947,0.0,137.75622003728694,0.0,4.184862118573899,1.1779950772044787,0.6932408918033947,0.6118598941859742,5.051061401367187,157.9595632164291
noise-game,scale,mnist,42,500,200,1.1,1.0,0.05,iid,1.0,50,79,5.96769429129071,0.8368456451098124,0.621551851828893,0.7884053777750833,5.520413130521774,993.44286485672,1000.0,0.5574541924904984,1.0,30272,514,103,109,39.826303482055664,7244.858348464966,138.93846797943115,0.0,0.6157868537451688,0.0,5095.650743413813,0.0,0.6157868537451688,0.0,4.252971714461821,0.0,0.6985105462372303,0.0,138.93846797943115,0.0,4.252971714461821,1.1653179872470758,0.6985105462372303,0.6157868537451688,7.410051625569661,271.7680396487367
noise-game,scale,mnist,42,500,200,1.1,1.0,0.05,iid,1.0,50,80,5.96769429129071,0.8364223116636276,0.6272987956802051,0.8482516425550699,5.575881332159042,1614.4509940242767,1000.0,0.47545636308360695,1.0,30292,494,81,131,35.35875105857849,3630.935723991394,139.16193294525146,0.0,0.617046976772603,0.0,5340.2214320385465,0.0,0.617046976772603,0.0,4.30716067032721,0.0,0.6673947740346193,0.0,139.16193294525146,0.0,4.30716067032721,1.1758963275916736,0.6673947740346193,0.617046976772603,7.4219697570800784,284.8118097087225
noise-game,scale,mnist,42,500,200,1.1,1.0,0.05,iid,1.0,50,81,5.96769429129071,0.8361769785483678,0.6288670631249745,0.8918182969169296,5.7813421828406195,1924.85848320961,1000.0,0.7124433007272729,1.0,30493,541,36,174,41.788072313581196,371.65309999465944,139.43766893659318,0.0,0.6177409707145056,0.0,5633.349797168774,0.0,0.6177409707145056,0.0,4.355934708288992,0.0,0.6596261731215886,0.0,139.43766893659318,0.0,4.355934708288992,1.1778028092256847,0.6596261731215886,0.6177409707145056,6.507091217041015,262.88965720120945
noise-game,scale,mnist,42,500,200,1.1,1.0,0.05,iid,1.0,50,82,5.96769429129071,0.8380319788058599,0.6225951832532882,0.9627297774333807,4.974363899230957,1952.8167358779908,1000.0,0.5580066637693756,1.0,29858,78,154,46,39.06099014282226,10982.229238967895,140.4948516845703,0.0,0.6223762813598821,0.0,5747.713940874097,0.0,0.6223762813598821,0.0,4.370366035527987,0.0,0.5940470695495605,0.0,140.4948516845703,0.0,4.370366035527987,1.179166575550315,0.5940470695495605,0.6223762813598821,2.341580861409505,95.7952323479016
noise-game,scale,mnist,42,500,200,1.1,1.0,0.05,iid,1.0,50,83,6.0947546639269055,0.8368016451597213,0.6339564060171445,0.8777988148326743,5.916560141245524,2909.284323568344,1000.0,0.5463505300335938,1.0,30312,479,82,129,39.9758061726888,1100.5417990589142,138.0116190592448,0.0,0.6122959620444424,0.0,4708.239248172017,0.0,0.6122959620444424,0.0,4.422049373328897,0.0,0.6839468359947205,0.0,138.0116190592448,0.0,4.422049373328897,1.185080601588129,0.6839468359947205,0.6122959620444424,6.9005809529622395,235.4119624086008
noise-game,scale,mnist,42,500,200,1.1,1.0,0.05,iid,1.0,50,84,6.0947546639269055,0.8367226457595826,0.6366732855637868,0.8845038825129229,5.491211141858782,2990.8199509620667,1000.0,0.7721966941436792,1.0,30632,666,29,181,37.440996578761506,175.59655925750732,138.16551099504744,0.0,0.6124365970177933,0.0,5363.374481217166,0.0,0.6124365970177933,0.0,4.468373192396227,0.0,0.6650256578411374,0.0,138.16551099504744,0.0,4.468373192396227,1.188179642825418,0.6650256578411374,0.6124365970177933,6.447723846435547,250.29080912346777
noise-game,scale,mnist,42,500,200,1.1,1.0,0.05,iid,1.0,50,85,6.0947546639269055,0.8346849796672662,17616.895644230146,0.9176476339250048,6.178091764450073,2987.123155927658,1000.0,0.35555097377402795,0.997979797979798,29987,302,163,46,3532.830697695414,14272.109300365448,136.12475204467773,0.0,0.6033469311018069,0.0,4829.762924259731,0.0,0.6033469311018069,0.0,4.510595755589861,0.0,0.703322966893514,0.0,136.12475204467773,0.0,4.510595755589861,1.1891478978777248,0.703322966893514,0.6033469311018069,5.444990081787109,193.1905169703892
noise-game,scale,mnist,42,500,200,1.1,1.0,0.05,iid,1.0,50,86,6.0947546639269055,0.8348106454312801,2574.9468725105125,0.8792488880671439,5.577983466061679,4055.610598306656,1000.0,0.6000142231325026,1.0,30201,346,98,109,37.9681843844327,11287.355386276246,137.61844704367897,0.0,0.6099440314379047,0.0,4146.93568751652,0.0,0.6099440314379047,0.0,4.5357607766781225,0.0,0.6397136585278944,0.0,137.61844704367897,0.0,4.5357607766781225,1.197889030024302,0.6397136585278944,0.6099440314379047,5.046009724934896,152.0543085422724
noise-game,scale,mnist,42,500,200,1.1,1.0,0.05,iid,1.0,50,87,6.351857797529725,0.8350643126666546,1598.4358644895751,0.920831094306888,5.563046737150713,5051.107270679474,1000.0,0.7862232049669113,1.0,30330,389,58,149,43.5701981457797,1357.4903289842605,141.02042458274147,0.0,0.6249577052141242,0.0,5952.975355622385,0.0,0.6249577052141242,0.0,4.582594287025639,0.0,0.6346727609634399,0.0,141.02042458274147,0.0,4.582594287025639,1.1799001018741218,0.6346727609634399,0.6249577052141242,5.170748901367188,218.2757630394875
noise-game,scale,mnist,42,500,200,1.1,1.0,0.05,iid,1.0,50,88,6.4946449946796285,0.8350643102327983,652.7688170380394,0.9366270868079436,5.894597911834717,5133.897192783355,1000.0,0.5312308282061602,1.0,30036,287,153,54,54.48328132629395,16600.098917503357,135.41930694580077,0.0,0.6008344846502595,0.0,5151.31720954611,0.0,0.6008344846502595,0.0,4.613764790101664,0.0,0.6925762534141541,0.0,135.41930694580077,0.0,4.613764790101664,1.183760026139057,0.6925762534141541,0.6008344846502595,4.513976898193359,171.71057365153698
noise-game,scale,mnist,42,500,200,1.1,1.0,0.05,iid,1.0,50,89,6.4946449946796285,0.835333978732427,545.2316296414534,0.9058240980339566,5.31421188207773,6639.244090805054,1000.0,0.710531662771814,1.0,30454,464,21,187,41.694105001596306,150.6794940185547,137.738773052509,0.0,0.6110642422204026,0.0,5883.270439916569,0.0,0.6110642422204026,0.0,4.658908279952468,0.0,0.6226420723474942,0.0,137.738773052509,0.0,4.658908279952468,1.1754375016681815,0.6226420723474942,0.6110642422204026,5.968680165608724,254.94171906305138
noise-game,scale,mnist,42,500,200,1.1,1.0,0.05,iid,1.0,50,90,6.914337515667035,0.8323659792542457,381.8113287078341,0.8627041028155938,5.632104541944421,6556.823072586059,1000.0,0.5384507307571414,1.0,30625,891,55,165,26.540395653766133,2990.7923537540437,137.43284673276156,0.0,0.6087245062065317,0.0,5685.949134741626,0.0,0.6087245062065317,0.0,4.742925526746961,0.0,0.6511065921057826,0.0,137.43284673276156,0.0,4.742925526746961,1.1522860706117046,0.6511065921057826,0.6087245062065317,10.536518249511719,435.92276699685794
noise-game,scale,mnist,42,500,200,1.1,1.0,0.05,iid,1.0,50,91,6.914337515667035,0.8337543132901192,248.52189159661532,0.7942173933510567,6.566741847991944,6834.518738718033,1000.0,0.42847600735902114,1.0,29963,240,166,41,49.42966651916504,15382.955819396973,136.40223541259766,0.0,0.6046517675267844,0.0,5328.068451222343,0.0,0.6046517675267844,0.0,4.773696282361158,0.0,0.6909180909395218,0.0,136.40223541259766,0.0,4.773696282361158,1.1480131878937865,0.6909180909395218,0.6046517675267844,4.546741180419922,177.60228170741146
noise-game,scale,mnist,42,500,200,1.1,1.0,0.05,iid,1.0,50,92,6.914337515667035,0.8329883136351903,174.1833560453852,0.8241890901400222,5.771259367465973,8116.729679994583,1000.0,0.38095113677382964,1.0,30220,392,64,148,40.51416277885437,348.7497625732422,135.5788984298706,0.0,0.6002805056171261,0.0,5070.62428326268,0.0,0.6002805056171261,0.0,4.812734054767565,0.0,0.6722676660865545,0.0,135.5788984298706,0.0,4.812734054767565,1.1530796972780941,0.6722676660865545,0.6002805056171261,7.2308745829264325,270.43329510734293
noise-game,scale,mnist,42,500,200,1.1,1.0,0.05,iid,1.0,50,93,7.334030036654441,0.8330876451730728,134.79220961083968,0.9274726724613951,5.382856220006943,8228.979896068573,1000.0,0.5434714708085681,1.0,30334,496,74,138,36.469343185424805,1975.688220691681,135.7507095336914,0.0,0.6012551446891434,0.0,4846.930805410114,0.0,0.6012551446891434,0.0,4.850946469463106,0.0,0.613850187510252,0.0,135.7507095336914,0.0,4.850946469463106,1.1618203408876615,0.613850187510252,0.6012551446891434,7.240037841796875,258.5029762885394
noise-game,scale,mnist,42,500,200,1.1,1.0,0.05,iid,1.0,50,94,7.334030036654441,0.8338789792855581,78.50730133116245,0.9527354544613912,5.0222437815232714,8253.124145708083,1000.0,0.5812752687752688,1.0,30238,341,78,129,35.32649543068626,1463.2467051696776,136.4553319757635,0.0,0.6047144923787747,0.0,5060.664943956905,0.0,0.6047144923787747,0.0,4.888055296559717,0.0,0.6364049125801433,0.0,136.4553319757635,0.0,4.888055296559717,1.1330104579609503,0.6364049125801433,0.6047144923787747,5.003362172444661,185.55771461175317
noise-game,scale,mnist,42,500,200,1.1,1.0,0.05,iid,1.0,50,95,7.334030036654441,0.8327973129351934,51.020229230423766,0.8652471112257277,4.913860433980038,8403.849108486176,1000.0,0.5092948091883887,1.0,30483,705,73,143,23.055188028435957,7249.123024463654,137.03937570672286,0.0,0.6077883615570941,0.0,5476.876503202717,0.0,0.6077883615570941,0.0,4.943425106228535,0.0,0.6009732382862192,0.0,137.03937570672286,0.0,4.943425106228535,1.1195379798266687,0.6009732382862192,0.6077883615570941,8.67916046142578,346.8688452028387
noise-game,scale,mnist,42,500,200,1.1,1.0,0.05,iid,1.0,50,96,7.4791427747112476,0.8322729782263438,64.73626900692781,0.7286822213876564,5.1907272100448605,8866.037263936996,1000.0,0.4717825166516067,1.0,30420,819,119,96,21.128162956237794,22625.71465353012,136.43429565429688,0.0,0.6045045049860155,0.0,5595.0139918884115,0.0,0.6045045049860155,0.0,4.990345437768213,0.0,0.6629485636949539,0.0,136.43429565429688,0.0,4.990345437768213,1.114861390851188,0.6629485636949539,0.6045045049860155,9.095619710286458,373.00093279256083
noise-game,scale,mnist,42,500,200,1.1,1.0,0.05,iid,1.0,50,97,7.4791427747112476,0.8318479796250661,39.398598934014636,0.8883722967593054,5.287999921374851,11157.959718084336,1000.0,0.5073398680632825,1.0,30535,639,32,182,31.020711263020832,190.1559943962097,135.41342078314887,0.0,0.600229072147166,0.0,6041.067472391795,0.0,0.600229072147166,0.0,5.042051529881322,0.0,0.6354729483524958,0.0,135.41342078314887,0.0,5.042051529881322,1.1039014104952463,0.6354729483524958,0.600229072147166,8.124805246988933,362.4640483435077
noise-game,scale,mnist,42,500,200,1.1,1.0,0.05,iid,1.0,50,98,7.4791427747112476,0.8321729785203934,69.47475482136011,0.921160728788635,5.540873736143112,11042.215152339935,1000.0,0.5423112113701792,1.0,30024,179,115,90,41.617180824279785,21139.939622306825,136.359712600708,0.0,0.6052209557295166,0.0,5215.7395191611995,0.0,0.6052209557295166,0.0,5.063591409605445,0.0,0.6653475947678089,0.0,136.359712600708,0.0,5.063591409605445,1.0995755873345132,0.6653475947678089,0.6052209557295166,3.636259002685547,139.086387177632
noise-game,scale,mnist,42,500,200,1.1,1.0,0.05,iid,1.0,50,99,7.4791427747112476,0.8318856467803319,39.37558126678069,0.8968800449236609,5.151804765065511,13181.973963308334,1000.0,0.4904183529423458,1.0,30219,302,61,148,37.939849535624184,314.70884366989134,135.53145472208658,0.0,0.6002290721471661,0.0,5698.865571934886,0.0,0.6002290721471661,0.0,5.083866135346879,0.0,0.6072370583812395,0.0,135.53145472208658,0.0,5.083866135346879,1.106149061245712,0.6072370583812395,0.6002290721471661,5.4212581888834634,227.9546228773954
noise-game,scale,mnist,42,500,200,1.1,1.0,0.05,iid,1.0,50,100,7.4791427747112476,0.831163312792778,33.19667814334234,0.8902892172675873,6.552191393715995,13250.063758068085,1000.0,0.4644982325509709,1.0,30153,355,100,110,48.35395458766392,12669.670504989625,135.46146937779017,0.0,0.6002290721471661,0.0,5593.551230100229,0.0,0.6002290721471661,0.0,5.116097230384258,0.0,0.7314718919140952,0.0,135.46146937779017,0.0,5.116097230384258,1.1032175066107375,0.7314718919140952,0.6002290721471661,6.321535237630209,261.0323907380107
noise-game,scale,mnist,42,500,200,1.1,1.0,0.05,iid,1.0,50,101,7.4791427747112476,0.8317666447162628,16.787638612290223,0.8257375439551522,5.146601878679716,14567.017503185272,1000.0,0.5174374390857722,1.0,30191,337,84,124,32.81667313208947,4255.732843914032,135.4409907414363,0.0,0.6002290721471661,0.0,5643.59379947022,0.0,0.6002290721471661,0.0,5.151186677315448,0.0,0.6270758234537565,0.0,135.4409907414363,0.0,5.151186677315448,1.095865904012286,0.6270758234537565,0.6002290721471661,5.869109598795573,244.55573131037625
noise-game,scale,mnist,42,500,200,1.1,1.0,0.05,iid,1.0,50,102,7.4791427747112476,0.8305449785788854,21.50367021938165,0.9264285238373626,5.099713381598978,14627.20865819931,1000.0,0.6666391143859334,1.0,30711,802,42,171,36.58143301571117,2856.076177005768,135.29143299775964,0.0,0.6002290721471661,0.0,5722.082197016741,0.0,0.6002290721471661,0.0,5.193777185797907,0.0,0.6131509717772988,0.0,135.29143299775964,0.0,5.193777185797907,1.0857678312791745,0.6131509717772988,0.6002290721471661,7.666514536539713,324.2513244976153
noise-game,scale,mnist,42,500,200,1.1,1.0,0.05,iid,1.0,50,103,7.4791427747112476,0.8294673124949138,40.347710057199,0.8437212609118236,5.529927836524116,14934.640197916031,1000.0,0.5444323937256984,1.0,30487,582,25,190,31.18603589799669,166.73985067367553,135.39944203694662,0.0,0.600229072147166,0.0,7060.476570440591,0.0,0.600229072147166,0.0,5.25585963619342,0.0,0.6692312161127726,0.0,135.39944203694662,0.0,5.25585963619342,1.0318183501440163,0.6692312161127726,0.600229072147166,8.123966522216797,423.6285942264355
noise-game,scale,mnist,42,500,200,1.1,1.0,0.05,iid,1.0,50,104,7.4791427747112476,0.8300136448939641,19.018846199810504,0.9027587181049873,4.877085367838542,14759.599832239152,1000.0,0.6740155361466201,1.0,30503,610,57,154,26.489574559529622,529.5558143615723,135.6957265218099,0.0,0.6017219494016263,0.0,5874.231224799054,0.0,0.6017219494016263,0.0,5.292617253308767,0.0,0.603953077395757,0.0,135.6957265218099,0.0,5.292617253308767,1.0255093926879004,0.603953077395757,0.6017219494016263,6.784786326090495,293.7115612399527
noise-game,scale,mnist,42,500,200,1.1,1.0,0.05,iid,1.0,50,105,7.4791427747112476,0.8313203150033951,16.585104196270308,0.9253185562015503,5.059464931488037,14907.685274391175,1000.0,0.497020980545008,1.0,29894,163,173,30,23.70456804547991,29296.35361392975,135.62619018554688,0.0,0.6008057248488353,0.0,5105.203470147297,0.0,0.6008057248488353,0.0,5.310218760054885,0.0,0.6074850942407336,0.0,135.62619018554688,0.0,5.310218760054885,1.0172661445083435,0.6074850942407336,0.6008057248488353,3.164611104329427,119.12141430343691
noise-game,scale,mnist,42,500,200,1.1,1.0,0.05,iid,1.0,50,106,7.4791427747112476,0.8300523114204407,14.638560388982295,0.8429839366300337,5.086278941896227,17787.00866412163,1000.0,0.4249806142566224,1.0,30298,493,64,151,20.723102569580078,330.25362146377563,135.92374250623914,0.0,0.602290820429779,0.0,5843.8474404934595,0.0,0.602290820429779,0.0,5.334717878628037,0.0,0.6391562405559752,0.0,135.92374250623914,0.0,5.334717878628037,1.0302724255989446,0.6391562405559752,0.602290820429779,8.155424550374349,350.6308464296076
noise-game,scale,mnist,42,500,200,1.1,1.0,0.05,iid,1.0,50,107,7.4791427747112476,0.8290599793195724,16.37015703310569,0.8639114183105795,5.603607892990112,17930.24625143051,1000.0,0.5826428794338911,1.0,30300,520,98,114,26.816171765327454,2096.9958810329435,135.51004314422607,0.0,0.6002290721471661,0.0,4701.030478003339,0.0,0.6002290721471661,0.0,5.358347509661334,0.0,0.6339651253074408,0.0,135.51004314422607,0.0,5.358347509661334,1.0405992212031057,0.6339651253074408,0.6002290721471661,7.2272023010253905,250.72162549351143
noise-game,scale,mnist,42,500,200,1.1,1.0,0.05,iid,1.0,50,108,7.4791427747112476,0.8293816433350245,13.714335099756717,0.9509013349638646,5.458964069684346,17619.220290784837,1000.0,0.6070016851555302,1.0,30379,387,26,182,35.99017365773519,172.36813953399658,135.63997650146484,0.0,0.6002290721471661,0.0,5262.334424062206,0.0,0.6002290721471661,0.0,5.37513521050083,0.0,0.6070424069960912,0.0,135.63997650146484,0.0,5.37513521050083,1.0488239778283954,0.6070424069960912,0.6002290721471661,5.425599060058594,210.49337696248827
noise-game,scale,mnist,42,500,200,1.1,1.0,0.05,iid,1.0,50,109,7.4791427747112476,0.8271676460901897,14.392090868155162,0.8797133932313439,5.226990433839651,17996.999746608733,1000.0,0.5795187801299732,1.0,30885,1147,33,189,18.700544907496525,181.48713839530944,135.38893655630258,0.0,0.600229072147166,0.0,5687.369109767942,0.0,0.600229072147166,0.0,5.4306672018578634,0.0,0.6135135785891459,0.0,135.38893655630258,0.0,5.4306672018578634,1.034621401342372,0.6135135785891459,0.600229072147166,11.733707834879556,492.905322846555
noise-game,scale,mnist,42,500,200,1.1,1.0,0.05,iid,1.0,50,110,7.4791427747112476,0.8253426446517309,32.73100345492363,0.8259877911339701,5.329756767799457,18158.294268198013,1000.0,0.48750886914946173,1.0,30605,888,39,182,17.203417142232258,2273.653205208778,135.97983678181967,0.0,0.6024945866728276,0.0,6347.675109598874,0.0,0.6024945866728276,0.0,5.485013351754436,0.0,0.6188390374494096,0.0,135.97983678181967,0.0,5.485013351754436,1.0159134351478536,0.6188390374494096,0.6024945866728276,10.878386942545573,507.8140087679099
noise-game,scale,mnist,42,500,200,1.1,1.0,0.05,iid,1.0,50,111,7.4791427747112476,0.8259853128592173,13.64402172356844,0.8151173023774894,5.902924656867981,17938.161685791016,1000.0,0.4819437541705153,1.0,30267,369,55,155,34.221494265965056,638.4287611198425,135.4213420322963,0.0,0.6002290721471661,0.0,6516.462067322909,0.0,0.6002290721471661,0.0,5.51337870960181,0.0,0.6658662323440824,0.0,135.4213420322963,0.0,5.51337870960181,1.009102268372398,0.6658662323440824,0.6002290721471661,6.319662628173828,304.10156314173577
noise-game,scale,mnist,42,500,200,1.1,1.0,0.05,iid,1.0,50,112,7.4791427747112476,0.8269676458835602,13.665884826978047,0.9528420508681729,6.0025650560855865,18177.319552373887,1000.0,0.7987907245571466,1.0,30171,244,76,127,55.11217784881592,956.8679426193237,135.1713161468506,0.0,0.6002290721471661,0.0,4326.623912925808,0.0,0.6002290721471661,0.0,5.5243866764454514,0.0,0.7121166363358498,0.0,135.1713161468506,0.0,5.5243866764454514,1.0185122819306058,0.7121166363358498,0.6002290721471661,3.6045684305826824,115.37663767802155
noise-game,scale,mnist,42,500,200,1.1,1.0,0.05,iid,1.0,50,113,7.4791427747112476,0.8259779795010884,17.861338411470253,0.7650832488975746,5.49689793586731,17987.163088293077,1000.0,0.5067047008552902,1.0,30147,403,114,98,41.379096031188965,8896.857799663543,135.5589780807495,0.0,0.6002290721471661,0.0,5840.680631533456,0.0,0.6002290721471661,0.0,5.55600423855541,0.0,0.6193559691309929,0.0,135.5589780807495,0.0,5.55600423855541,1.0190149166851943,0.6193559691309929,0.6002290721471661,7.22981216430664,311.50296701511763
noise-game,scale,mnist,42,500,200,1.1,1.0,0.05,iid,1.0,50,114,7.4791427747112476,0.8253476458787918,18.396771245002746,0.9342383209183243,5.298919943968455,19077.611489028932,1000.0,0.7625396026957882,1.0,30607,713,55,157,31.473502349853515,269.64756898880006,135.81070353190105,0.0,0.6015237527307637,0.0,6629.872405813465,0.0,0.6015237527307637,0.0,5.584950015597007,0.0,0.6161599551637967,0.0,135.81070353190105,0.0,5.584950015597007,1.0123591549555238,0.6161599551637967,0.6015237527307637,6.790535176595052,331.49362029067316
noise-game,scale,mnist,42,500,200,1.1,1.0,0.05,iid,1.0,50,115,7.4791427747112476,0.8253183136383693,19.012607673406603,0.9221576892719479,5.108129040400187,19136.786089763642,1000.0,0.5184385369079517,1.0,30383,464,41,170,33.29337793986003,1434.8614565849305,135.61760355631512,0.0,0.6002290721471663,0.0,5948.118625443644,0.0,0.6002290721471663,0.0,5.612460235124627,0.0,0.6195154587427775,0.0,135.61760355631512,0.0,5.612460235124627,1.013472483280716,0.6195154587427775,0.6002290721471663,6.780880177815755,297.40593127218216
noise-game,scale,mnist,42,500,200,1.1,1.0,0.05,iid,1.0,50,116,7.56505577153264,0.8236079800128937,26.049469593365988,0.719155628417424,5.619552341374484,19099.080819692612,1000.0,0.44716980242679905,1.0,30314,644,81,137,29.13686804337935,10782.448787136078,135.25557708740234,0.0,0.6002290721471659,0.0,5977.0066431245905,0.0,0.6002290721471659,0.0,5.649258529016634,0.0,0.6458018950440667,0.0,135.25557708740234,0.0,5.649258529016634,1.0137198193013284,0.6458018950440667,0.6002290721471659,9.918742319742838,438.31382049580316
noise-game,scale,mnist,42,500,200,1.1,1.0,0.05,iid,1.0,50,117,7.56505577153264,0.824210645755132,30.823662590483824,0.9039260880434346,5.690522757443515,20065.807356681824,1000.0,0.46853201513178155,1.0,30228,291,58,149,48.25717197765004,2487.3011390686033,135.37337424538353,0.0,0.6002290721471661,0.0,6199.369507930993,0.0,0.6002290721471661,0.0,5.6818051384662365,0.0,0.6722427444024519,0.0,135.37337424538353,0.0,5.6818051384662365,0.9839592517246345,0.6722427444024519,0.6002290721471661,4.963690388997396,227.3102152908031
noise-game,scale,mnist,42,500,200,1.1,1.0,0.05,iid,1.0,50,118,7.56505577153264,0.822271310488383,13.731631612976392,0.8288574165013228,5.468355875015259,20467.56494071007,1000.0,0.5056398746357539,1.0,30821,1064,22,199,30.206470794677735,125.68748647689819,135.46704833984376,0.0,0.6002290721471661,0.0,4799.630009156004,0.0,0.6002290721471661,0.0,5.728271256694261,0.0,0.6135856914520263,0.0,135.46704833984376,0.0,5.728271256694261,0.9774299960378334,0.6135856914520263,0.6002290721471661,11.28892069498698,399.96916742966704
noise-game,scale,mnist,42,500,200,1.1,1.0,0.05,iid,1.0,50,119,7.56505577153264,0.8213089787960053,17.25403633217017,0.8857812489955886,5.38694326877594,20301.716447811126,1000.0,0.48641302689806964,1.0,30457,672,59,158,33.793080997467044,5497.597336654663,135.43055572509766,0.0,0.6002290721471659,0.0,5965.149130909007,0.0,0.6002290721471659,0.0,5.761724197190294,0.0,0.6366427019238472,0.0,135.43055572509766,0.0,5.761724197190294,0.9713412161241097,0.6366427019238472,0.6002290721471659,9.028703715006511,397.6766087272672
noise-game,scale,mnist,42,500,200,1.1,1.0,0.05,iid,1.0,50,120,7.56505577153264,0.8204429789384207,11.28416377911965,0.851002923371438,5.278236934116909,20698.882082509994,1000.0,0.5494396645465432,1.0,30625,808,39,178,25.37532111576625,210.0161250257492,135.43089149111793,0.0,0.6002290721471659,0.0,5944.727140489444,0.0,0.6002290721471659,0.0,5.791060693456769,0.0,0.6199941479024433,0.0,135.43089149111793,0.0,5.791060693456769,0.9838579302083439,0.6199941479024433,0.6002290721471659,9.480162404378255,416.1308998342609
noise-game,scale,mnist,42,500,200,1.1,1.0,0.05,iid,1.0,50,121,7.56505577153264,0.8197529784838359,11.882111522853375,0.8664848039640494,5.174513185725493,20988.884470701218,1000.0,0.5077731680822193,1.0,30295,512,86,129,18.908992430743048,1271.5159466838836,135.66007816090303,0.0,0.6017491319896857,0.0,4239.78041372525,0.0,0.6017491319896857,0.0,5.813161853177814,0.0,0.5747742924620124,0.0,135.66007816090303,0.0,5.813161853177814,0.9950191536814287,0.5747742924620124,0.6017491319896857,7.687404429117839,240.25422344443083
noise-game,scale,mnist,42,500,200,1.1,1.0,0.05,iid,1.0,50,122,7.56505577153264,0.819692980448405,17.34127793163061,0.8664251742573321,6.747538970066951,20977.754161958695,1000.0,0.5567722020571574,1.0,30263,370,68,141,61.144104884221,2225.2237695121767,135.40400578425482,0.0,0.6002290721471661,0.0,6407.498023188853,0.0,0.6002290721471661,0.0,5.83116933749851,0.0,0.7136454307115995,0.0,135.40400578425482,0.0,5.83116933749851,0.9987334572541182,0.7136454307115995,0.6002290721471661,5.867506917317709,277.6582476715171
noise-game,scale,mnist,42,500,200,1.1,1.0,0.05,iid,1.0,50,123,7.56505577153264,0.8213129802544912,11.406833259960015,0.879579414177188,5.0142303539647,20917.59592494011,1000.0,0.4593805520322893,1.0,30044,223,120,85,23.98174222310384,40803.14408643723,135.37514411078558,0.0,0.6002290721471661,0.0,4373.596257745238,0.0,0.6002290721471661,0.0,5.842127655739788,0.0,0.5554397424889935,0.0,135.37514411078558,0.0,5.842127655739788,1.0038167012163095,0.5554397424889935,0.6002290721471661,4.061254323323568,131.20788773235714
noise-game,scale,mnist,42,500,200,1.1,1.0,0.05,iid,1.0,50,124,7.56505577153264,0.8216789786020915,15.731266520222029,0.971720112992343,4.396954973538716,25124.06118897438,1000.0,0.5252571481404433,1.0,30147,197,58,148,19.214498202006023,6258.296430873871,135.3251020643446,0.0,0.6002290721471661,0.0,7145.463415578142,0.0,0.6002290721471661,0.0,5.858191828223409,0.0,0.5404990282323625,0.0,135.3251020643446,0.0,5.858191828223409,0.9982711558584971,0.5404990282323625,0.6002290721471661,4.059753061930339,214.36390246734425
noise-game,scale,mnist,42,500,200,1.1,1.0,0.05,iid,1.0,50,125,7.56505577153264,0.8208303159475326,14.306409921745459,0.9404793992589574,5.657987888654073,25636.324157876967,1000.0,0.7115120716029859,1.0,30452,581,72,139,39.545833333333334,4302.752686672211,135.44275410970053,0.0,0.6002290721471663,0.0,7353.662548724806,0.0,0.6002290721471663,0.0,5.87917645427278,0.0,0.6629434168338776,0.0,135.44275410970053,0.0,5.87917645427278,1.0021750902995668,0.6629434168338776,0.6002290721471663,6.772137705485026,367.68312743624034
noise-game,scale,mnist,42,500,200,1.1,1.0,0.05,iid,1.0,50,126,7.56505577153264,0.8215936438242595,13.439146780073642,0.8936760831094316,5.843817591667175,25849.372073602677,1000.0,0.616674736168622,1.0,30010,226,140,64,46.85031223297119,3916.6285900306702,135.30488395690918,0.0,0.6002290721471661,0.0,7261.43377575069,0.0,0.6002290721471661,0.0,5.889269533298679,0.0,0.6827357858419418,0.0,135.30488395690918,0.0,5.889269533298679,1.004900378151954,0.6827357858419418,0.6002290721471661,3.6081302388509116,193.63823402001842
noise-game,scale,mnist,42,500,200,1.1,1.0,0.05,iid,1.0,50,127,7.56505577153264,0.8206029796600341,11.151909304559231,0.8721687666730249,5.711412988603115,26523.284544906615,1000.0,0.49519820535751213,1.0,30278,454,78,136,26.769518852233887,3478.624500980377,135.4249963760376,0.0,0.6002290721471661,0.0,7178.172201684933,0.0,0.6002290721471661,0.0,5.923839428987585,0.0,0.6157579682767391,0.0,135.4249963760376,0.0,5.923839428987585,0.9802536666868945,0.6157579682767391,0.6002290721471661,7.222666473388672,382.83585075652974
noise-game,scale,mnist,42,500,200,1.1,1.0,0.05,iid,1.0,50,128,7.56505577153264,0.8210173122088115,10.981619272828102,0.8432986655601381,5.211967408657074,26239.32075466156,1000.0,0.5849942250856953,1.0,30146,369,127,82,30.866361300150555,10969.070820322037,135.43261082967123,0.0,0.6002290721471661,0.0,9952.865735692001,0.0,0.6002290721471661,0.0,5.94353987542566,0.0,0.6934332201878229,0.0,135.43261082967123,0.0,5.94353987542566,0.9771170634775258,0.6934332201878229,0.6002290721471661,5.417304433186849,398.11462942768014
noise-game,scale,mnist,42,500,200,1.1,1.0,0.05,iid,1.0,50,129,7.56505577153264,0.8192773123582204,18.778341993490855,0.8704573371534748,5.262504935264587,27008.769400863646,1000.0,0.534609839729204,1.0,30488,624,45,169,32.40119859907362,2721.677313861847,135.40364922417535,0.0,0.600229072147166,0.0,6644.092337725091,0.0,0.600229072147166,0.0,5.966753028696925,0.0,0.6725274407201343,0.0,135.40364922417535,0.0,5.966753028696925,0.9846355812520825,0.6725274407201343,0.600229072147166,8.124218953450521,398.64554026350544
noise-game,scale,mnist,42,500,200,1.1,1.0,0.05,iid,1.0,50,130,7.56505577153264,0.8206039790312449,12.222681075731913,0.942245289920517,4.782134988091209,27854.488852348328,1000.0,0.5698129214906096,1.0,30199,336,91,116,28.6949445551092,8086.878399395942,135.35839150168678,0.0,0.6002290721471661,0.0,5925.145816816309,0.0,0.6002290721471661,0.0,5.987565032035315,0.0,0.55803982778029,0.0,135.35839150168678,0.0,5.987565032035315,0.9729976123479674,0.55803982778029,0.6002290721471661,4.963141021728515,217.25534661659805
noise-game,scale,mnist,42,500,200,1.1,1.0,0.05,iid,1.0,50,131,7.590845857966885,0.820717645684878,10.517350321412087,0.8533706802731112,5.249297857284546,28144.921057128908,1000.0,0.7121212975129008,1.0,30303,352,52,155,31.135745482011274,11219.106163711547,135.58178433504972,0.0,0.6002290721471661,0.0,7661.073855025702,0.0,0.6002290721471661,0.0,6.001758859003433,0.0,0.6088665452870455,0.0,135.58178433504972,0.0,6.001758859003433,0.97805451668491,0.6088665452870455,0.6002290721471661,4.971332092285156,280.9060413509424
noise-game,scale,mnist,42,500,200,1.1,1.0,0.05,iid,1.0,50,132,7.715278680757271,0.8196093122164408,13.377939926683903,0.7587685672099391,5.004155102898093,29313.079133224488,1000.0,0.3048777737972687,1.0,29989,383,150,62,18.698071199304916,32585.476294021606,135.38102273380056,0.0,0.6002290721471661,0.0,6373.343944964003,0.0,0.6002290721471661,0.0,6.033096539669528,0.0,0.5986404489068424,0.0,135.38102273380056,0.0,6.033096539669528,0.9677522343160602,0.5986404489068424,0.6002290721471661,7.671591288248698,361.1561568812935
noise-game,scale,mnist,42,500,200,1.1,1.0,0.05,iid,1.0,50,133,7.715278680757271,0.8186883121728897,11.607703743080299,0.9182392655200036,5.425419625113992,32316.630008468626,1000.0,0.5567235641767484,1.0,30503,620,47,166,28.916005415074967,9425.144383430481,135.3892561968635,0.0,0.6002290721471661,0.0,6451.48946837838,0.0,0.6002290721471661,0.0,6.058595585208551,0.0,0.6207403032218709,0.0,135.3892561968635,0.0,6.058595585208551,0.964733744074218,0.6207403032218709,0.6002290721471661,7.672057851155599,365.5844032081082
noise-game,scale,mnist,42,500,200,1.1,1.0,0.05,iid,1.0,50,134,7.715278680757271,0.8185689800977707,12.06538385440906,0.9268856046803781,5.2538010040918985,33263.21968631745,1000.0,0.6946474994490442,1.0,30473,590,64,147,17.704701360066732,8498.369925317764,135.3819844563802,0.0,0.6002290721471663,0.0,6386.008741145563,0.0,0.6002290721471663,0.0,6.084752916671695,0.0,0.5895101085305214,0.0,135.3819844563802,0.0,6.084752916671695,0.9476649366888245,0.5895101085305214,0.6002290721471663,6.76909922281901,319.3004370572782
noise-game,scale,mnist,42,500,200,1.1,1.0,0.05,iid,1.0,50,135,7.715278680757271,0.8181596471865972,16.860562205016613,0.9010920928319562,4.389040486017863,34337.44420833587,1000.0,0.44522563453513686,1.0,30269,391,56,156,16.33840649922689,8466.976072826386,135.7247060139974,0.0,0.6010374301278738,0.0,5459.963409265017,0.0,0.6010374301278738,0.0,6.102877044734419,0.0,0.5094319105148315,0.0,135.7247060139974,0.0,6.102877044734419,0.9567564445556833,0.5094319105148315,0.6010374301278738,6.78623530069987,272.99817046325086
noise-game,scale,mnist,42,500,200,1.1,1.0,0.05,iid,1.0,50,136,7.744778537366228,0.8184839793046316,14.72026353875796,0.9500912885785264,4.852073126782973,35320.005639915464,1000.0,0.6800778922349493,1.0,30323,463,90,118,21.212484121322632,31218.16089532852,135.39488728841147,0.0,0.6002290721471661,0.0,7714.845020616157,0.0,0.6002290721471661,0.0,6.118615039454614,0.0,0.6016383903721968,0.0,135.39488728841147,0.0,6.118615039454614,0.9566646921813712,0.6016383903721968,0.6002290721471661,5.415795491536458,308.59380082464634
noise-game,scale,mnist,42,500,200,1.1,1.0,0.05,iid,1.0,50,137,7.869211360156614,0.8175416447718938,14.731681957145533,0.8626376751477479,5.587433632682352,37734.66412651062,1000.0,0.6126734697400845,1.0,30667,721,19,195,37.24712248409496,908.6996986961365,135.5820285572725,0.0,0.6002290721471661,0.0,7809.41446740856,0.0,0.6002290721471661,0.0,6.141846766063757,0.0,0.6155502726049984,0.0,135.5820285572725,0.0,6.141846766063757,0.9561519595258893,0.6155502726049984,0.6002290721471661,7.682981618245443,442.53348648648506
noise-game,scale,mnist,42,500,200,1.1,1.0,0.05,iid,1.0,50,138,7.869211360156614,0.8171489799022674,10.824667303661505,0.9220896136458678,5.893168687820435,37751.59032791138,1000.0,0.5948612459650592,1.0,30189,350,96,113,41.145826486440804,6120.081696205139,135.40809396597055,0.0,0.6002290721471661,0.0,7219.2592361453535,0.0,0.6002290721471661,0.0,6.162457102751507,0.0,0.637758942750784,0.0,135.40809396597055,0.0,6.162457102751507,0.9542419896763453,0.637758942750784,0.6002290721471661,5.867684071858724,312.834566899632
noise-game,scale,mnist,42,500,200,1.1,1.0,0.05,iid,1.0,50,139,7.869211360156614,0.8159179788827896,11.400225074589253,0.9221054853816316,5.6901101505055145,38121.58679836273,1000.0,0.6070417507483863,1.0,30504,618,47,167,32.1112850413603,2793.3184942245484,135.52423993278953,0.0,0.6002290721471661,0.0,8705.57432876155,0.0,0.6002290721471661,0.0,6.185161079470645,0.0,0.6274096369743347,0.0,135.52423993278953,0.0,6.185161079470645,0.9549306432927221,0.6274096369743347,0.6002290721471661,7.679706929524739,493.3158786298212
noise-game,scale,mnist,42,500,200,1.1,1.0,0.05,iid,1.0,50,140,7.869211360156614,0.8168139801422755,12.749239159226418,0.8989702855781232,5.040814659812233,38435.090093154904,1000.0,0.3897748243056546,1.0,30224,232,30,176,35.53351749073375,3989.8997585487364,135.28198658336294,0.0,0.6002290721471661,0.0,7763.652237017945,0.0,0.6002290721471661,0.0,6.199500099120881,0.0,0.6669407134706323,0.0,135.28198658336294,0.0,6.199500099120881,0.9591155933155007,0.6669407134706323,0.6002290721471661,4.960339508056641,284.66724869065797
noise-game,scale,mnist,42,500,200,1.1,1.0,0.05,iid,1.0,50,141,7.9936441829469995,0.8151579789320628,11.407682709991931,0.8100170557493012,5.89013859629631,38888.17896766662,1000.0,0.40420741101921975,1.0,30126,337,85,128,40.2111234664917,18232.625524253846,135.53030681610107,0.0,0.6002290721471661,0.0,7701.9201310382505,0.0,0.6002290721471661,0.0,6.220126374814671,0.0,0.6953111886978149,0.0,135.53030681610107,0.0,6.220126374814671,0.9651682798275169,0.6953111886978149,0.6002290721471661,7.228283030192057,410.76907365537335
noise-game,scale,mnist,42,500,200,1.1,1.0,0.05,iid,1.0,50,142,7.9936441829469995,0.816346313158671,10.429004351894061,0.8626615344430583,4.585461109876633,40722.228679771426,1000.0,0.6507855489374305,1.0,30216,320,72,136,17.643067836761475,21169.377885503767,135.51366424560547,0.0,0.6002290721471661,0.0,7778.913535233815,0.0,0.6002290721471661,0.0,6.2528292776578835,0.0,0.5836372120926777,0.0,135.51366424560547,0.0,6.2528292776578835,0.9039202436132731,0.5836372120926777,0.6002290721471661,5.420546569824219,311.1565414093526
noise-game,scale,mnist,42,500,200,1.1,1.0,0.05,iid,1.0,50,143,7.9936441829469995,0.8161073124408722,13.825619408488274,0.8235368567369339,4.714567644255502,42372.52870937347,1000.0,0.5790366649566882,1.0,30271,459,100,110,20.47398226601737,6212.831984462738,135.6200725010463,0.0,0.6002290721471661,0.0,7571.401042862686,0.0,0.6002290721471661,0.0,6.271430729643305,0.0,0.5341885749782834,0.0,135.6200725010463,0.0,6.271430729643305,0.9042790200616989,0.5341885749782834,0.6002290721471661,6.328936716715495,353.3320486669254
noise-game,scale,mnist,42,500,200,1.1,1.0,0.05,iid,1.0,50,144,7.9936441829469995,0.8160729799667994,12.148932290772597,0.9171574484792739,5.352253025228327,43126.86262588501,1000.0,0.7789333914800703,1.0,30283,404,87,120,38.18175003745339,3856.8085373687745,135.25609796697444,0.0,0.6002290721471661,0.0,7742.240711718631,0.0,0.6002290721471661,0.0,6.294537150310783,0.0,0.6163221814415671,0.0,135.25609796697444,0.0,6.294537150310783,0.8812879467091616,0.6163221814415671,0.6002290721471661,4.959390258789062,283.88215942968316
noise-game,scale,mnist,42,500,200,1.1,1.0,0.05,iid,1.0,50,145,7.9936441829469995,0.8155356472730637,10.655499226152896,0.8387103351369137,5.157716512680054,43055.6962878418,1000.0,0.37474669856623255,1.0,30116,358,97,115,21.047998905181885,48049.1349497509,135.27369117736816,0.0,0.6002290721471661,0.0,7701.249117677393,0.0,0.6002290721471661,0.0,6.318804112522781,0.0,0.6088027339428663,0.0,135.27369117736816,0.0,6.318804112522781,0.8755138270074488,0.6088027339428663,0.6002290721471661,7.214596862792969,410.7332862761276
noise-game,scale,mnist,42,500,200,1.1,1.0,0.05,iid,1.0,50,146,7.9936441829469995,0.8144606451193491,22.13626635034879,0.7911427724270244,4.918531709247166,46945.49628475189,1000.0,0.47668880551195286,1.0,30421,586,56,157,28.531257735358345,2766.4716285610198,135.5217785305447,0.0,0.600229072147166,0.0,8876.8730995236,0.0,0.600229072147166,0.0,6.346157640938018,0.0,0.6051202333635755,0.0,135.5217785305447,0.0,6.346157640938018,0.8633723471929752,0.6051202333635755,0.600229072147166,8.131306711832682,532.6123859714161
noise-game,scale,mnist,42,500,200,1.1,1.0,0.05,iid,1.0,50,147,7.9936441829469995,0.813190980553627,13.738483118216196,0.8837223114253906,5.633840887170089,46695.486338653565,1000.0,0.4683499521341765,1.0,30492,613,24,191,35.096114811144375,1328.2230388832093,135.47031763980263,0.0,0.600229072147166,0.0,7568.235730239192,0.0,0.600229072147166,0.0,6.3694402301045185,0.0,0.6592465497945484,0.0,135.47031763980263,0.0,6.3694402301045185,0.8662380938263735,0.6592465497945484,0.600229072147166,8.579786783854166,479.32159624848225
noise-game,scale,mnist,42,500,200,1.1,1.0,0.05,iid,1.0,50,148,7.9936441829469995,0.8135233132044474,11.297061200638613,0.9391324266459421,5.66168475151062,47124.38544921875,1000.0,0.6990772796771326,1.0,30571,602,31,178,43.725036348615376,1446.3212090110778,135.51678466796875,0.0,0.6002290721471661,0.0,7644.901381955351,0.0,0.6002290721471661,0.0,6.386653750156508,0.0,0.6445785284574542,0.0,135.51678466796875,0.0,6.386653750156508,0.8669193943815979,0.6445785284574542,0.6002290721471661,6.324116617838541,356.76206449124976
noise-game,scale,mnist,42,500,200,1.1,1.0,0.05,iid,1.0,50,149,7.9936441829469995,0.8131536453962326,11.222254010736942,0.9364467320751475,5.603959356035505,47258.336170349125,1000.0,0.6298761854966549,1.0,30328,434,61,149,31.128882544381277,47800.33389645576,135.46749114990234,0.0,0.6002290721471661,0.0,7870.111264970371,0.0,0.6002290721471661,0.0,6.403058023102535,0.0,0.6354455820151738,0.0,135.46749114990234,0.0,6.403058023102535,0.868060718038892,0.6354455820151738,0.6002290721471661,6.321816253662109,367.27185903195067
