algorithm,attack_type,dataset,seed,n_nodes,n_attackers,noise_mult,clip_bound,sampling_rate,split_mode,dirichlet_alpha,start_round,round,epsilon,accuracy,test_loss,f1_score,mean_update_norm_honest,mean_update_norm_attacker,best_alpha,precision,recall,total_tp_all,total_fp_all,total_fn_all,total_tn_all,V_agg_norm_honest,V_agg_norm_attacker,n_rejected_honest,n_rejected_attacker,D_threshold_honest,D_threshold_attacker,eps_n_honest,eps_n_attacker,S_agg_norm_honest,S_agg_norm_attacker,eps_avg,eps_std,rho_t,trust_toward_honest,trust_toward_attacker
trust-aware,scale,fashion_mnist,42,500,0,1.1,2.0,0.05,iid,1.0,500,0,0.2635107699722956,0.4484919883012772,1.981638562440872,nan,0.23639114666730165,0.0,1000.0,nan,nan,0,0,0,116,6.025212377309799,0.0,0.0,0.0,0.8712028442078881,0.0,0.26351076997229567,0.0,15.063030540943146,0.0,0.26351076997229567,5.551115123125783e-17,0.3,0.9996612421536414,0.0
trust-aware,scale,fashion_mnist,42,500,0,1.1,2.0,0.05,iid,1.0,500,1,0.30216558923805237,0.5611945846676827,1.7212103922367097,nan,0.20690763927996159,0.0,1000.0,nan,nan,0,0,0,210,4.484612276156743,0.0,0.0,0.0,0.7121437507826837,0.0,0.3021655892380525,0.0,10.980852921803793,0.0,0.3021655892380525,1.1102230246251565e-16,0.315,0.9990514422724258,0.0
trust-aware,scale,fashion_mnist,42,500,0,1.1,2.0,0.05,iid,1.0,500,2,0.34410266237445,0.6134569844007493,1.501156417131424,nan,0.1905059461240415,0.0,1000.0,nan,nan,0,0,0,272,3.581664791813603,0.0,0.0,0.0,0.6158148666588669,0.0,0.3441026623744499,0.0,8.806114903202763,0.0,0.3441026623744499,5.551115123125783e-17,0.33,0.9982565890534455,0.0
trust-aware,scale,fashion_mnist,42,500,0,1.1,2.0,0.05,iid,1.0,500,3,0.38986963149288734,0.6435033841729164,1.3258854925632477,nan,0.1678832056266921,0.0,1000.0,nan,nan,0,0,0,308,2.9061400294303894,0.0,0.0,0.0,0.5176074048958058,0.0,0.38986963149288734,0.0,7.120516061782837,0.0,0.38986963149288734,0.0,0.345,0.9973573203736957,0.0
trust-aware,scale,fashion_mnist,42,500,0,1.1,2.0,0.05,iid,1.0,500,4,0.44226468151870224,0.6680349828004837,1.1943294765949248,nan,0.1440398796246602,0.0,1000.0,nan,nan,0,0,0,244,2.6141917613836436,0.0,0.0,0.0,0.43004941526582824,0.0,0.44226468151870235,0.0,6.494336990209726,0.0,0.44226468151870235,1.1102230246251565e-16,0.36,0.9966446078976959,0.0
trust-aware,scale,fashion_mnist,42,500,0,1.1,2.0,0.05,iid,1.0,500,5,0.5315777515144099,0.6852491818666459,1.0980266525745392,nan,0.12796454802155494,0.0,1000.0,nan,nan,0,0,0,178,2.6590775430202482,0.0,0.0,0.0,0.3878602887444967,0.0,0.53157775151441,0.0,6.189854598045349,0.0,0.53157775151441,1.1102230246251565e-16,0.375,0.9961294013998122,0.0
trust-aware,scale,fashion_mnist,42,500,0,1.1,2.0,0.05,iid,1.0,500,6,0.558999622203959,0.6980961827039719,1.025884208202362,nan,0.10894630612297491,0.0,1000.0,nan,nan,0,0,0,182,2.2496444149450823,0.0,0.0,0.0,0.3358423794791943,0.0,0.5589996222039593,0.0,5.094553123820912,0.0,0.5589996222039593,2.220446049250313e-16,0.39,0.9955943253037335,0.0
trust-aware,scale,fashion_mnist,42,500,0,1.1,2.0,0.05,iid,1.0,500,7,0.5880046216568433,0.706966781258583,0.9707760448455811,nan,0.09687655239269652,0.0,1000.0,nan,nan,0,0,0,320,1.6930572534429615,0.0,0.0,0.0,0.2862143844715633,0.0,0.5880046216568433,0.0,3.826052739702422,0.0,0.5880046216568433,0.0,0.405,0.9946590825722988,0.0
trust-aware,scale,fashion_mnist,42,500,0,1.1,2.0,0.05,iid,1.0,500,8,0.6186656634250423,0.7136543827056885,0.9268276513814926,nan,0.0890149677108074,0.0,1000.0,nan,nan,0,0,0,330,1.8472988605499268,0.0,0.0,0.0,0.28196510253618634,0.0,0.6186656634250423,0.0,3.6979644462980072,0.0,0.6186656634250423,0.0,0.42,0.9937146369872424,0.0
trust-aware,scale,fashion_mnist,42,500,0,1.1,2.0,0.05,iid,1.0,500,9,0.6510644430024428,0.719542782664299,0.8908247281312942,nan,0.08129380753746739,0.0,1000.0,nan,nan,0,0,0,254,1.9382110525060583,0.0,0.0,0.0,0.2710949672520098,0.0,0.6510644430024427,0.0,3.783378733528985,0.0,0.6510644430024427,1.1102230246251565e-16,0.435,0.9929857100086446,0.0
trust-aware,scale,fashion_mnist,42,500,0,1.1,2.0,0.05,iid,1.0,500,10,0.6852937746268957,0.7244245815277099,0.8610086834430695,nan,0.07536762544224339,0.0,1000.0,0.0,nan,0,1,0,357,1.557313073065973,0.0,0.03225806451612903,0.0,0.24536666890156106,0.0,0.6852937746268957,0.0,2.9647030445837204,0.0,0.6852937746268957,0.0,0.44999999999999996,0.9919452413640388,0.0
trust-aware,scale,fashion_mnist,42,500,0,1.1,2.0,0.05,iid,1.0,500,11,0.7214611380882578,0.7290645818710327,0.8354723989963532,nan,0.07056289215882619,0.0,1000.0,nan,nan,0,0,0,342,1.482575003306071,0.0,0.0,0.0,0.22639898814328102,0.0,0.721461138088258,0.0,2.7708076000213624,0.0,0.721461138088258,1.1102230246251565e-16,0.46499999999999997,0.9909496614447116,0.0
trust-aware,scale,fashion_mnist,42,500,0,1.1,2.0,0.05,iid,1.0,500,12,0.7596944884031196,0.7333143801689148,0.8137172195911407,nan,0.06675175738831361,0.0,1000.0,0.0,nan,0,1,0,391,1.504895301659902,0.0,0.03333333333333333,0.0,0.22168992815861455,0.0,0.7596944884031196,0.0,2.623609932263692,0.0,0.7596944884031196,0.0,0.48,0.9898149246484655,0.0
trust-aware,scale,fashion_mnist,42,500,0,1.1,2.0,0.05,iid,1.0,500,13,0.8001526997791856,0.7372883815765381,0.7943254765272141,nan,0.06350934891789048,0.0,1000.0,0.0,nan,0,3,0,283,1.5477232292846397,0.0,0.1111111111111111,0.0,0.20981761253364445,0.0,0.8001526997791857,0.0,2.6504847738477917,0.0,0.8001526997791857,1.1102230246251565e-16,0.49499999999999994,0.9889858398792728,0.0
trust-aware,scale,fashion_mnist,42,500,0,1.1,2.0,0.05,iid,1.0,500,14,0.8430464367132451,0.7407797818183899,0.7774969027042389,nan,0.058962959382269114,0.0,1000.0,nan,nan,0,0,0,120,1.4346662362416585,0.0,0.0,0.0,0.1855591794747167,0.0,0.843046436713245,0.0,2.998094227578905,0.0,0.843046436713245,1.1102230246251565e-16,0.51,0.9886431035593938,0.0
trust-aware,scale,fashion_mnist,42,500,0,1.1,2.0,0.05,iid,1.0,500,15,0.8793723681465165,0.7435613813400268,0.7630420968532562,nan,0.05756090775780056,0.0,1000.0,0.0,nan,0,2,0,198,1.4646650215853816,0.0,0.08695652173913043,0.0,0.1911876856598937,0.0,0.8793723681465164,0.0,2.6553767142088516,0.0,0.8793723681465164,1.1102230246251565e-16,0.525,0.9880645547939373,0.0
trust-aware,scale,fashion_mnist,42,500,0,1.1,2.0,0.05,iid,1.0,500,16,0.9126284626054437,0.7464297815561295,0.749955559015274,nan,0.05562088917940855,0.0,1000.0,0.0,nan,0,6,0,228,1.53529225786527,0.0,0.25,0.0,0.19752097281853878,0.0,0.9126284626054437,0.0,2.641929497321447,0.0,0.9126284626054437,0.0,0.54,0.9874196921088413,0.0
trust-aware,scale,fashion_mnist,42,500,0,1.1,2.0,0.05,iid,1.0,500,17,0.9474622637610021,0.7492995799779892,0.7377941994667053,nan,0.05311678299172358,0.0,1000.0,nan,nan,0,0,0,178,1.3019521967931227,0.0,0.0,0.0,0.16988054011604176,0.0,0.9474622637610021,0.0,2.4496944438327444,0.0,0.9474622637610021,0.0,0.555,0.9869078100632518,0.0
trust-aware,scale,fashion_mnist,42,500,0,1.1,2.0,0.05,iid,1.0,500,18,0.9839586158871577,0.7516071817874909,0.7276645373106003,nan,0.05089963681024054,0.0,1000.0,nan,nan,0,0,0,222,1.4627991759258767,0.0,0.0,0.0,0.1835491473401058,0.0,0.9839586158871577,0.0,2.4719578235045723,0.0,0.9839586158871577,0.0,0.57,0.9862587436373661,0.0
trust-aware,scale,fashion_mnist,42,500,0,1.1,2.0,0.05,iid,1.0,500,19,1.022216540748102,0.7539483808279037,0.7178092567920685,nan,0.04914770478552038,0.0,1000.0,0.0,nan,0,1,0,193,1.0619363378394733,0.0,0.045454545454545456,0.0,0.1423318314691225,0.0,1.0222165407481025,0.0,2.0234193964438005,0.0,1.0222165407481025,4.440892098500626e-16,0.5850000000000001,0.9857024167956204,0.0
trust-aware,scale,fashion_mnist,42,500,0,1.1,2.0,0.05,iid,1.0,500,20,1.0623545611125644,0.7562347806692123,0.7090285280942917,nan,0.048000590077468326,0.0,1000.0,nan,nan,0,0,0,296,1.0075595442737852,0.0,0.0,0.0,0.14059557130963707,0.0,1.0623545611125642,0.0,1.7733400293758936,0.0,1.0623545611125642,2.220446049250313e-16,0.6,0.9848363452903114,0.0
trust-aware,scale,fashion_mnist,42,500,0,1.1,2.0,0.05,iid,1.0,500,21,1.1045192595593831,0.7581001803874969,0.7011722639799118,nan,0.046602933534554074,0.0,1000.0,nan,nan,0,0,0,160,1.338513726279849,0.0,0.0,0.0,0.15847922116955415,0.0,1.1045192595593836,0.0,2.190300703048706,0.0,1.1045192595593836,4.440892098500626e-16,0.6149999999999999,0.9843627107667156,0.0
trust-aware,scale,fashion_mnist,42,500,0,1.1,2.0,0.05,iid,1.0,500,22,1.148899646893674,0.7599663819074631,0.6937811102867126,nan,0.04611012991517782,0.0,1000.0,0.0,nan,0,1,0,299,1.238674453326634,0.0,0.03571428571428571,0.0,0.14994936456893235,0.0,1.1488996468936743,0.0,1.911950992686408,0.0,1.1488996468936743,2.220446049250313e-16,0.63,0.9835264829108448,0.0
trust-aware,scale,fashion_mnist,42,500,0,1.1,2.0,0.05,iid,1.0,500,23,1.1932226547715872,0.7617781820297241,0.6870841056108474,nan,0.04402334615588188,0.0,1000.0,0.0,nan,0,2,0,150,1.1979889188494002,0.0,0.09523809523809523,0.0,0.1453026220158189,0.0,1.193222654771587,0.0,2.0401678255626132,0.0,1.193222654771587,2.220446049250313e-16,0.6450000000000001,0.9830879224064798,0.0
trust-aware,scale,fashion_mnist,42,500,0,1.1,2.0,0.05,iid,1.0,500,24,1.2237170788729461,0.7634307806491851,0.6807197573184967,nan,0.04300377182662487,0.0,1000.0,0.0,nan,0,1,0,145,1.2019055604934692,0.0,0.05,0.0,0.1429189426806155,0.0,1.2237170788729463,0.0,2.014542418718338,0.0,1.2237170788729463,2.220446049250313e-16,0.66,0.9826576175715258,0.0
trust-aware,scale,fashion_mnist,42,500,0,1.1,2.0,0.05,iid,1.0,500,25,1.255370164114324,0.7649829802513123,0.6750375618934631,nan,0.04340548970197376,0.0,1000.0,nan,nan,0,0,0,142,0.8838550166079873,0.0,0.0,0.0,0.11084676489151443,0.0,1.2553701641143242,0.0,1.7534104209197194,0.0,1.2553701641143242,2.220446049250313e-16,0.6749999999999999,0.9822450779812284,0.0
trust-aware,scale,fashion_mnist,42,500,0,1.1,2.0,0.05,iid,1.0,500,26,1.2882265209338715,0.7663199805021286,0.6695338592529297,nan,0.0424326690421863,0.0,1000.0,0.0,nan,0,5,0,179,1.2531118447130376,0.0,0.22727272727272727,0.0,0.15073116374043227,0.0,1.288226520933872,0.0,1.9261164177547803,0.0,1.288226520933872,4.440892098500626e-16,0.69,0.9817200430284938,0.0
trust-aware,scale,fashion_mnist,42,500,0,1.1,2.0,0.05,iid,1.0,500,27,1.3223351707503768,0.7678001798391342,0.6646629824638367,nan,0.04021412005218176,0.0,1000.0,0.0,nan,0,7,0,307,1.1866910125200565,0.0,0.2692307692307692,0.0,0.1422594999980416,0.0,1.3223351707503765,0.0,1.7045061038090632,0.0,1.3223351707503765,2.220446049250313e-16,0.705,0.9807993635989285,0.0
trust-aware,scale,fashion_mnist,42,500,0,1.1,2.0,0.05,iid,1.0,500,28,1.3577503788831171,0.7691737804412841,0.6599209228754044,nan,0.040115870949294835,0.0,1000.0,0.0,nan,0,2,0,290,0.9761932977923641,0.0,0.07407407407407407,0.0,0.11806522997819106,0.0,1.3577503788831173,0.0,1.41517941598539,0.0,1.3577503788831173,2.220446049250313e-16,0.7200000000000001,0.9799520097153168,0.0
trust-aware,scale,fashion_mnist,42,500,0,1.1,2.0,0.05,iid,1.0,500,29,1.3945327218869124,0.7704229805469512,0.6554503071308136,nan,0.03990671375677699,0.0,1000.0,nan,nan,0,0,0,162,1.095419475010463,0.0,0.0,0.0,0.11865695833132876,0.0,1.3945327218869124,0.0,1.6214511053902763,0.0,1.3945327218869124,0.0,0.735,0.979473359791427,0.0
trust-aware,scale,fashion_mnist,42,500,0,1.1,2.0,0.05,iid,1.0,500,30,1.4327504734265042,0.7716639817953109,0.6512753875255585,nan,0.03922309901099652,0.0,1000.0,0.0,nan,0,7,0,387,1.0447961408644915,0.0,0.21875,0.0,0.13193945856210282,0.0,1.4327504734265044,0.0,1.378983300179243,0.0,1.4327504734265044,2.220446049250313e-16,0.75,0.9783231272407021,0.0
trust-aware,scale,fashion_mnist,42,500,0,1.1,2.0,0.05,iid,1.0,500,31,1.4724814279430891,0.7727653806209565,0.6474591552019119,nan,0.03960194873313109,0.0,1000.0,0.0,nan,0,3,0,123,1.1555404828654394,0.0,0.16666666666666666,0.0,0.13341669726768435,0.0,1.472481427943089,0.0,1.8788038161065843,0.0,1.472481427943089,2.220446049250313e-16,0.7649999999999999,0.9779743054856244,0.0
trust-aware,scale,fashion_mnist,42,500,0,1.1,2.0,0.05,iid,1.0,500,32,1.5138153326430999,0.7737151807546616,0.6438997818231582,nan,0.03740051714703441,0.0,1000.0,0.0,nan,0,5,0,219,1.0926996419827144,0.0,0.20833333333333334,0.0,0.1260955463172488,0.0,1.5138153326430996,0.0,1.506094162662824,0.0,1.5138153326430996,2.220446049250313e-16,0.78,0.9773092790996534,0.0
trust-aware,scale,fashion_mnist,42,500,0,1.1,2.0,0.05,iid,1.0,500,33,1.5568571736316952,0.7747587808370591,0.6404576390981674,nan,0.0390700501203537,0.0,1000.0,0.0,nan,0,3,0,231,0.990097393989563,0.0,0.12,0.0,0.1163879974267168,0.0,1.5568571736316952,0.0,1.5195101690292359,0.0,1.5568571736316952,0.0,0.795,0.9766404307013653,0.0
trust-aware,scale,fashion_mnist,42,500,0,1.1,2.0,0.05,iid,1.0,500,34,1.5961356544147973,0.7758203800916672,0.6372092975378036,nan,0.03759891990768282,0.0,1000.0,0.0,nan,0,6,0,556,1.044770730169196,0.0,0.15789473684210525,0.0,0.12649699851092847,0.0,1.5961356544147978,0.0,1.2177509728230929,0.0,1.5961356544147978,4.440892098500626e-16,0.81,0.9750171499138148,0.0
trust-aware,scale,fashion_mnist,42,500,0,1.1,2.0,0.05,iid,1.0,500,35,1.6303152389904,0.7766483805179596,0.6341238358020782,nan,0.038591420168385786,0.0,1000.0,0.0,nan,0,1,0,113,1.0740102354217977,0.0,0.058823529411764705,0.0,0.11066516373281662,0.0,1.6303152389903999,0.0,1.8551905014935661,0.0,1.6303152389903999,2.220446049250313e-16,0.825,0.9746962942707906,0.0
trust-aware,scale,fashion_mnist,42,500,0,1.1,2.0,0.05,iid,1.0,500,36,1.6656394806877934,0.7772803791761398,0.6315218255519867,nan,0.03629358112812042,0.0,1000.0,0.0,nan,0,2,0,286,0.9278361934881943,0.0,0.07692307692307693,0.0,0.11179966826801752,0.0,1.6656394806877939,0.0,1.3028489557596354,0.0,1.6656394806877939,4.440892098500626e-16,0.84,0.9738477975523258,0.0
trust-aware,scale,fashion_mnist,42,500,0,1.1,2.0,0.05,iid,1.0,500,37,1.7021545775828013,0.7782535790205002,0.6288391234874725,nan,0.035598235204815865,0.0,1000.0,0.0,nan,0,2,0,156,0.9119490206241607,0.0,0.1,0.0,0.10140201598184358,0.0,1.7021545775828018,0.0,1.4329231321811675,0.0,1.7021545775828018,4.440892098500626e-16,0.855,0.9733938292563584,0.0
trust-aware,scale,fashion_mnist,42,500,0,1.1,2.0,0.05,iid,1.0,500,38,1.7399113538860758,0.7788541803359985,0.6262968325614929,nan,0.03618924974187,0.0,1000.0,0.0,nan,0,5,0,525,1.090838367874558,0.0,0.13513513513513514,0.0,0.12290024853029916,0.0,1.7399113538860753,0.0,1.2004768300700832,0.0,1.7399113538860753,4.440892098500626e-16,0.8700000000000001,0.9718787770318555,0.0
trust-aware,scale,fashion_mnist,42,500,0,1.1,2.0,0.05,iid,1.0,500,39,1.7789660529514504,0.7796427804231644,0.6238199751377106,nan,0.03552926283167756,0.0,1000.0,0.0,nan,0,11,0,189,1.0498606899510259,0.0,0.4782608695652174,0.0,0.10930503804089857,0.0,1.7789660529514502,0.0,1.3459445134453152,0.0,1.7789660529514502,2.220446049250313e-16,0.885,0.971307555618398,0.0
trust-aware,scale,fashion_mnist,42,500,0,1.1,2.0,0.05,iid,1.0,500,40,1.8193813121440443,0.7803199793100357,0.6216085608005524,nan,0.03493353879700104,0.0,1000.0,0.0,nan,0,8,0,350,0.9077927132447561,0.0,0.26666666666666666,0.0,0.11135796973048265,0.0,1.8193813121440445,0.0,1.2545420289039613,0.0,1.8193813121440445,2.220446049250313e-16,0.8999999999999999,0.9702949688791759,0.0
trust-aware,scale,fashion_mnist,42,500,0,1.1,2.0,0.05,iid,1.0,500,41,1.8612273687051577,0.78117517888546,0.6192144140005111,nan,0.03616109218549084,0.0,1000.0,0.0,nan,0,8,0,500,0.7646067359962979,0.0,0.21621621621621623,0.0,0.09939172471768411,0.0,1.861227368705158,0.0,1.0775325088887602,0.0,1.861227368705158,2.220446049250313e-16,0.915,0.9688926607621967,0.0
trust-aware,scale,fashion_mnist,42,500,0,1.1,2.0,0.05,iid,1.0,500,42,1.904583560352156,0.7816791801452637,0.6173855296373367,nan,0.035596920744232506,0.0,1000.0,0.0,nan,0,2,0,184,0.8952165336712546,0.0,0.08695652173913043,0.0,0.09640002222574119,0.0,1.9045835603521557,0.0,1.3415720048158064,0.0,1.9045835603521557,2.220446049250313e-16,0.9299999999999999,0.9683549678721713,0.0
trust-aware,scale,fashion_mnist,42,500,0,1.1,2.0,0.05,iid,1.0,500,43,1.9495402035165759,0.7825743798017502,0.615160402417183,nan,0.035636963579675246,0.0,1000.0,0.0,nan,0,5,0,319,0.6718503678667134,0.0,0.1724137931034483,0.0,0.0823429544908949,0.0,1.9495402035165765,0.0,1.019183319190453,0.0,1.9495402035165765,6.661338147750939e-16,0.945,0.9674509834487748,0.0
trust-aware,scale,fashion_mnist,42,500,0,1.1,2.0,0.05,iid,1.0,500,44,1.9962009572946733,0.7829965817928314,0.6134105696678162,nan,0.034702392633665695,0.0,1000.0,0.0,nan,0,6,0,432,0.7440929385748777,0.0,0.18181818181818182,0.0,0.09060153649037006,0.0,1.9962009572946728,0.0,1.0346681854941628,0.0,1.9962009572946728,4.440892098500626e-16,0.96,0.9662049472152884,0.0
trust-aware,scale,fashion_mnist,42,500,0,1.1,2.0,0.05,iid,1.0,500,45,2.044685814238566,0.783439779996872,0.6115798057317734,nan,0.03459776496445691,0.0,1000.0,0.0,nan,0,6,0,282,0.8295048607720269,0.0,0.2222222222222222,0.0,0.0959467254319742,0.0,2.0446858142385658,0.0,1.2473991160039548,0.0,2.0446858142385658,4.440892098500626e-16,0.975,0.9653971370820397,0.0
trust-aware,scale,fashion_mnist,42,500,0,1.1,2.0,0.05,iid,1.0,500,46,2.0786677031269156,0.784263380765915,0.6098522453308105,nan,0.033489782951380075,0.0,1000.0,0.0,nan,0,1,0,121,0.9411927085173758,0.0,0.05263157894736842,0.0,0.09589717269653746,0.0,2.0786677031269156,0.0,1.591507114862141,0.0,2.0786677031269156,0.0,0.99,0.9650664835366752,0.0
trust-aware,scale,fashion_mnist,42,500,0,1.1,2.0,0.05,iid,1.0,500,47,2.1134879265457753,0.7845735805034637,0.6083300212621688,nan,0.03243896195834333,0.0,1000.0,0.0,nan,0,7,0,435,0.714714220978997,0.0,0.21212121212121213,0.0,0.08677870453816576,0.0,2.1134879265457758,0.0,0.9819868116667776,0.0,2.1134879265457758,4.440892098500626e-16,1.005,0.9638234380852829,0.0
trust-aware,scale,fashion_mnist,42,500,0,1.1,2.0,0.05,iid,1.0,500,48,2.1493007737632155,0.7852313809394836,0.606773836016655,nan,0.03265421325340867,0.0,1000.0,0.0,nan,0,2,0,146,0.9450551182031631,0.0,0.1,0.0,0.09819335997858,0.0,2.1493007737632155,0.0,1.4438367903232574,0.0,2.1493007737632155,0.0,1.02,0.9634045016443994,0.0
trust-aware,scale,fashion_mnist,42,500,0,1.1,2.0,0.05,iid,1.0,500,49,2.1861402047376153,0.7856893799304963,0.6053267390727997,nan,0.03266713632778688,0.0,1000.0,0.0,nan,0,5,0,181,0.7190493155609478,0.0,0.22727272727272727,0.0,0.08056507426898797,0.0,2.1861402047376153,0.0,1.1836954111402684,0.0,2.1861402047376153,0.0,1.035,0.9629264833581008,0.0
trust-aware,scale,fashion_mnist,42,500,0,1.1,2.0,0.05,iid,1.0,500,50,2.2240427388792705,0.7860365812778473,0.6040047521591186,nan,0.031839018836617466,0.0,1000.0,0.0,nan,0,8,0,224,0.7466237533092499,0.0,0.32,0.0,0.0868030241395216,0.0,2.22404273887927,0.0,1.0810600996017456,0.0,2.22404273887927,4.440892098500626e-16,1.05,0.9622924580762264,0.0
trust-aware,scale,fashion_mnist,42,500,0,1.1,2.0,0.05,iid,1.0,500,51,2.2630477569582963,0.7865211813449859,0.6026543753147126,nan,0.03273059360005639,0.0,1000.0,0.0,nan,0,3,0,169,0.8551488450982354,0.0,0.13636363636363635,0.0,0.09177363782882501,0.0,2.2630477569582967,0.0,1.2564917694438587,0.0,2.2630477569582967,4.440892098500626e-16,1.065,0.9618230891583063,0.0
trust-aware,scale,fashion_mnist,42,500,0,1.1,2.0,0.05,iid,1.0,500,52,2.303197848143191,0.7869457809925079,0.6015058327913284,nan,0.03265250669348808,0.0,1000.0,0.0,nan,0,1,0,163,0.6316406414622352,0.0,0.047619047619047616,0.0,0.07201061965072746,0.0,2.3031978481431916,0.0,1.0793525037311373,0.0,2.3031978481431916,4.440892098500626e-16,1.08,0.9613738371062023,0.0
trust-aware,scale,fashion_mnist,42,500,0,1.1,2.0,0.05,iid,1.0,500,53,2.344539209861966,0.7873567799329758,0.600242219209671,nan,0.032238129949705166,0.0,1000.0,0.0,nan,0,3,0,193,0.7505114105614749,0.0,0.13636363636363635,0.0,0.08066271804332378,0.0,2.3445392098619666,0.0,1.1402492089705034,0.0,2.3445392098619666,4.440892098500626e-16,1.095,0.9608077415945329,0.0
trust-aware,scale,fashion_mnist,42,500,0,1.1,2.0,0.05,iid,1.0,500,54,2.3871221095865076,0.7877825800180435,0.5991261976957322,nan,0.03306254354538396,0.0,1000.0,0.0,nan,0,7,0,371,0.7759439330548048,0.0,0.21875,0.0,0.08868724410228586,0.0,2.387122109586507,0.0,1.0242487080395222,0.0,2.387122109586507,4.440892098500626e-16,1.11,0.9598008954278674,0.0
trust-aware,scale,fashion_mnist,42,500,0,1.1,2.0,0.05,iid,1.0,500,55,2.431001419315337,0.7878723785877227,0.5983661290407181,nan,0.030229493427802536,0.0,1000.0,0.0,nan,0,4,0,108,0.7883595613872304,0.0,0.23529411764705882,0.0,0.08051226436478125,0.0,2.431001419315337,0.0,1.2997786227394552,0.0,2.431001419315337,0.0,1.125,0.9594895653873915,0.0
trust-aware,scale,fashion_mnist,42,500,0,1.1,2.0,0.05,iid,1.0,500,56,2.4762372355197746,0.788723778963089,0.5967499605417251,nan,0.031596716094229906,0.0,1000.0,0.0,nan,0,4,0,68,1.0125094673463277,0.0,0.2857142857142857,0.0,0.08966379072688635,0.0,2.476237235519775,0.0,1.4036836879593986,0.0,2.476237235519775,4.440892098500626e-16,1.1400000000000001,0.9592793644635874,0.0
trust-aware,scale,fashion_mnist,42,500,0,1.1,2.0,0.05,iid,1.0,500,57,2.5228955996813527,0.788825380206108,0.5962026666402817,nan,0.03191112793449845,0.0,1000.0,0.0,nan,0,1,0,317,0.5794380200760705,0.0,0.03571428571428571,0.0,0.07216901077894564,0.0,2.5228955996813522,0.0,0.844341299363545,0.0,2.5228955996813522,4.440892098500626e-16,1.155,0.9583562608087869,0.0
trust-aware,scale,fashion_mnist,42,500,0,1.1,2.0,0.05,iid,1.0,500,58,2.5710493373515257,0.7892061802148819,0.5950536649227143,nan,0.03120008041150868,0.0,1000.0,0.0,nan,0,8,0,418,0.7206414230167866,0.0,0.25,0.0,0.08082721514379404,0.0,2.5710493373515257,0.0,0.9336288087069988,0.0,2.5710493373515257,0.0,1.1700000000000002,0.957173687521399,0.0
trust-aware,scale,fashion_mnist,42,500,0,1.1,2.0,0.05,iid,1.0,500,59,2.620779036985648,0.7895069807767868,0.5942881507873535,nan,0.031152314223025158,0.0,1000.0,0.0,nan,0,3,0,179,0.7988729075245236,0.0,0.13043478260869565,0.0,0.08429591706988003,0.0,2.6207790369856485,0.0,1.1689118354216865,0.0,2.6207790369856485,4.440892098500626e-16,1.185,0.9566479641644033,0.0
trust-aware,scale,fashion_mnist,42,500,0,1.1,2.0,0.05,iid,1.0,500,60,2.672174193730253,0.7896379787921906,0.5938945361375809,nan,0.03202487559368213,0.0,1000.0,0.0,nan,0,2,0,230,0.6469335506359736,0.0,0.08333333333333333,0.0,0.07171719116714867,0.0,2.6721741937302523,0.0,0.9995879704753557,0.0,2.6721741937302523,4.440892098500626e-16,1.2,0.9560203928269434,0.0
trust-aware,scale,fashion_mnist,42,500,0,1.1,2.0,0.05,iid,1.0,500,61,2.7253345479753266,0.7898017807006836,0.5934091355800629,nan,0.03151288248885136,0.0,1000.0,0.0,nan,0,4,0,272,0.8046565285095801,0.0,0.15384615384615385,0.0,0.08324006848869892,0.0,2.725334547975327,0.0,0.9814725174353673,0.0,2.725334547975327,4.440892098500626e-16,1.215,0.9552400096060755,0.0
trust-aware,scale,fashion_mnist,42,500,0,1.1,2.0,0.05,iid,1.0,500,62,2.7803716539313506,0.7902469799518586,0.5923603682518005,nan,0.031108674306709033,0.0,1000.0,0.0,nan,0,6,0,254,0.646136523439334,0.0,0.23076923076923078,0.0,0.07631314283593597,0.0,2.780371653931351,0.0,0.9579828014740577,0.0,2.780371653931351,4.440892098500626e-16,1.2299999999999998,0.9545226836450715,0.0
trust-aware,scale,fashion_mnist,42,500,0,1.1,2.0,0.05,iid,1.0,500,63,2.8374107198726692,0.7905257799625397,0.5916910272836685,nan,0.030593704723287374,0.0,1000.0,0.0,nan,0,10,0,380,0.6497331568971276,0.0,0.3125,0.0,0.07118202649533903,0.0,2.8374107198726697,0.0,0.8748933505266905,0.0,2.8374107198726697,4.440892098500626e-16,1.245,0.953517517167944,0.0
trust-aware,scale,fashion_mnist,42,500,0,1.1,2.0,0.05,iid,1.0,500,64,2.8797317800857956,0.790860581278801,0.5909801661968231,nan,0.03128314610304577,0.0,1000.0,0.0,nan,0,9,0,313,0.6628475540450641,0.0,0.32142857142857145,0.0,0.07356968836218966,0.0,2.8797317800857956,0.0,0.9332028989280973,0.0,2.8797317800857956,0.0,1.26,0.9526849776618314,0.0
trust-aware,scale,fashion_mnist,42,500,0,1.1,2.0,0.05,iid,1.0,500,65,2.9146882802902803,0.7912073800563812,0.5901656280755997,nan,0.03092249260785488,0.0,1000.0,nan,nan,0,0,0,250,0.5379707194291629,0.0,0.0,0.0,0.059328206497641034,0.0,2.9146882802902803,0.0,0.8730812485401447,0.0,2.9146882802902803,0.0,1.275,0.9520133850335811,0.0
trust-aware,scale,fashion_mnist,42,500,0,1.1,2.0,0.05,iid,1.0,500,66,2.9504496656185593,0.791556579709053,0.5894660131931305,nan,0.02855371817946434,0.0,1000.0,0.0,nan,0,1,0,225,0.5136217772960663,0.0,0.04,0.0,0.05920933441798825,0.0,2.950449665618559,0.0,0.8352411603927612,0.0,2.950449665618559,4.440892098500626e-16,1.2900000000000003,0.9513886993583324,0.0
trust-aware,scale,fashion_mnist,42,500,0,1.1,2.0,0.05,iid,1.0,500,67,2.9870369056922645,0.7915925776958466,0.5892682249546051,nan,0.029499741528054763,0.0,1000.0,0.0,nan,0,8,0,328,0.5484872686451879,0.0,0.27586206896551724,0.0,0.06358686650582633,0.0,2.9870369056922645,0.0,0.7855016630271385,0.0,2.9870369056922645,0.0,1.305,0.9504832657497185,0.0
trust-aware,scale,fashion_mnist,42,500,0,1.1,2.0,0.05,iid,1.0,500,68,3.0244720059477888,0.7919235805273056,0.5886411697864532,nan,0.029321740545770702,0.0,1000.0,0.0,nan,0,13,0,431,0.6189118606202743,0.0,0.38235294117647056,0.0,0.07237081432459205,0.0,3.0244720059477883,0.0,0.7807942751575919,0.0,3.0244720059477883,4.440892098500626e-16,1.32,0.9492757451394964,0.0
trust-aware,scale,fashion_mnist,42,500,0,1.1,2.0,0.05,iid,1.0,500,69,3.062778081137312,0.7920583797693252,0.5883675255775451,nan,0.029957531608249013,0.0,1000.0,0.0,nan,0,3,0,109,0.6073646027790872,0.0,0.15789473684210525,0.0,0.06209598380508391,0.0,3.062778081137312,0.0,1.0276990313279002,0.0,3.062778081137312,0.0,1.335,0.9489606785343314,0.0
trust-aware,scale,fashion_mnist,42,500,0,1.1,2.0,0.05,iid,1.0,500,70,3.1019794351188676,0.7924045805931091,0.5875211578607559,nan,0.03109323183695475,0.0,1000.0,0.0,nan,0,3,0,85,0.680979295571645,0.0,0.2,0.0,0.06849033470359692,0.0,3.101979435118868,0.0,1.194024956226349,0.0,3.101979435118868,4.440892098500626e-16,1.3499999999999999,0.9487308901985436,0.0
trust-aware,scale,fashion_mnist,42,500,0,1.1,2.0,0.05,iid,1.0,500,71,3.1421016475291226,0.792567379117012,0.5873154853582382,nan,0.02955268839882179,0.0,1000.0,0.0,nan,0,2,0,176,0.531541492451321,0.0,0.09090909090909091,0.0,0.05414345076391352,0.0,3.1421016475291235,0.0,0.8910845463926141,0.0,3.1421016475291235,8.881784197001252e-16,1.3650000000000002,0.9482689175949295,0.0
trust-aware,scale,fashion_mnist,42,500,0,1.1,2.0,0.05,iid,1.0,500,72,3.183171667991226,0.7928361797332764,0.5870447990894317,nan,0.029570031240582467,0.0,1000.0,0.0,nan,0,8,0,214,0.6356155836582184,0.0,0.32,0.0,0.06690748357951933,0.0,3.183171667991225,0.0,0.9328512692451477,0.0,3.183171667991225,8.881784197001252e-16,1.38,0.9476896222571313,0.0
trust-aware,scale,fashion_mnist,42,500,0,1.1,2.0,0.05,iid,1.0,500,73,3.225217918574414,0.7929713795185089,0.5868112690448761,nan,0.02999135572463274,0.0,1000.0,0.0,nan,0,4,0,392,0.6414382113143802,0.0,0.125,0.0,0.06888214379555946,0.0,3.225217918574415,0.0,0.8050648830831051,0.0,3.225217918574415,8.881784197001252e-16,1.395,0.9466161962992179,0.0
trust-aware,scale,fashion_mnist,42,500,0,1.1,2.0,0.05,iid,1.0,500,74,3.2682704052928386,0.793136379122734,0.5864952330589295,nan,0.02933351183310151,0.0,1000.0,0.0,nan,0,2,0,240,0.5565040496488413,0.0,0.08333333333333333,0.0,0.06728656341475124,0.0,3.268270405292838,0.0,0.8756678104400635,0.0,3.268270405292838,4.440892098500626e-16,1.41,0.945951821769037,0.0
trust-aware,scale,fashion_mnist,42,500,0,1.1,2.0,0.05,iid,1.0,500,75,3.3123608395086923,0.7931523799896241,0.5864499886035919,nan,0.02872034327055399,0.0,1000.0,0.0,nan,0,4,0,254,0.611604990867468,0.0,0.15384615384615385,0.0,0.058405397008916886,0.0,3.3123608395086928,0.0,0.7810445382044866,0.0,3.3123608395086928,4.440892098500626e-16,1.425,0.945282320910419,0.0
trust-aware,scale,fashion_mnist,42,500,0,1.1,2.0,0.05,iid,1.0,500,76,3.357522770189856,0.7935877797603608,0.5857101935148239,nan,0.029326259202900388,0.0,1000.0,nan,nan,0,0,0,164,0.4964341052940914,0.0,0.0,0.0,0.05116088029230744,0.0,3.357522770189855,0.0,0.8676809725307283,0.0,3.357522770189855,8.881784197001252e-16,1.4400000000000002,0.9448816255014051,0.0
trust-aware,scale,fashion_mnist,42,500,0,1.1,2.0,0.05,iid,1.0,500,77,3.4037917280656296,0.7936217797994614,0.5856953499317169,nan,0.028587205180277426,0.0,1000.0,0.0,nan,0,9,0,227,0.5701479290922483,0.0,0.375,0.0,0.06045578134203008,0.0,3.403791728065629,0.0,0.8613543510437012,0.0,3.403791728065629,4.440892098500626e-16,1.4549999999999998,0.9442914375490755,0.0
trust-aware,scale,fashion_mnist,42,500,0,1.1,2.0,0.05,iid,1.0,500,78,3.4512053828263247,0.7939969795942307,0.5853189386129379,nan,0.027784603304768864,0.0,1000.0,0.0,nan,0,4,0,128,0.5071431021941336,0.0,0.21052631578947367,0.0,0.05119670636647575,0.0,3.451205382826324,0.0,0.8994022450949016,0.0,3.451205382826324,8.881784197001252e-16,1.47,0.9439607174154132,0.0
trust-aware,scale,fashion_mnist,42,500,0,1.1,2.0,0.05,iid,1.0,500,79,3.499803714624289,0.7939763810634614,0.5852684055566788,nan,0.02871852791444822,0.0,1000.0,0.0,nan,0,2,0,196,0.5639681396159258,0.0,0.09090909090909091,0.0,0.05816265965486798,0.0,3.4998037146242895,0.0,0.879485084251924,0.0,3.4998037146242895,4.440892098500626e-16,1.485,0.9434348428314663,0.0
trust-aware,scale,fashion_mnist,42,500,0,1.1,2.0,0.05,iid,1.0,500,80,3.549629201256186,0.7940325798988342,0.585258868932724,nan,0.029563318339309523,0.0,1000.0,0.0,nan,0,4,0,310,0.4665796480008534,0.0,0.14285714285714285,0.0,0.05158942989948354,0.0,3.5496292012561863,0.0,0.7207215981824058,0.0,3.5496292012561863,4.440892098500626e-16,1.5,0.9426502058052582,0.0
trust-aware,scale,fashion_mnist,42,500,0,1.1,2.0,0.05,iid,1.0,500,81,3.600727022539671,0.7942345812320709,0.5849668139219284,nan,0.029414478093385696,0.0,1000.0,0.0,nan,0,1,0,229,0.5391374969482422,0.0,0.04,0.0,0.057124144784242964,0.0,3.6007270225396715,0.0,0.8278574180603028,0.0,3.6007270225396715,4.440892098500626e-16,1.515,0.9420457671184882,0.0
trust-aware,scale,fashion_mnist,42,500,0,1.1,2.0,0.05,iid,1.0,500,82,3.653145283543021,0.7944249805212021,0.5847064116001129,nan,0.02688995731825178,0.0,1000.0,nan,nan,0,0,0,40,0.6020669720389626,0.0,0.0,0.0,0.049108153066729866,0.0,3.65314528354302,0.0,1.148799029263583,0.0,3.65314528354302,8.881784197001252e-16,1.53,0.9419274020223763,0.0
trust-aware,scale,fashion_mnist,42,500,0,1.1,2.0,0.05,iid,1.0,500,83,3.706935258484402,0.7945459810495377,0.5849894601106643,nan,0.02765198443084955,0.0,1000.0,0.0,nan,0,1,0,153,0.5265703693032264,0.0,0.05,0.0,0.053047827432096795,0.0,3.706935258484402,0.0,0.8409763634204864,0.0,3.706935258484402,0.0,1.5450000000000002,0.9415431411408509,0.0
trust-aware,scale,fashion_mnist,42,500,0,1.1,2.0,0.05,iid,1.0,500,84,3.7621516572892535,0.7945937806367874,0.5847581675052643,nan,0.028148196346592158,0.0,1000.0,0.0,nan,0,6,0,428,0.42804742977023125,0.0,0.1875,0.0,0.05123657680398856,0.0,3.7621516572892526,0.0,0.5993145322427154,0.0,3.7621516572892526,8.881784197001252e-16,1.56,0.9403759417420222,0.0
trust-aware,scale,fashion_mnist,42,500,0,1.1,2.0,0.05,iid,1.0,500,85,3.818852916980401,0.7948165810108185,0.5845444723367691,nan,0.02740467187355865,0.0,1000.0,0.0,nan,0,5,0,181,0.5618747973983939,0.0,0.22727272727272727,0.0,0.05659920593755785,0.0,3.818852916980402,0.0,0.7965677624399011,0.0,3.818852916980402,8.881784197001252e-16,1.575,0.9398898277602207,0.0
trust-aware,scale,fashion_mnist,42,500,0,1.1,2.0,0.05,iid,1.0,500,86,3.874737541093223,0.7948765799999237,0.5845363665819168,nan,0.02777484804391861,0.0,1000.0,0.0,nan,0,1,0,203,0.4715571390545886,0.0,0.043478260869565216,0.0,0.04814626045978934,0.0,3.8747375410932245,0.0,0.734069868274357,0.0,3.8747375410932245,1.3322676295501878e-15,1.5899999999999999,0.9393600381840739,0.0
trust-aware,scale,fashion_mnist,42,500,0,1.1,2.0,0.05,iid,1.0,500,87,3.916240373005058,0.7952093795537949,0.5844932806491852,nan,0.029614053899422288,0.0,1000.0,0.0,nan,0,4,0,82,0.6883071474730968,0.0,0.25,0.0,0.06201104818181597,0.0,3.916240373005059,0.0,1.0263279862701893,0.0,3.916240373005059,8.881784197001252e-16,1.6050000000000002,0.9391234991950271,0.0
trust-aware,scale,fashion_mnist,42,500,0,1.1,2.0,0.05,iid,1.0,500,88,3.958594794875645,0.7953123799562454,0.5842472687959671,nan,0.028417059608424704,0.0,1000.0,0.0,nan,0,3,0,223,0.44944614296158153,0.0,0.125,0.0,0.04656200570623593,0.0,3.9585947948756446,0.0,0.720139279961586,0.0,3.9585947948756446,4.440892098500626e-16,1.62,0.9385712189344381,0.0
trust-aware,scale,fashion_mnist,42,500,0,1.1,2.0,0.05,iid,1.0,500,89,4.00182186932881,0.7953017785549163,0.5844117187261582,nan,0.02828223454869456,0.0,1000.0,0.0,nan,0,3,0,113,0.5542884634600745,0.0,0.16666666666666666,0.0,0.055167679807678977,0.0,4.0018218693288095,0.0,0.9208543863561418,0.0,4.0018218693288095,8.881784197001252e-16,1.635,0.9382720650222738,0.0
trust-aware,scale,fashion_mnist,42,500,0,1.1,2.0,0.05,iid,1.0,500,90,4.045943537463281,0.795275978922844,0.5845307774543762,nan,0.027466788446824802,0.0,1000.0,0.0,nan,0,8,0,534,0.492396260562696,0.0,0.21052631578947367,0.0,0.05265508615860473,0.0,4.045943537463281,0.0,0.583371273781124,0.0,4.045943537463281,0.0,1.65,0.9368542707395869,0.0
trust-aware,scale,fashion_mnist,42,500,0,1.1,2.0,0.05,iid,1.0,500,91,4.090982666874294,0.7955013800859452,0.5844673931598663,nan,0.026266532666657284,0.0,1000.0,nan,nan,0,0,0,194,0.5817526190177255,0.0,0.0,0.0,0.05685567281453121,0.0,4.090982666874295,0.0,0.8337040724961654,0.0,4.090982666874295,8.881784197001252e-16,1.6649999999999998,0.9363194902497025,0.0
trust-aware,scale,fashion_mnist,42,500,0,1.1,2.0,0.05,iid,1.0,500,92,4.136963102650078,0.7954903792142868,0.5848026435375213,nan,0.02888283133506775,0.0,1000.0,0.0,nan,0,7,0,215,0.4831617698073387,0.0,0.2916666666666667,0.0,0.050571344656451335,0.0,4.136963102650079,0.0,0.7398166631658872,0.0,4.136963102650079,8.881784197001252e-16,1.6800000000000002,0.9357451441746593,0.0
trust-aware,scale,fashion_mnist,42,500,0,1.1,2.0,0.05,iid,1.0,500,93,4.183909721536838,0.7956383806467057,0.5847040207386017,nan,0.02756966485713537,0.0,1000.0,0.0,nan,0,4,0,250,0.4228946383182819,0.0,0.15384615384615385,0.0,0.04488381654844353,0.0,4.183909721536837,0.0,0.6549316644668579,0.0,4.183909721536837,8.881784197001252e-16,1.695,0.9351164433789825,0.0
trust-aware,scale,fashion_mnist,42,500,0,1.1,2.0,0.05,iid,1.0,500,94,4.231848489478358,0.7958305780887603,0.5848274468183517,nan,0.02591012679040432,0.0,1000.0,nan,nan,0,0,0,146,0.49120295569300654,0.0,0.0,0.0,0.049096185266679,0.0,4.231848489478359,0.0,0.7665680438280106,0.0,4.231848489478359,8.881784197001252e-16,1.71,0.9347089648260654,0.0
trust-aware,scale,fashion_mnist,42,500,0,1.1,2.0,0.05,iid,1.0,500,95,4.28080652274961,0.7956779812574386,0.5851787480115891,nan,0.02745698874109778,0.0,1000.0,0.0,nan,0,5,0,325,0.4629055107461995,0.0,0.1724137931034483,0.0,0.047911677921008776,0.0,4.280806522749609,0.0,0.6327623067231014,0.0,4.280806522749609,8.881784197001252e-16,1.7249999999999999,0.9338389224782062,0.0
trust-aware,scale,fashion_mnist,42,500,0,1.1,2.0,0.05,iid,1.0,500,96,4.330812152917754,0.7958909806013107,0.5854700628519058,nan,0.027723607846668788,0.0,1000.0,0.0,nan,0,5,0,509,0.43557751519339427,0.0,0.14285714285714285,0.0,0.04928042736027988,0.0,4.330812152917753,0.0,0.5504616745880672,0.0,4.330812152917753,8.881784197001252e-16,1.7400000000000002,0.9324747341774428,0.0
trust-aware,scale,fashion_mnist,42,500,0,1.1,2.0,0.05,iid,1.0,500,97,4.381894995878737,0.796136979341507,0.5849460669755936,nan,0.027479152594293867,0.0,1000.0,0.0,nan,0,1,0,291,0.4183603972196579,0.0,0.03571428571428571,0.0,0.04547068994884603,0.0,4.381894995878737,0.0,0.6295215764216014,0.0,4.381894995878737,0.0,1.7550000000000001,0.9317029137290638,0.0
trust-aware,scale,fashion_mnist,42,500,0,1.1,2.0,0.05,iid,1.0,500,98,4.434086025233358,0.7961007797718048,0.5854115527868271,nan,0.02658720128238201,0.0,1000.0,nan,nan,0,0,0,82,0.4679902770689556,0.0,0.0,0.0,0.043265071041425025,0.0,4.434086025233357,0.0,0.8342036519731794,0.0,4.434086025233357,8.881784197001252e-16,1.77,0.9314910778108687,0.0
trust-aware,scale,fashion_mnist,42,500,0,1.1,2.0,0.05,iid,1.0,500,99,4.4874176502831755,0.7961735793352127,0.5855671863555908,nan,0.0264668563461822,0.0,1000.0,0.0,nan,0,4,0,192,0.4387561614098756,0.0,0.17391304347826086,0.0,0.04753988124566138,0.0,4.487417650283177,0.0,0.7183438694995382,0.0,4.487417650283177,1.7763568394002505e-15,1.785,0.9309633459659212,0.0
trust-aware,scale,fashion_mnist,42,500,0,1.1,2.0,0.05,iid,1.0,500,100,4.5419237989440235,0.7963293801546096,0.585435581445694,nan,0.02659529488047828,0.0,1000.0,0.0,nan,0,4,0,200,0.45634398382642993,0.0,0.17391304347826086,0.0,0.04760711323739617,0.0,4.541923798944024,0.0,0.7276727790417878,0.0,4.541923798944024,8.881784197001252e-16,1.7999999999999998,0.9304617101269591,0.0
trust-aware,scale,fashion_mnist,42,500,0,1.1,2.0,0.05,iid,1.0,500,101,4.597640005893232,0.7963611783981324,0.5859511604309082,nan,0.025092905014753343,0.0,1000.0,0.0,nan,0,4,0,348,0.39173303842544555,0.0,0.13333333333333333,0.0,0.04349822530246506,0.0,4.597640005893232,0.0,0.5690360496441523,0.0,4.597640005893232,0.0,1.8150000000000002,0.9295453381173618,0.0
trust-aware,scale,fashion_mnist,42,500,0,1.1,2.0,0.05,iid,1.0,500,102,4.65460350628586,0.7964675810337066,0.5859600583314896,nan,0.02651238103431684,0.0,1000.0,0.0,nan,0,5,0,277,0.4071333662227348,0.0,0.18518518518518517,0.0,0.04371655282716955,0.0,4.654603506285861,0.0,0.6039100465951143,0.0,4.654603506285861,8.881784197001252e-16,1.83,0.9288083309931963,0.0
trust-aware,scale,fashion_mnist,42,500,0,1.1,2.0,0.05,iid,1.0,500,103,4.712853335395463,0.7963719799518585,0.5864793452024459,nan,0.02576908003538847,0.0,1000.0,0.0,nan,0,3,0,287,0.4210636599787644,0.0,0.10714285714285714,0.0,0.04540345374838713,0.0,4.712853335395464,0.0,0.605799315231187,0.0,4.712853335395464,8.881784197001252e-16,1.845,0.9280454153285269,0.0
trust-aware,scale,fashion_mnist,42,500,0,1.1,2.0,0.05,iid,1.0,500,104,4.772430434556013,0.7965379805564881,0.5865798904895783,nan,0.02634264888862769,0.0,1000.0,0.0,nan,0,12,0,342,0.41978867451349894,0.0,0.4,0.0,0.04460788031377398,0.0,4.772430434556013,0.0,0.5841624011596044,0.0,4.772430434556013,0.0,1.8599999999999999,0.9271685392948662,0.0
trust-aware,scale,fashion_mnist,42,500,0,1.1,2.0,0.05,iid,1.0,500,105,4.833377763803692,0.7964601784944534,0.5869033442735672,nan,0.026254874937560246,0.0,1000.0,0.0,nan,0,2,0,270,0.3791174849738245,0.0,0.08695652173913043,0.0,0.03961969291948132,0.0,4.833377763803692,0.0,0.5776273349057073,0.0,4.833377763803692,0.0,1.875,0.9264839088683609,0.0
trust-aware,scale,fashion_mnist,42,500,0,1.1,2.0,0.05,iid,1.0,500,106,4.895740421640309,0.7965599782466889,0.5870666390657425,nan,0.025767843389222698,0.0,1000.0,0.0,nan,0,1,0,363,0.34419545050590267,0.0,0.03225806451612903,0.0,0.03959652760785976,0.0,4.89574042164031,0.0,0.5342295333262412,0.0,4.89574042164031,8.881784197001252e-16,1.8900000000000001,0.9255671749071018,0.0
trust-aware,scale,fashion_mnist,42,500,0,1.1,2.0,0.05,iid,1.0,500,107,4.959565772364041,0.7967767800092698,0.5869125843048095,nan,0.025424719449471344,0.0,1000.0,0.0,nan,0,4,0,190,0.44325015490705316,0.0,0.18181818181818182,0.0,0.04545241676603346,0.0,4.959565772364042,0.0,0.6615545505827124,0.0,4.959565772364042,8.881784197001252e-16,1.905,0.9250817768621737,0.0
trust-aware,scale,fashion_mnist,42,500,0,1.1,2.0,0.05,iid,1.0,500,108,5.024903581438015,0.7966623787879944,0.5878549805879593,nan,0.02607926888310391,0.0,1000.0,0.0,nan,0,5,0,193,0.4318496701510056,0.0,0.21739130434782608,0.0,0.04657395985737049,0.0,5.024903581438016,0.0,0.6723787395850472,0.0,5.024903581438016,8.881784197001252e-16,1.92,0.9245727151539782,0.0
trust-aware,scale,fashion_mnist,42,500,0,1.1,2.0,0.05,iid,1.0,500,109,5.09180615939299,0.7968657793998718,0.5877235305309295,nan,0.0260363604481283,0.0,1000.0,0.0,nan,0,11,0,517,0.383458422202813,0.0,0.2894736842105263,0.0,0.043319132304556675,0.0,5.0918061593929895,0.0,0.4931822732875222,0.0,5.0918061593929895,8.881784197001252e-16,1.935,0.9232371708772897,0.0
trust-aware,scale,fashion_mnist,42,500,0,1.1,2.0,0.05,iid,1.0,500,110,5.16032851478683,0.7967975804805756,0.5880550509691238,nan,0.026290146226529032,0.0,1000.0,0.0,nan,0,4,0,428,0.3646436152048409,0.0,0.125,0.0,0.04112669625711021,0.0,5.160328514786828,0.0,0.5321205966174603,0.0,5.160328514786828,1.7763568394002505e-15,1.95,0.9221759608020301,0.0
trust-aware,scale,fashion_mnist,42,500,0,1.1,2.0,0.05,iid,1.0,500,111,5.207853168736674,0.7967475793361664,0.5885670648813248,nan,0.0250047854334116,0.0,1000.0,0.0,nan,0,7,0,213,0.407089604139328,0.0,0.28,0.0,0.042210073736059825,0.0,5.207853168736674,0.0,0.6506982564926147,0.0,5.207853168736674,0.0,1.965,0.9216299643721003,0.0
trust-aware,scale,fashion_mnist,42,500,0,1.1,2.0,0.05,iid,1.0,500,112,5.252493593221522,0.7970903785228729,0.5885479387044906,nan,0.0255295421395983,0.0,1000.0,0.0,nan,0,5,0,187,0.3628961642583211,0.0,0.23809523809523808,0.0,0.03829707947797992,0.0,5.252493593221521,0.0,0.6279932686260769,0.0,5.252493593221521,8.881784197001252e-16,1.98,0.9211822466647936,0.0
trust-aware,scale,fashion_mnist,42,500,0,1.1,2.0,0.05,iid,1.0,500,113,5.297900042856843,0.7970121796131134,0.5889940465688706,nan,0.02566782238356995,0.0,1000.0,0.0,nan,0,9,0,383,0.35094904944752203,0.0,0.2727272727272727,0.0,0.039727713180938214,0.0,5.297900042856844,0.0,0.5218476066083619,0.0,5.297900042856844,8.881784197001252e-16,1.995,0.920237885150893,0.0
trust-aware,scale,fashion_mnist,42,500,0,1.1,2.0,0.05,iid,1.0,500,114,5.344087390883105,0.7968523799180984,0.5895477648973465,nan,0.02640851073223969,0.0,1000.0,0.0,nan,0,3,0,353,0.3681890666484833,0.0,0.10344827586206896,0.0,0.03935572742929537,0.0,5.344087390883105,0.0,0.5286572996912331,0.0,5.344087390883105,0.0,2.01,0.9193644830707506,0.0
trust-aware,scale,fashion_mnist,42,500,0,1.1,2.0,0.05,iid,1.0,500,115,5.391070942635641,0.7969745783805847,0.5896589740514755,nan,0.025518328483615602,0.0,1000.0,0.0,nan,0,1,0,303,0.32751477509737015,0.0,0.03571428571428571,0.0,0.036249850118857466,0.0,5.391070942635641,0.0,0.5193776147706168,0.0,5.391070942635641,0.0,2.025,0.9186059647166112,0.0
trust-aware,scale,fashion_mnist,42,500,0,1.1,2.0,0.05,iid,1.0,500,116,5.4388664510187725,0.7971603804826737,0.5897927324771881,nan,0.026359435453107864,0.0,1000.0,0.0,nan,0,10,0,404,0.3381672158385768,0.0,0.30303030303030304,0.0,0.03796168184598388,0.0,5.438866451018773,0.0,0.489109532399611,0.0,5.438866451018773,8.881784197001252e-16,2.04,0.9176308436955637,0.0
trust-aware,scale,fashion_mnist,42,500,0,1.1,2.0,0.05,iid,1.0,500,117,5.48749013258289,0.7971303786039352,0.5904653562307358,nan,0.024204132768015068,0.0,1000.0,0.0,nan,0,3,0,207,0.39980848506093025,0.0,0.125,0.0,0.039406481868347804,0.0,5.487490132582891,0.0,0.588037601361672,0.0,5.487490132582891,8.881784197001252e-16,2.055,0.9171115596431896,0.0
trust-aware,scale,fashion_mnist,42,500,0,1.1,2.0,0.05,iid,1.0,500,118,5.536958684228259,0.7971619793176651,0.5909270389080048,nan,0.024602668840558298,0.0,1000.0,0.0,nan,0,2,0,400,0.3210124171549274,0.0,0.06451612903225806,0.0,0.035325627937658664,0.0,5.536958684228258,0.0,0.4695124991478459,0.0,5.536958684228258,8.881784197001252e-16,2.07,0.9162106168455494,0.0
trust-aware,scale,fashion_mnist,42,500,0,1.1,2.0,0.05,iid,1.0,500,119,5.5872893005602045,0.7970799800157548,0.5912701095342636,nan,0.024400160182267427,0.0,1000.0,0.0,nan,0,3,0,255,0.36802681535482407,0.0,0.125,0.0,0.040014706241811526,0.0,5.587289300560204,0.0,0.5562423467636108,0.0,5.587289300560204,8.881784197001252e-16,2.085,0.9155489598680918,0.0
trust-aware,scale,fashion_mnist,42,500,0,1.1,2.0,0.05,iid,1.0,500,120,5.638499691921221,0.7971949799060821,0.5916719644069671,nan,0.024930224055424333,0.0,1000.0,0.0,nan,0,1,0,381,0.3360225413925946,0.0,0.03125,0.0,0.037798751174032204,0.0,5.638499691921221,0.0,0.5081718014553189,0.0,5.638499691921221,0.0,2.1,0.9146180720898985,0.0
trust-aware,scale,fashion_mnist,42,500,0,1.1,2.0,0.05,iid,1.0,500,121,5.690608103126535,0.7972517778873444,0.5919229699373245,nan,0.02636061544562208,0.0,1000.0,0.0,nan,0,5,0,311,0.31036216226117364,0.0,0.1724137931034483,0.0,0.03525179477003121,0.0,5.690608103126535,0.0,0.5078762050332695,0.0,5.690608103126535,0.0,2.115,0.9138781639380577,0.0
trust-aware,scale,fashion_mnist,42,500,0,1.1,2.0,0.05,iid,1.0,500,122,5.743633332930533,0.7974129804372787,0.5922751711606979,nan,0.024513844008508482,0.0,1000.0,0.0,nan,0,2,0,126,0.38237306161930684,0.0,0.10526315789473684,0.0,0.03924412307861963,0.0,5.743633332930533,0.0,0.6830538730872305,0.0,5.743633332930533,0.0,2.13,0.9135707584503976,0.0
trust-aware,scale,fashion_mnist,42,500,0,1.1,2.0,0.05,iid,1.0,500,123,5.797594754252546,0.7972247793674468,0.5928828955888749,nan,0.024373353732859388,0.0,1000.0,nan,nan,0,0,0,112,0.3670910579316756,0.0,0.0,0.0,0.035004668839712726,0.0,5.797594754252545,0.0,0.6418829314848956,0.0,5.797594754252545,8.881784197001252e-16,2.145,0.9133000596265217,0.0
trust-aware,scale,fashion_mnist,42,500,0,1.1,2.0,0.05,iid,1.0,500,124,5.852512335191406,0.7974313796758652,0.593112193107605,nan,0.024162902051339977,0.0,1000.0,0.0,nan,0,2,0,222,0.3566258497860121,0.0,0.08695652173913043,0.0,0.036596069891755435,0.0,5.852512335191406,0.0,0.543269333632096,0.0,5.852512335191406,0.0,2.16,0.9127112863960822,0.0
trust-aware,scale,fashion_mnist,42,500,0,1.1,2.0,0.05,iid,1.0,500,125,5.908406660859312,0.7973655791282653,0.5936177648305893,nan,0.02583263428122909,0.0,1000.0,0.0,nan,0,3,0,265,0.3288956919202098,0.0,0.1111111111111111,0.0,0.03612616281232283,0.0,5.908406660859313,0.0,0.5214228409307974,0.0,5.908406660859313,8.881784197001252e-16,2.175,0.9120387210509007,0.0
trust-aware,scale,fashion_mnist,42,500,0,1.1,2.0,0.05,iid,1.0,500,126,5.9652989560665395,0.7973467791080475,0.5938640373945236,nan,0.025796048539249522,0.0,1000.0,0.0,nan,0,1,0,137,0.3730007739443528,0.0,0.05263157894736842,0.0,0.03748020503610874,0.0,5.965298956066539,0.0,0.6644929427849618,0.0,5.965298956066539,8.881784197001252e-16,2.19,0.9117046519490047,0.0
trust-aware,scale,fashion_mnist,42,500,0,1.1,2.0,0.05,iid,1.0,500,127,6.023211108889667,0.7973695791959763,0.5944816977977753,nan,0.024293247440999203,0.0,1000.0,0.0,nan,0,4,0,188,0.3631045398387042,0.0,0.18181818181818182,0.0,0.03631980084758225,0.0,6.023211108889667,0.0,0.5714650858532299,0.0,6.023211108889667,0.0,2.205,0.9112385362228419,0.0
trust-aware,scale,fashion_mnist,42,500,0,1.1,2.0,0.05,iid,1.0,500,128,6.0821656951570935,0.7975597794055939,0.5945744903087616,nan,0.025022663176059723,0.0,1000.0,0.0,nan,0,2,0,128,0.3813178209882033,0.0,0.10526315789473684,0.0,0.03752217281190301,0.0,6.082165695157093,0.0,0.6430192683872423,0.0,6.082165695157093,8.881784197001252e-16,2.22,0.9109054713942409,0.0
trust-aware,scale,fashion_mnist,42,500,0,1.1,2.0,0.05,iid,1.0,500,129,6.142186003886753,0.7974257799386978,0.5953854250907898,nan,0.024001598753260845,0.0,1000.0,0.0,nan,0,1,0,419,0.29411771848346246,0.0,0.030303030303030304,0.0,0.03394088447844054,0.0,6.142186003886752,0.0,0.4412393326109106,0.0,6.142186003886752,8.881784197001252e-16,2.235,0.9098244970363204,0.0
trust-aware,scale,fashion_mnist,42,500,0,1.1,2.0,0.05,iid,1.0,500,130,6.203296063712107,0.7975293799638749,0.5955652258396149,nan,0.024571951833509263,0.0,1000.0,0.0,nan,0,5,0,167,0.3304241512502943,0.0,0.23809523809523808,0.0,0.03416716708202064,0.0,6.203296063712106,0.0,0.5617852736087072,0.0,6.203296063712106,8.881784197001252e-16,2.25,0.90941232807937,0.0
trust-aware,scale,fashion_mnist,42,500,0,1.1,2.0,0.05,iid,1.0,500,131,6.26552067033368,0.7975391812324524,0.5961441425085068,nan,0.02450161303083102,0.0,1000.0,nan,nan,0,0,0,162,0.32041984512692406,0.0,0.0,0.0,0.03244426918351651,0.0,6.2655206703336805,0.0,0.5648147662480673,0.0,6.2655206703336805,8.881784197001252e-16,2.265,0.9090311194035648,0.0
trust-aware,scale,fashion_mnist,42,500,0,1.1,2.0,0.05,iid,1.0,500,132,6.328885415034608,0.7974577783346176,0.5967340704202652,nan,0.023808123026457097,0.0,1000.0,0.0,nan,0,1,0,503,0.2911299512618118,0.0,0.027777777777777776,0.0,0.03293973060112937,0.0,6.328885415034607,0.0,0.4107074323627684,0.0,6.328885415034607,8.881784197001252e-16,2.2800000000000002,0.9078359763353633,0.0
trust-aware,scale,fashion_mnist,42,500,0,1.1,2.0,0.05,iid,1.0,500,133,6.393416714299886,0.7973673812150955,0.5972564506530762,nan,0.023707091946292808,0.0,1000.0,0.0,nan,0,2,0,256,0.30290499715893354,0.0,0.07407407407407407,0.0,0.03274144307010892,0.0,6.393416714299888,0.0,0.5057040883435143,0.0,6.393416714299888,1.7763568394002505e-15,2.295,0.9072602999363136,0.0
trust-aware,scale,fashion_mnist,42,500,0,1.1,2.0,0.05,iid,1.0,500,134,6.459141840580268,0.7976521812677383,0.5975795249938964,nan,0.02474361585210199,0.0,1000.0,nan,nan,0,0,0,190,0.31782501158506976,0.0,0.0,0.0,0.03349545936459607,0.0,6.459141840580269,0.0,0.5390419856361721,0.0,6.459141840580269,8.881784197001252e-16,2.31,0.9068097017077237,0.0
trust-aware,scale,fashion_mnist,42,500,0,1.1,2.0,0.05,iid,1.0,500,135,6.526088954243005,0.7975673801898956,0.5980918835401535,nan,0.023858872441841022,0.0,1000.0,nan,nan,0,0,0,306,0.2776598089507648,0.0,0.0,0.0,0.0317155840837671,0.0,6.526088954243007,0.0,0.4704065163220678,0.0,6.526088954243007,1.7763568394002505e-15,2.3249999999999997,0.9061022955056474,0.0
trust-aware,scale,fashion_mnist,42,500,0,1.1,2.0,0.05,iid,1.0,500,136,6.594287136752883,0.7976421788930893,0.5982650054693222,nan,0.023651042567758726,0.0,1000.0,0.0,nan,0,4,0,358,0.27716696570659505,0.0,0.13793103448275862,0.0,0.03173561724291435,0.0,6.594287136752883,0.0,0.43837895578351516,0.0,6.594287136752883,0.0,2.3400000000000003,0.9052347876948356,0.0
trust-aware,scale,fashion_mnist,42,500,0,1.1,2.0,0.05,iid,1.0,500,137,6.663766425128326,0.7975919798612595,0.5989299174547196,nan,0.023705054975805745,0.0,1000.0,0.0,nan,0,2,0,382,0.27282322799005815,0.0,0.06451612903225806,0.0,0.03193182248800025,0.0,6.663766425128329,0.0,0.43990432350866254,0.0,6.663766425128329,2.6645352591003757e-15,2.355,0.9044690311622435,0.0
trust-aware,scale,fashion_mnist,42,500,0,1.1,2.0,0.05,iid,1.0,500,138,6.734557847718581,0.797647178530693,0.5994881888628006,nan,0.024880061373114586,0.0,1000.0,0.0,nan,0,9,0,217,0.31623662769794464,0.0,0.36,0.0,0.0336251704162873,0.0,6.734557847718581,0.0,0.5166705536842346,0.0,6.734557847718581,0.0,2.37,0.9039793504604716,0.0
trust-aware,scale,fashion_mnist,42,500,0,1.1,2.0,0.05,iid,1.0,500,139,6.80669346134933,0.7976589797735214,0.599828099489212,nan,0.02487295327355733,0.0,1000.0,0.0,nan,0,1,0,549,0.2665004557048952,0.0,0.02702702702702703,0.0,0.032712194274246716,0.0,6.80669346134933,0.0,0.40542522878260223,0.0,6.80669346134933,0.0,2.385,0.9027335054858159,0.0
trust-aware,scale,fashion_mnist,42,500,0,1.1,2.0,0.05,iid,1.0,500,140,6.880206389885328,0.7976041803359986,0.6005229314565659,nan,0.02460467227949546,0.0,1000.0,nan,nan,0,0,0,270,0.27913165379029053,0.0,0.0,0.0,0.031041513514614073,0.0,6.88020638988533,0.0,0.46540480622878444,0.0,6.88020638988533,1.7763568394002505e-15,2.4,0.902063118896329,0.0
trust-aware,scale,fashion_mnist,42,500,0,1.1,2.0,0.05,iid,1.0,500,141,6.95513086425999,0.7975823792219162,0.6010010427236557,nan,0.022547512874007226,0.0,1000.0,0.0,nan,0,1,0,233,0.2827241605520248,0.0,0.04,0.0,0.02934837071454719,0.0,6.9551308642599885,0.0,0.4727772355079651,0.0,6.9551308642599885,1.7763568394002505e-15,2.415,0.9015125997241402,0.0
trust-aware,scale,fashion_mnist,42,500,0,1.1,2.0,0.05,iid,1.0,500,142,7.031502264023105,0.7977277795076371,0.601614498257637,nan,0.0238413910635493,0.0,1000.0,0.0,nan,0,1,0,177,0.276030916381966,0.0,0.045454545454545456,0.0,0.02940330779854805,0.0,7.031502264023104,0.0,0.5013029250231656,0.0,7.031502264023104,8.881784197001252e-16,2.43,0.9011059860863371,0.0
trust-aware,scale,fashion_mnist,42,500,0,1.1,2.0,0.05,iid,1.0,500,143,7.109357160459109,0.797699777841568,0.6019906630516052,nan,0.023570897290483117,0.0,1000.0,nan,nan,0,0,0,230,0.28888291493058205,0.0,0.0,0.0,0.03085340012904859,0.0,7.109357160459111,0.0,0.47307830676436424,0.0,7.109357160459111,1.7763568394002505e-15,2.445,0.9005290672645873,0.0
trust-aware,scale,fashion_mnist,42,500,0,1.1,2.0,0.05,iid,1.0,500,144,7.188733361329623,0.7976039788722992,0.6027349427938461,nan,0.023391696624457836,0.0,1000.0,nan,nan,0,0,0,218,0.3316541922589143,0.0,0.0,0.0,0.03212476957867353,0.0,7.188733361329624,0.0,0.4899078880747159,0.0,7.188733361329624,8.881784197001252e-16,2.4599999999999995,0.9000133751851995,0.0
trust-aware,scale,fashion_mnist,42,500,0,1.1,2.0,0.05,iid,1.0,500,145,7.269669957295138,0.7976377795934677,0.60333322930336,nan,0.023527625682098523,0.0,1000.0,0.0,nan,0,1,0,297,0.2621787541678974,0.0,0.03571428571428571,0.0,0.029821982725633973,0.0,7.269669957295138,0.0,0.43518405088356565,0.0,7.269669957295138,0.0,2.475,0.8993538773230552,0.0
trust-aware,scale,fashion_mnist,42,500,0,1.1,2.0,0.05,iid,1.0,500,146,7.352207370071938,0.7976873794794083,0.603663345336914,nan,0.021997281957579697,0.0,1000.0,nan,nan,0,0,0,218,0.27961108088493347,0.0,0.0,0.0,0.02953247499211411,0.0,7.352207370071938,0.0,0.4776296369407488,0.0,7.352207370071938,0.0,2.49,0.8988388251038905,0.0
trust-aware,scale,fashion_mnist,42,500,0,1.1,2.0,0.05,iid,1.0,500,147,7.436387402381476,0.7978029799461365,0.6038821994066238,nan,0.022451476752758028,0.0,1000.0,0.0,nan,0,6,0,474,0.25457678990704674,0.0,0.17142857142857143,0.0,0.030110252132952812,0.0,7.4363874023814756,0.0,0.37771866236414225,0.0,7.4363874023814756,8.881784197001252e-16,2.5050000000000003,0.8976507568483358,0.0
trust-aware,scale,fashion_mnist,42,500,0,1.1,2.0,0.05,iid,1.0,500,148,7.522253289750495,0.7976275796890259,0.6047354420423507,nan,0.02366688788275827,0.0,1000.0,0.0,nan,0,1,0,161,0.3082733079791069,0.0,0.045454545454545456,0.0,0.03150584382516818,0.0,7.522253289750496,0.0,0.5475874258713289,0.0,7.522253289750496,8.881784197001252e-16,2.52,0.8973091632885598,0.0
trust-aware,scale,fashion_mnist,42,500,0,1.1,2.0,0.05,iid,1.0,500,149,7.609849754221228,0.797787980914116,0.6052108513116836,nan,0.022335649534527744,0.0,1000.0,0.0,nan,0,1,0,299,0.2629404733223574,0.0,0.03571428571428571,0.0,0.02908287372248478,0.0,7.609849754221229,0.0,0.4259707172002111,0.0,7.609849754221229,8.881784197001252e-16,2.5349999999999997,0.8966071184315633,0.0
